customer_id,customer_fname,customer_segment,customer_city,customer_state,customer_country
20755,Cally,Consumer,Caguas,PR,Puerto Rico
19492,Irene,Consumer,Caguas,PR,Puerto Rico
19491,Gillian,Consumer,San Jose,CA,EE. UU.
19490,Tana,Home Office,Los Angeles,CA,EE. UU.
19489,Orli,Corporate,Caguas,PR,Puerto Rico
19488,Kimberly,Consumer,Tonawanda,NY,EE. UU.
19487,Constance,Home Office,Caguas,PR,Puerto Rico
19486,Erica,Corporate,Miami,FL,EE. UU.
19485,Nichole,Corporate,Caguas,PR,Puerto Rico
19484,Oprah,Corporate,San Ramon,CA,EE. UU.
19483,Germane,Corporate,Caguas,PR,Puerto Rico
19482,Freya,Consumer,Freeport,NY,EE. UU.
19481,Cassandra,Corporate,Salinas,CA,EE. UU.
19480,Natalie,Corporate,Caguas,PR,Puerto Rico
19479,Kimberley,Corporate,Peabody,MA,EE. UU.
19478,Sade,Corporate,Caguas,PR,Puerto Rico
19477,Brynne,Corporate,Canovanas,PR,Puerto Rico
19476,Ciara,Corporate,Paramount,CA,EE. UU.
19475,Bo,Consumer,Caguas,PR,Puerto Rico
19474,Kim,Consumer,Mount Prospect,IL,EE. UU.
19473,Kellie,Corporate,Long Beach,CA,EE. UU.
19472,Alma,Corporate,Caguas,PR,Puerto Rico
19471,Yeo,Corporate,Rancho Cordova,CA,EE. UU.
19470,Lucy,Corporate,Caguas,PR,Puerto Rico
19469,Simone,Corporate,Billings,MT,EE. UU.
19468,Roary,Corporate,Caguas,PR,Puerto Rico
19467,Quail,Consumer,Wilkes Barre,PA,EE. UU.
19466,Hannah,Corporate,Caguas,PR,Puerto Rico
19465,Evelyn,Corporate,Roseville,MI,EE. UU.
19464,Jael,Consumer,Bellflower,CA,EE. UU.
19463,Teagan,Consumer,Caguas,PR,Puerto Rico
19462,Joan,Consumer,Wheaton,IL,EE. UU.
19461,Basia,Consumer,Caguas,PR,Puerto Rico
19460,Dominique,Consumer,Detroit,MI,EE. UU.
19459,Ainsley,Consumer,Dallas,TX,EE. UU.
19458,Aurora,Corporate,Caguas,PR,Puerto Rico
19457,Libby,Corporate,Carlisle,PA,EE. UU.
19456,Amy,Corporate,Dallas,TX,EE. UU.
19455,Ivory,Consumer,Caguas,PR,Puerto Rico
19454,Karina,Consumer,Newark,DE,EE. UU.
19453,Deanna,Consumer,Panorama City,CA,EE. UU.
19452,Dacey,Home Office,Caguas,PR,Puerto Rico
19451,Adele,Home Office,Atlanta,GA,EE. UU.
19450,Sybill,Home Office,Caguas,PR,Puerto Rico
19449,Kay,Consumer,Fremont,CA,EE. UU.
19448,Stacy,Corporate,Caguas,PR,Puerto Rico
19447,Marah,Corporate,Rochester,NY,EE. UU.
19446,Taylor,Corporate,Dallas,TX,EE. UU.
9083,Mary,Home Office,Bayamon,PR,Puerto Rico
4741,Mary,Home Office,Caguas,PR,Puerto Rico
639,Elizabeth,Home Office,Caguas,PR,Puerto Rico
9702,Katherine,Home Office,Caguas,PR,Puerto Rico
9114,Mary,Home Office,Caguas,PR,Puerto Rico
1362,Dennis,Home Office,Caguas,PR,Puerto Rico
8011,Mary,Home Office,Caguas,PR,Puerto Rico
3296,Mary,Home Office,Caguas,PR,Puerto Rico
3182,Frances,Home Office,Caguas,PR,Puerto Rico
7864,Alice,Home Office,Caguas,PR,Puerto Rico
11169,Kyle,Home Office,Caguas,PR,Puerto Rico
5197,Brenda,Home Office,Caguas,PR,Puerto Rico
1535,Frank,Home Office,Caguas,PR,Puerto Rico
6122,Johnny,Home Office,Caguas,PR,Puerto Rico
9451,Mary,Home Office,Caguas,PR,Puerto Rico
542,Mary,Home Office,Caguas,PR,Puerto Rico
11329,Hannah,Home Office,Caguas,PR,Puerto Rico
3570,Mary,Home Office,Caguas,PR,Puerto Rico
650,Austin,Home Office,Caguas,PR,Puerto Rico
9353,Michael,Home Office,Caguas,PR,Puerto Rico
54,Mary,Home Office,Caguas,PR,Puerto Rico
12151,Vincent,Home Office,Caguas,PR,Puerto Rico
10018,Gregory,Home Office,Caguas,PR,Puerto Rico
4936,Kyle,Home Office,Caguas,PR,Puerto Rico
8707,Lisa,Home Office,Caguas,PR,Puerto Rico
1025,Megan,Home Office,Caguas,PR,Puerto Rico
8831,Mary,Home Office,Caguas,PR,Puerto Rico
10679,Mary,Home Office,Caguas,PR,Puerto Rico
5007,Mary,Home Office,Caguas,PR,Puerto Rico
9854,Mary,Home Office,Caguas,PR,Puerto Rico
376,Grace,Home Office,Caguas,PR,Puerto Rico
5417,Dennis,Home Office,Caguas,PR,Puerto Rico
10759,Douglas,Home Office,Caguas,PR,Puerto Rico
8541,Mary,Home Office,Caguas,PR,Puerto Rico
3752,Mary,Home Office,Caguas,PR,Puerto Rico
4673,Wayne,Home Office,Caguas,PR,Puerto Rico
5367,Mary,Home Office,Caguas,PR,Puerto Rico
10485,Mary,Home Office,Caguas,PR,Puerto Rico
9272,Ronald,Home Office,Caguas,PR,Puerto Rico
647,Mary,Consumer,Caguas,PR,Puerto Rico
6398,Tammy,Consumer,Caguas,PR,Puerto Rico
4209,Mary,Consumer,Caguas,PR,Puerto Rico
8917,Mary,Consumer,Caguas,PR,Puerto Rico
7784,Mary,Consumer,Caguas,PR,Puerto Rico
1425,Christina,Consumer,Caguas,PR,Puerto Rico
2737,Mary,Consumer,Caguas,PR,Puerto Rico
6428,Mary,Consumer,Caguas,PR,Puerto Rico
6543,Alexander,Consumer,Caguas,PR,Puerto Rico
3990,Sandra,Consumer,Guayama,PR,Puerto Rico
8524,Ruth,Consumer,Caguas,PR,Puerto Rico
9204,Mary,Consumer,Caguas,PR,Puerto Rico
11761,Lauren,Consumer,Caguas,PR,Puerto Rico
9554,Mary,Consumer,Caguas,PR,Puerto Rico
5118,Mary,Consumer,Caguas,PR,Puerto Rico
5506,Gregory,Consumer,Caguas,PR,Puerto Rico
1423,Mary,Consumer,Caguas,PR,Puerto Rico
138,Mary,Consumer,Caguas,PR,Puerto Rico
6360,Mary,Consumer,Caguas,PR,Puerto Rico
2053,Ronald,Consumer,Caguas,PR,Puerto Rico
10344,Mary,Consumer,Juana Diaz,PR,Puerto Rico
3375,Mary,Consumer,Caguas,PR,Puerto Rico
1339,Melissa,Consumer,Caguas,PR,Puerto Rico
7247,Mary,Consumer,Caguas,PR,Puerto Rico
1273,Maria,Consumer,Caguas,PR,Puerto Rico
6277,Eugene,Consumer,Caguas,PR,Puerto Rico
7701,James,Consumer,Caguas,PR,Puerto Rico
4126,John,Consumer,Caguas,PR,Puerto Rico
9528,Mary,Consumer,Caguas,PR,Puerto Rico
1853,Mary,Consumer,Caguas,PR,Puerto Rico
11149,Roy,Consumer,Caguas,PR,Puerto Rico
5828,Katherine,Consumer,Caguas,PR,Puerto Rico
6887,Mary,Consumer,Caguas,PR,Puerto Rico
4781,Janet,Consumer,Caguas,PR,Puerto Rico
10668,Mary,Consumer,Caguas,PR,Puerto Rico
5421,Mary,Consumer,Caguas,PR,Puerto Rico
10200,Nicole,Consumer,Caguas,PR,Puerto Rico
11254,Sharon,Consumer,Caguas,PR,Puerto Rico
11106,Mary,Consumer,Caguas,PR,Puerto Rico
8456,Mary,Consumer,Caguas,PR,Puerto Rico
6149,Matthew,Consumer,Caguas,PR,Puerto Rico
1473,Anthony,Consumer,Caguas,PR,Puerto Rico
1840,Jerry,Consumer,Caguas,PR,Puerto Rico
6757,Mary,Consumer,Caguas,PR,Puerto Rico
3972,Laura,Consumer,Caguas,PR,Puerto Rico
9316,Megan,Consumer,Caguas,PR,Puerto Rico
11213,Mary,Consumer,Caguas,PR,Puerto Rico
3474,Jack,Consumer,Caguas,PR,Puerto Rico
14630,Kirestin,Consumer,Caguas,PR,Puerto Rico
13256,Nora,Consumer,Caguas,PR,Puerto Rico
14665,Jennifer,Consumer,Caguas,PR,Puerto Rico
13363,Madonna,Consumer,Caguas,PR,Puerto Rico
14645,Noelani,Consumer,Caguas,PR,Puerto Rico
13163,Sydnee,Consumer,Caguas,PR,Puerto Rico
14553,Willa,Consumer,Caguas,PR,Puerto Rico
14287,Alma,Consumer,Caguas,PR,Puerto Rico
13179,Ila,Consumer,Caguas,PR,Puerto Rico
13035,Belle,Consumer,Caguas,PR,Puerto Rico
14322,Alyssa,Consumer,Caguas,PR,Puerto Rico
13196,Lani,Consumer,Caguas,PR,Puerto Rico
14604,Demetria,Consumer,Caguas,PR,Puerto Rico
12961,Joan,Consumer,Caguas,PR,Puerto Rico
14676,Gay,Consumer,Caguas,PR,Puerto Rico
14087,Audrey,Consumer,Caguas,PR,Puerto Rico
13194,Riley,Consumer,Caguas,PR,Puerto Rico
14513,Imani,Consumer,Caguas,PR,Puerto Rico
13461,Mechelle,Consumer,Caguas,PR,Puerto Rico
14510,Imani,Consumer,Caguas,PR,Puerto Rico
13190,Whitney,Consumer,Caguas,PR,Puerto Rico
14508,Roanna,Consumer,Caguas,PR,Puerto Rico
14472,Vivian,Consumer,Caguas,PR,Puerto Rico
14562,Xantha,Consumer,Caguas,PR,Puerto Rico
13206,Zia,Consumer,Caguas,PR,Puerto Rico
13080,Mara,Consumer,Caguas,PR,Puerto Rico
14633,Sloane,Consumer,Caguas,PR,Puerto Rico
14097,Winifred,Consumer,Caguas,PR,Puerto Rico
13024,Giselle,Consumer,Caguas,PR,Puerto Rico
778,John,Consumer,Caguas,PR,Puerto Rico
7146,Nancy,Consumer,Caguas,PR,Puerto Rico
6365,Mary,Consumer,Caguas,PR,Puerto Rico
8422,Wayne,Consumer,Caguas,PR,Puerto Rico
3784,Mary,Consumer,Caguas,PR,Puerto Rico
10519,Mary,Consumer,Caguas,PR,Puerto Rico
7132,David,Consumer,Caguas,PR,Puerto Rico
3709,Mary,Consumer,Caguas,PR,Puerto Rico
1509,Patricia,Consumer,Freeport,NY,EE. UU.
1636,Julie,Consumer,Fort Washington,MD,EE. UU.
2784,Lisa,Consumer,Bakersfield,CA,EE. UU.
9174,Tyler,Consumer,Corona,NY,EE. UU.
122,Karen,Consumer,Cincinnati,OH,EE. UU.
3800,Shawn,Consumer,Germantown,MD,EE. UU.
10029,Mary,Consumer,Carrollton,TX,EE. UU.
2805,Willie,Consumer,Houston,TX,EE. UU.
12253,Mary,Consumer,Carlisle,PA,EE. UU.
3528,Nicole,Consumer,Los Angeles,CA,EE. UU.
11018,Bruce,Consumer,Ewa Beach,HI,EE. UU.
3222,Mary,Consumer,Lakewood,NJ,EE. UU.
6246,Melissa,Consumer,Rome,NY,EE. UU.
8741,Gregory,Consumer,Vista,CA,EE. UU.
8050,Elizabeth,Consumer,Fort Worth,TX,EE. UU.
5474,Mary,Consumer,Fond Du Lac,WI,EE. UU.
474,Mary,Consumer,Philadelphia,PA,EE. UU.
12255,Mary,Consumer,Ontario,CA,EE. UU.
10288,Mark,Consumer,Oviedo,FL,EE. UU.
4717,Mary,Consumer,Buffalo,NY,EE. UU.
4799,Paul,Consumer,Honolulu,HI,EE. UU.
4533,Walter,Consumer,Oceanside,CA,EE. UU.
12383,Joyce,Consumer,North Tonawanda,NY,EE. UU.
3518,Daniel,Consumer,Clovis,CA,EE. UU.
4674,Mary,Consumer,Jamaica,NY,EE. UU.
8519,Pamela,Consumer,Granite City,IL,EE. UU.
5302,Betty,Consumer,Medford,MA,EE. UU.
3594,Mary,Consumer,Pomona,CA,EE. UU.
9890,Christian,Consumer,Tempe,AZ,EE. UU.
1410,Mary,Consumer,Santa Ana,CA,EE. UU.
7521,Mary,Consumer,York,PA,EE. UU.
2106,Mary,Consumer,Aurora,CO,EE. UU.
8144,Mary,Consumer,Simi Valley,CA,EE. UU.
5643,Tiffany,Consumer,Silver Spring,MD,EE. UU.
2041,Paul,Consumer,Saint Paul,MN,EE. UU.
7537,Stephen,Consumer,San Antonio,TX,EE. UU.
3056,George,Consumer,Philadelphia,PA,EE. UU.
7967,Samuel,Consumer,Philadelphia,PA,EE. UU.
1758,Larry,Consumer,Bronx,NY,EE. UU.
7884,Peter,Corporate,Greenville,NC,EE. UU.
289,Diana,Corporate,Morristown,NJ,EE. UU.
10081,Mary,Corporate,San Diego,CA,EE. UU.
1169,Mary,Corporate,Oxnard,CA,EE. UU.
1182,Mary,Corporate,Miami,FL,EE. UU.
717,Mary,Corporate,Albuquerque,NM,EE. UU.
20423,Ainsley,Corporate,Amarillo,TX,EE. UU.
5801,Theresa,Corporate,Lutz,FL,EE. UU.
702,Cynthia,Corporate,Bend,OR,EE. UU.
6951,Mary,Corporate,East Brunswick,NJ,EE. UU.
6780,Sean,Corporate,Lancaster,SC,EE. UU.
6422,Jonathan,Corporate,Ontario,CA,EE. UU.
5384,Christopher,Corporate,Houston,TX,EE. UU.
2985,Donald,Corporate,Hampton,VA,EE. UU.
18349,Rana,Corporate,New York,NY,EE. UU.
11286,Mary,Corporate,Porterville,CA,EE. UU.
489,William,Corporate,Portland,OR,EE. UU.
4510,Rachel,Corporate,Strongsville,OH,EE. UU.
9626,Dorothy,Corporate,El Paso,TX,EE. UU.
9494,Robert,Corporate,Del Rio,TX,EE. UU.
1718,Mary,Corporate,Buffalo,NY,EE. UU.
5295,Mary,Corporate,Bountiful,UT,EE. UU.
3984,Brenda,Corporate,Kent,WA,EE. UU.
5270,Andrea,Corporate,Chicago,IL,EE. UU.
10966,Martha,Corporate,Plymouth,MA,EE. UU.
1868,Mary,Corporate,Far Rockaway,NY,EE. UU.
17446,Freya,Corporate,Houston,TX,EE. UU.
10071,Mary,Corporate,Philadelphia,PA,EE. UU.
1271,Carolyn,Corporate,Simi Valley,CA,EE. UU.
11930,Mary,Corporate,Detroit,MI,EE. UU.
20529,Lynn,Corporate,Garden Grove,CA,EE. UU.
8358,Mary,Corporate,San Diego,CA,EE. UU.
7705,Julia,Corporate,Chicago,IL,EE. UU.
17392,Patience,Corporate,Placentia,CA,EE. UU.
18276,Cheryl,Corporate,San Jose,CA,EE. UU.
7795,Sandra,Corporate,Honolulu,HI,EE. UU.
20655,Whitney,Corporate,Mentor,OH,EE. UU.
2454,Kyle,Corporate,Santa Clara,CA,EE. UU.
150,Mary,Corporate,Union,NJ,EE. UU.
10671,Timothy,Corporate,Long Beach,CA,EE. UU.
11924,Mary,Corporate,Westminster,CA,EE. UU.
16086,Aimee,Corporate,Pompano Beach,FL,EE. UU.
4398,Mary,Consumer,Azusa,CA,EE. UU.
5687,Mary,Consumer,Fort Lauderdale,FL,EE. UU.
8534,Mary,Consumer,San Antonio,TX,EE. UU.
3372,Virginia,Consumer,Princeton,NJ,EE. UU.
10927,Jessica,Consumer,Perth Amboy,NJ,EE. UU.
3597,Margaret,Consumer,Miami,FL,EE. UU.
2052,Mary,Consumer,Loveland,OH,EE. UU.
4399,Richard,Consumer,Virginia Beach,VA,EE. UU.
185,Deborah,Consumer,Louisville,KY,EE. UU.
3441,Emma,Consumer,Lockport,NY,EE. UU.
11947,Mary,Consumer,Chicago,IL,EE. UU.
1555,Adam,Consumer,Staten Island,NY,EE. UU.
9399,Mary,Consumer,Tucson,AZ,EE. UU.
2792,Roy,Consumer,Plymouth,MA,EE. UU.
10118,Mary,Consumer,Cleveland,OH,EE. UU.
8544,Sarah,Consumer,Bronx,NY,EE. UU.
4296,Edward,Consumer,Webster,NY,EE. UU.
4391,Harry,Consumer,Stockton,CA,EE. UU.
2882,Mary,Consumer,Amarillo,TX,EE. UU.
3283,Charles,Consumer,Martinsburg,WV,EE. UU.
397,Mary,Consumer,Cumberland,MD,EE. UU.
4104,Debra,Consumer,Pekin,IL,EE. UU.
12214,Jennifer,Consumer,Tallahassee,FL,EE. UU.
10699,Mary,Consumer,Jacksonville,FL,EE. UU.
2091,Doris,Consumer,Woonsocket,RI,EE. UU.
10474,Benjamin,Consumer,Stockton,CA,EE. UU.
7504,Stephanie,Consumer,Lithonia,GA,EE. UU.
7518,Mary,Consumer,Oak Lawn,IL,EE. UU.
1738,Nicholas,Consumer,Detroit,MI,EE. UU.
1622,Mary,Consumer,Alhambra,CA,EE. UU.
1325,Gregory,Consumer,New Haven,CT,EE. UU.
5505,Joseph,Consumer,North Tonawanda,NY,EE. UU.
4210,Matthew,Consumer,Phoenix,AZ,EE. UU.
11229,Diane,Consumer,Kenner,LA,EE. UU.
9385,Andrew,Consumer,Washington,PA,EE. UU.
900,George,Consumer,Holland,MI,EE. UU.
6217,Roger,Consumer,Morrisville,PA,EE. UU.
9466,Mary,Consumer,Memphis,TN,EE. UU.
4596,Mary,Consumer,Federal Way,WA,EE. UU.
5206,Mary,Consumer,San Diego,CA,EE. UU.
2823,Danielle,Consumer,Chicago,IL,EE. UU.
10408,Sandra,Consumer,Los Angeles,CA,EE. UU.
11011,Mary,Consumer,Bronx,NY,EE. UU.
40,Mary,Consumer,Long Beach,CA,EE. UU.
11636,Patrick,Consumer,Chicago,IL,EE. UU.
7454,Andrew,Corporate,West Covina,CA,EE. UU.
5138,William,Corporate,Ventura,CA,EE. UU.
8696,Mary,Corporate,Washington,DC,EE. UU.
2329,Mary,Corporate,Valrico,FL,EE. UU.
12431,Mary,Corporate,Kaneohe,HI,EE. UU.
10860,Mary,Corporate,Ventura,CA,EE. UU.
12094,Mary,Corporate,Brooklyn,NY,EE. UU.
5088,Mary,Corporate,Oceanside,CA,EE. UU.
2200,Evelyn,Corporate,Fort Worth,TX,EE. UU.
3997,Margaret,Corporate,Brooklyn,NY,EE. UU.
8746,Charles,Corporate,Cleveland,OH,EE. UU.
3687,Mary,Corporate,Philadelphia,PA,EE. UU.
9162,Christina,Corporate,Lodi,CA,EE. UU.
8993,Mary,Corporate,Bakersfield,CA,EE. UU.
5875,Mary,Corporate,Philadelphia,PA,EE. UU.
2502,Mary,Corporate,Long Beach,CA,EE. UU.
9563,Pamela,Corporate,San Jose,CA,EE. UU.
7259,Jerry,Corporate,Murfreesboro,TN,EE. UU.
3131,Mary,Corporate,Carlsbad,CA,EE. UU.
4140,Brandon,Corporate,Hamilton,OH,EE. UU.
4539,Jacqueline,Corporate,Houston,TX,EE. UU.
6071,Mary,Corporate,New York,NY,EE. UU.
8730,Mary,Corporate,Hayward,CA,EE. UU.
9634,Mary,Corporate,Bridgeton,NJ,EE. UU.
8010,Kathy,Corporate,Martinsburg,WV,EE. UU.
3484,Rebecca,Corporate,Bay Shore,NY,EE. UU.
7307,Brandon,Corporate,Palatine,IL,EE. UU.
1975,Mary,Corporate,Smyrna,GA,EE. UU.
629,Matthew,Corporate,Van Nuys,CA,EE. UU.
11753,Richard,Corporate,Opa Locka,FL,EE. UU.
5375,Jeremy,Corporate,Los Angeles,CA,EE. UU.
1695,Amanda,Corporate,Saint Paul,MN,EE. UU.
9884,Maria,Corporate,Edison,NJ,EE. UU.
8498,Joseph,Corporate,Baytown,TX,EE. UU.
7534,Mary,Corporate,Sylmar,CA,EE. UU.
123,Mary,Corporate,Bend,OR,EE. UU.
8925,Mary,Corporate,Opa Locka,FL,EE. UU.
5981,Ronald,Corporate,Burnsville,MN,EE. UU.
7347,Carolyn,Corporate,Huntington Station,NY,EE. UU.
19445,Felicia,Corporate,Caguas,PR,Puerto Rico
19444,Wanda,Corporate,Sunnyvale,CA,EE. UU.
19443,Hayfa,Corporate,Sugar Land,TX,EE. UU.
19442,Lavinia,Corporate,Caguas,PR,Puerto Rico
19441,Yetta,Corporate,Brighton,MA,EE. UU.
19440,Jennifer,Corporate,Caguas,PR,Puerto Rico
19439,Mara,Corporate,Garden Grove,CA,EE. UU.
19438,Cleo,Home Office,Caguas,PR,Puerto Rico
19437,Cally,Corporate,Bismarck,ND,EE. UU.
19436,Wynter,Home Office,Caguas,PR,Puerto Rico
19435,Hyacinth,Consumer,Gaithersburg,MD,EE. UU.
19434,Emma,Corporate,Caguas,PR,Puerto Rico
19433,Xerxes,Corporate,Bismarck,ND,EE. UU.
19432,Noel,Corporate,Honolulu,HI,EE. UU.
19431,Maryam,Corporate,Lilburn,GA,EE. UU.
19430,Naida,Corporate,Caguas,PR,Puerto Rico
19429,Lana,Consumer,Virginia Beach,VA,EE. UU.
19428,Patience,Consumer,Azusa,CA,EE. UU.
19427,Rylee,Corporate,Long Beach,CA,EE. UU.
19426,Dakota,Consumer,Bronx,NY,EE. UU.
19425,Fallon,Consumer,Caguas,PR,Puerto Rico
19424,Kylynn,Consumer,Provo,UT,EE. UU.
19423,Inez,Consumer,Columbia,TN,EE. UU.
19422,Carolyn,Consumer,Caguas,PR,Puerto Rico
19421,Miriam,Consumer,Stockton,CA,EE. UU.
19420,Danielle,Home Office,Marietta,GA,EE. UU.
19419,Chloe,Home Office,Caguas,PR,Puerto Rico
19418,Beverly,Consumer,Holland,MI,EE. UU.
19417,Gillian,Home Office,Rio Grande,PR,Puerto Rico
19416,Madeline,Home Office,Brooklyn,NY,EE. UU.
19415,Yoshi,Consumer,Caguas,PR,Puerto Rico
19414,Hadley,Corporate,Denver,CO,EE. UU.
19413,Renee,Corporate,Taylor,MI,EE. UU.
19412,Iola,Corporate,Caguas,PR,Puerto Rico
19411,Tamekah,Corporate,Chicago,IL,EE. UU.
19410,Cherokee,Corporate,Caguas,PR,Puerto Rico
19409,Odessa,Corporate,Detroit,MI,EE. UU.
19408,Rose,Consumer,Caguas,PR,Puerto Rico
19407,Linda,Consumer,Murfreesboro,TN,EE. UU.
19406,May,Consumer,Caguas,PR,Puerto Rico
19405,Lilah,Corporate,Cleveland,OH,EE. UU.
19404,Tana,Consumer,Caguas,PR,Puerto Rico
19403,Emi,Corporate,Lockport,NY,EE. UU.
19402,Cynthia,Corporate,Caguas,PR,Puerto Rico
19401,Myra,Corporate,Saint Charles,MO,EE. UU.
19400,Medge,Corporate,Los Angeles,CA,EE. UU.
19399,Chloe,Home Office,Cupertino,CA,EE. UU.
19398,Beatrice,Home Office,Caguas,PR,Puerto Rico
19397,Ria,Home Office,Springfield,MO,EE. UU.
19396,Charity,Home Office,Caguas,PR,Puerto Rico
19395,Nell,Home Office,Mission Viejo,CA,EE. UU.
19394,Tamara,Home Office,Los Angeles,CA,EE. UU.
19393,Phyllis,Home Office,Caguas,PR,Puerto Rico
19392,Nelle,Home Office,Roswell,GA,EE. UU.
19391,Aimee,Corporate,Caguas,PR,Puerto Rico
19390,Blossom,Home Office,Ypsilanti,MI,EE. UU.
19389,Breanna,Corporate,Brooklyn,NY,EE. UU.
19388,Katelyn,Corporate,Caguas,PR,Puerto Rico
19387,Karly,Corporate,Peoria,AZ,EE. UU.
19386,Olga,Corporate,Caguas,PR,Puerto Rico
19385,Brenna,Corporate,Garden Grove,CA,EE. UU.
19384,Tatyana,Home Office,Caguas,PR,Puerto Rico
19383,Ifeoma,Corporate,Clementon,NJ,EE. UU.
19382,Kitra,Corporate,Memphis,TN,EE. UU.
19381,Summer,Consumer,Antioch,TN,EE. UU.
19380,Sopoline,Consumer,Caguas,PR,Puerto Rico
19379,Emma,Home Office,Salt Lake City,UT,EE. UU.
19378,Eliana,Consumer,Caguas,PR,Puerto Rico
19377,Denise,Consumer,Bakersfield,CA,EE. UU.
19376,Hermione,Corporate,Caguas,PR,Puerto Rico
19375,Lara,Consumer,Granada Hills,CA,EE. UU.
19374,Hedy,Consumer,Caguas,PR,Puerto Rico
19373,Violet,Home Office,Tallahassee,FL,EE. UU.
19372,Taylor,Home Office,Caguas,PR,Puerto Rico
19371,Clare,Home Office,Hempstead,NY,EE. UU.
19370,Xerxes,Corporate,Caguas,PR,Puerto Rico
19369,Rhonda,Corporate,Astoria,NY,EE. UU.
19368,Morgan,Consumer,Gilroy,CA,EE. UU.
19367,Illiana,Consumer,Caguas,PR,Puerto Rico
19366,Joan,Consumer,Azusa,CA,EE. UU.
19365,Amity,Consumer,Caguas,PR,Puerto Rico
19364,Jayme,Consumer,Lenoir,NC,EE. UU.
19363,Geraldine,Consumer,Columbus,OH,EE. UU.
19362,Anika,Consumer,Albany,OR,EE. UU.
19361,Dana,Consumer,Humacao,PR,Puerto Rico
19360,Blossom,Corporate,Caguas,PR,Puerto Rico
19359,Sybil,Corporate,Lindenhurst,NY,EE. UU.
19358,Genevieve,Corporate,Elyria,OH,EE. UU.
19357,Tara,Corporate,Caguas,PR,Puerto Rico
19356,Emma,Consumer,Riverside,CA,EE. UU.
19355,Geraldine,Corporate,Caguas,PR,Puerto Rico
19354,Lilah,Home Office,Carson,CA,EE. UU.
19353,Ella,Consumer,Mesa,AZ,EE. UU.
19352,Lilah,Home Office,Caguas,PR,Puerto Rico
19351,Alyssa,Home Office,Honolulu,HI,EE. UU.
19350,Heather,Consumer,Caguas,PR,Puerto Rico
12069,Brittany,Home Office,Caguas,PR,Puerto Rico
9597,Lori,Home Office,Caguas,PR,Puerto Rico
9467,Billy,Home Office,Caguas,PR,Puerto Rico
2546,Mary,Home Office,Caguas,PR,Puerto Rico
2240,Edward,Home Office,Caguas,PR,Puerto Rico
11650,Mary,Home Office,Caguas,PR,Puerto Rico
10368,Matthew,Home Office,Caguas,PR,Puerto Rico
6489,Maria,Home Office,Caguas,PR,Puerto Rico
10533,Michael,Home Office,Caguas,PR,Puerto Rico
11292,William,Home Office,Caguas,PR,Puerto Rico
47,Lori,Home Office,Caguas,PR,Puerto Rico
6405,Mary,Home Office,Caguas,PR,Puerto Rico
2426,Mary,Home Office,Caguas,PR,Puerto Rico
8133,Benjamin,Home Office,Caguas,PR,Puerto Rico
1429,Pamela,Home Office,Caguas,PR,Puerto Rico
9120,Terry,Home Office,Caguas,PR,Puerto Rico
12221,Betty,Home Office,Caguas,PR,Puerto Rico
9415,Mary,Home Office,Caguas,PR,Puerto Rico
724,Lawrence,Home Office,Caguas,PR,Puerto Rico
8897,Stephen,Home Office,Caguas,PR,Puerto Rico
7112,Mark,Home Office,Caguas,PR,Puerto Rico
1086,Mary,Home Office,Caguas,PR,Puerto Rico
2916,Cynthia,Home Office,Caguas,PR,Puerto Rico
11339,Mary,Home Office,Caguas,PR,Puerto Rico
10166,Aaron,Home Office,Caguas,PR,Puerto Rico
3091,Carolyn,Home Office,Caguas,PR,Puerto Rico
1070,Shawn,Home Office,Caguas,PR,Puerto Rico
6871,Gregory,Home Office,Caguas,PR,Puerto Rico
2339,Mary,Home Office,Caguas,PR,Puerto Rico
4232,Mary,Home Office,Caguas,PR,Puerto Rico
8986,Mary,Home Office,Caguas,PR,Puerto Rico
6491,Bruce,Home Office,Caguas,PR,Puerto Rico
5564,Mary,Home Office,Caguas,PR,Puerto Rico
7955,Mary,Home Office,Caguas,PR,Puerto Rico
5728,Sarah,Home Office,Caguas,PR,Puerto Rico
9704,Mary,Home Office,Caguas,PR,Puerto Rico
8485,Mary,Home Office,Caguas,PR,Puerto Rico
11216,Mary,Home Office,Caguas,PR,Puerto Rico
12160,Martha,Home Office,Caguas,PR,Puerto Rico
6352,Madison,Home Office,Caguas,PR,Puerto Rico
5870,John,Home Office,Caguas,PR,Puerto Rico
11776,Mary,Home Office,Caguas,PR,Puerto Rico
7060,Virginia,Home Office,Caguas,PR,Puerto Rico
3466,Evelyn,Home Office,Caguas,PR,Puerto Rico
1834,Jane,Home Office,Caguas,PR,Puerto Rico
2439,Mary,Home Office,Caguas,PR,Puerto Rico
6416,Mary,Home Office,Caguas,PR,Puerto Rico
6310,Jerry,Home Office,Caguas,PR,Puerto Rico
9029,Mary,Home Office,Caguas,PR,Puerto Rico
295,Julie,Home Office,Caguas,PR,Puerto Rico
9011,Mary,Home Office,Caguas,PR,Puerto Rico
1577,Mary,Home Office,Caguas,PR,Puerto Rico
1568,Mary,Home Office,Caguas,PR,Puerto Rico
9047,Jordan,Home Office,Caguas,PR,Puerto Rico
7603,Kevin,Home Office,Caguas,PR,Puerto Rico
6746,Anthony,Home Office,Caguas,PR,Puerto Rico
1566,Mary,Consumer,Caguas,PR,Puerto Rico
2918,Mary,Consumer,Caguas,PR,Puerto Rico
1491,Joyce,Consumer,Caguas,PR,Puerto Rico
14915,Octavia,Consumer,Caguas,PR,Puerto Rico
9619,Mary,Consumer,Caguas,PR,Puerto Rico
2363,Mary,Consumer,Caguas,PR,Puerto Rico
5898,Emily,Consumer,Caguas,PR,Puerto Rico
1948,Peter,Consumer,Caguas,PR,Puerto Rico
1820,Mary,Consumer,Caguas,PR,Puerto Rico
14770,Kelsie,Consumer,Caguas,PR,Puerto Rico
1962,Marie,Consumer,Caguas,PR,Puerto Rico
7175,Judy,Consumer,Caguas,PR,Puerto Rico
1222,Michael,Consumer,Caguas,PR,Puerto Rico
487,Kenneth,Consumer,Caguas,PR,Puerto Rico
2217,Mary,Consumer,Caguas,PR,Puerto Rico
14824,Jaime,Consumer,Caguas,PR,Puerto Rico
2078,Roger,Consumer,San Juan,PR,Puerto Rico
10497,Justin,Consumer,Caguas,PR,Puerto Rico
4695,Hannah,Consumer,Caguas,PR,Puerto Rico
9857,Lawrence,Consumer,Caguas,PR,Puerto Rico
2168,Mary,Consumer,Caguas,PR,Puerto Rico
4078,Mary,Consumer,Caguas,PR,Puerto Rico
11887,Christopher,Consumer,Caguas,PR,Puerto Rico
6588,Mary,Consumer,Caguas,PR,Puerto Rico
7167,Harold,Consumer,Caguas,PR,Puerto Rico
1459,Mary,Consumer,Caguas,PR,Puerto Rico
548,Ryan,Consumer,Caguas,PR,Puerto Rico
5224,Jane,Consumer,Caguas,PR,Puerto Rico
2686,Mary,Consumer,Caguas,PR,Puerto Rico
468,Mary,Consumer,Caguas,PR,Puerto Rico
1260,Kelly,Consumer,Caguas,PR,Puerto Rico
3050,Mary,Consumer,Caguas,PR,Puerto Rico
10308,Mary,Consumer,Caguas,PR,Puerto Rico
387,Mary,Consumer,Caguas,PR,Puerto Rico
2270,Mary,Consumer,Caguas,PR,Puerto Rico
482,Megan,Consumer,Caguas,PR,Puerto Rico
1956,Mary,Consumer,Caguas,PR,Puerto Rico
7466,Mary,Consumer,Caguas,PR,Puerto Rico
8224,Edward,Consumer,Caguas,PR,Puerto Rico
3490,Mary,Consumer,Caguas,PR,Puerto Rico
1596,John,Consumer,Caguas,PR,Puerto Rico
3969,Carl,Consumer,Vega Baja,PR,Puerto Rico
9342,Teresa,Consumer,Caguas,PR,Puerto Rico
2028,Cynthia,Consumer,Caguas,PR,Puerto Rico
3940,Mary,Consumer,Caguas,PR,Puerto Rico
8293,Nathan,Consumer,Caguas,PR,Puerto Rico
9962,Diana,Consumer,Caguas,PR,Puerto Rico
8098,Mary,Consumer,Caguas,PR,Puerto Rico
8348,Mary,Consumer,Caguas,PR,Puerto Rico
653,Jason,Consumer,Caguas,PR,Puerto Rico
8645,Andrew,Consumer,Caguas,PR,Puerto Rico
1275,Amanda,Consumer,Caguas,PR,Puerto Rico
11189,Mary,Consumer,Caguas,PR,Puerto Rico
5988,Melissa,Consumer,Caguas,PR,Puerto Rico
9726,Steven,Consumer,Caguas,PR,Puerto Rico
5113,Judith,Consumer,Caguas,PR,Puerto Rico
7202,Beverly,Consumer,Caguas,PR,Puerto Rico
1173,Mary,Consumer,Caguas,PR,Puerto Rico
13597,Sara,Consumer,Caguas,PR,Puerto Rico
4047,Marilyn,Consumer,Caguas,PR,Puerto Rico
6594,Rebecca,Consumer,Caguas,PR,Puerto Rico
1186,Mary,Consumer,Caguas,PR,Puerto Rico
4279,Jack,Consumer,Caguas,PR,Puerto Rico
4151,Mary,Consumer,Caguas,PR,Puerto Rico
14848,Karina,Consumer,Caguas,PR,Puerto Rico
4697,Kathryn,Consumer,Caguas,PR,Puerto Rico
5887,Mary,Consumer,Caguas,PR,Puerto Rico
3207,Stephen,Consumer,Caguas,PR,Puerto Rico
12310,Ralph,Consumer,Caguas,PR,Puerto Rico
8397,Amber,Consumer,Caguas,PR,Puerto Rico
6306,Donna,Consumer,Caguas,PR,Puerto Rico
8002,Margaret,Consumer,Caguas,PR,Puerto Rico
12382,Jennifer,Consumer,Caguas,PR,Puerto Rico
7844,Scott,Consumer,Mayaguez,PR,Puerto Rico
12291,Jennifer,Consumer,Caguas,PR,Puerto Rico
6523,Mary,Consumer,Caguas,PR,Puerto Rico
4867,Mary,Consumer,Caguas,PR,Puerto Rico
5301,Mary,Consumer,Caguas,PR,Puerto Rico
4784,Mary,Consumer,Caguas,PR,Puerto Rico
7446,Lisa,Consumer,Caguas,PR,Puerto Rico
11455,Mary,Consumer,Caguas,PR,Puerto Rico
5364,Thomas,Consumer,Caguas,PR,Puerto Rico
259,Mary,Consumer,Caguas,PR,Puerto Rico
11290,Catherine,Consumer,Caguas,PR,Puerto Rico
8517,Debra,Consumer,Humacao,PR,Puerto Rico
7407,Diane,Consumer,Caguas,PR,Puerto Rico
5965,Richard,Consumer,Caguas,PR,Puerto Rico
8677,Cynthia,Consumer,Caguas,PR,Puerto Rico
10093,Michael,Consumer,Caguas,PR,Puerto Rico
12119,Barbara,Consumer,Caguas,PR,Puerto Rico
8274,Mary,Consumer,Caguas,PR,Puerto Rico
2291,Mary,Consumer,Caguas,PR,Puerto Rico
11310,Kenneth,Consumer,Caguas,PR,Puerto Rico
155,Brittany,Consumer,Caguas,PR,Puerto Rico
4998,Mary,Consumer,Caguas,PR,Puerto Rico
7720,Lisa,Consumer,Caguas,PR,Puerto Rico
3099,Brittany,Consumer,Caguas,PR,Puerto Rico
5011,William,Consumer,Caguas,PR,Puerto Rico
2643,David,Consumer,Caguas,PR,Puerto Rico
9501,Patricia,Consumer,Caguas,PR,Puerto Rico
9760,Mary,Consumer,Caguas,PR,Puerto Rico
11793,Thomas,Consumer,Caguas,PR,Puerto Rico
7273,Mary,Consumer,Bayamon,PR,Puerto Rico
3329,Joshua,Consumer,Caguas,PR,Puerto Rico
9429,George,Consumer,Caguas,PR,Puerto Rico
437,Cynthia,Consumer,Caguas,PR,Puerto Rico
2538,Kelly,Consumer,Caguas,PR,Puerto Rico
4280,Mary,Consumer,Arecibo,PR,Puerto Rico
2813,Mary,Consumer,Caguas,PR,Puerto Rico
4249,Mary,Consumer,Caguas,PR,Puerto Rico
9697,Stephen,Consumer,Vega Baja,PR,Puerto Rico
27,Mary,Consumer,Caguas,PR,Puerto Rico
5274,Michael,Consumer,Caguas,PR,Puerto Rico
11273,Mary,Consumer,Caguas,PR,Puerto Rico
9495,Nicholas,Consumer,Caguas,PR,Puerto Rico
4841,John,Consumer,Caguas,PR,Puerto Rico
9803,Mary,Consumer,Caguas,PR,Puerto Rico
7391,Mary,Consumer,Caguas,PR,Puerto Rico
11426,Mary,Consumer,Caguas,PR,Puerto Rico
11664,Mary,Consumer,Caguas,PR,Puerto Rico
5339,Mary,Consumer,Caguas,PR,Puerto Rico
3204,Edward,Consumer,Caguas,PR,Puerto Rico
4438,Frank,Consumer,Caguas,PR,Puerto Rico
5243,Mary,Consumer,Caguas,PR,Puerto Rico
5089,James,Consumer,Caguas,PR,Puerto Rico
6073,Mary,Consumer,Caguas,PR,Puerto Rico
8992,Maria,Consumer,Caguas,PR,Puerto Rico
6466,Susan,Consumer,Caguas,PR,Puerto Rico
11438,Mary,Consumer,Caguas,PR,Puerto Rico
9524,Mary,Consumer,Caguas,PR,Puerto Rico
2464,Teresa,Consumer,Caguas,PR,Puerto Rico
3770,Mary,Consumer,San Sebastian,PR,Puerto Rico
1306,Zachary,Consumer,Caguas,PR,Puerto Rico
10811,Joshua,Consumer,Caguas,PR,Puerto Rico
12033,Aaron,Consumer,Caguas,PR,Puerto Rico
9248,Mary,Consumer,Caguas,PR,Puerto Rico
2214,Mary,Consumer,Caguas,PR,Puerto Rico
6738,Mary,Consumer,Caguas,PR,Puerto Rico
5074,Karen,Consumer,Caguas,PR,Puerto Rico
9148,Robert,Consumer,Caguas,PR,Puerto Rico
3497,Mary,Consumer,New York,NY,EE. UU.
10066,Janice,Consumer,Phoenix,AZ,EE. UU.
4248,Jonathan,Consumer,Eugene,OR,EE. UU.
6473,Mary,Consumer,Long Beach,CA,EE. UU.
12288,Karen,Consumer,Algonquin,IL,EE. UU.
7764,Mary,Consumer,Indianapolis,IN,EE. UU.
11720,Mary,Consumer,Los Angeles,CA,EE. UU.
3935,Harold,Consumer,Buena Park,CA,EE. UU.
8792,Mary,Consumer,Hayward,CA,EE. UU.
10416,Mary,Consumer,Catonsville,MD,EE. UU.
424,Stephen,Consumer,Carlisle,PA,EE. UU.
10031,Crystal,Consumer,Staten Island,NY,EE. UU.
10819,Michelle,Consumer,Long Beach,CA,EE. UU.
5418,Mary,Consumer,Marietta,GA,EE. UU.
7272,Benjamin,Consumer,Jersey City,NJ,EE. UU.
5329,Jack,Consumer,Long Beach,CA,EE. UU.
7810,Henry,Consumer,Memphis,TN,EE. UU.
3624,Grace,Consumer,Lutz,FL,EE. UU.
7331,Pamela,Consumer,Lombard,IL,EE. UU.
125,Mary,Consumer,Oxnard,CA,EE. UU.
9419,Mary,Consumer,Brooklyn,NY,EE. UU.
1250,Teresa,Consumer,New Bedford,MA,EE. UU.
7683,Cynthia,Consumer,Newburgh,NY,EE. UU.
2728,Mary,Consumer,Miami,FL,EE. UU.
4612,Mary,Consumer,Lansdale,PA,EE. UU.
12019,Mary,Consumer,Los Angeles,CA,EE. UU.
10549,Mary,Consumer,Baltimore,MD,EE. UU.
4909,Mary,Consumer,Phoenix,AZ,EE. UU.
5854,Mary,Consumer,Fullerton,CA,EE. UU.
3066,Mary,Consumer,Baltimore,MD,EE. UU.
11431,Willie,Consumer,Sacramento,CA,EE. UU.
9906,Richard,Consumer,Chicago,IL,EE. UU.
2048,Mary,Consumer,Greensboro,NC,EE. UU.
3071,Mary,Consumer,San Jose,CA,EE. UU.
11065,Aaron,Consumer,New York,NY,EE. UU.
394,David,Consumer,Lakewood,OH,EE. UU.
5707,Kathy,Consumer,Hamilton,OH,EE. UU.
2682,Cynthia,Consumer,Roseburg,OR,EE. UU.
467,James,Consumer,Modesto,CA,EE. UU.
10577,Jennifer,Consumer,New York,NY,EE. UU.
3471,Mary,Consumer,New Bedford,MA,EE. UU.
3535,Betty,Consumer,Encinitas,CA,EE. UU.
11715,Mary,Consumer,San Jose,CA,EE. UU.
9814,Daniel,Consumer,Rome,NY,EE. UU.
4848,Jennifer,Consumer,Watsonville,CA,EE. UU.
569,Mary,Consumer,Meridian,ID,EE. UU.
5749,Mary,Consumer,Houston,TX,EE. UU.
4460,Mary,Consumer,Los Angeles,CA,EE. UU.
6506,Anna,Consumer,Brooklyn,NY,EE. UU.
6050,Rebecca,Consumer,Endicott,NY,EE. UU.
3246,Lori,Consumer,San Jose,CA,EE. UU.
2364,Thomas,Consumer,Katy,TX,EE. UU.
12216,Ann,Consumer,Visalia,CA,EE. UU.
11388,Mary,Consumer,Lancaster,CA,EE. UU.
1628,Benjamin,Consumer,Phoenix,AZ,EE. UU.
7222,Jesse,Consumer,Lompoc,CA,EE. UU.
5929,Mary,Consumer,Miami,FL,EE. UU.
6123,Mary,Consumer,York,PA,EE. UU.
587,Patrick,Consumer,Ogden,UT,EE. UU.
1240,Mary,Consumer,Raleigh,NC,EE. UU.
8806,Amber,Consumer,Virginia Beach,VA,EE. UU.
341,Mary,Consumer,Carlsbad,CA,EE. UU.
3064,Sandra,Consumer,Hacienda Heights,CA,EE. UU.
10614,James,Consumer,Union City,NJ,EE. UU.
10563,Mary,Consumer,Hollywood,FL,EE. UU.
11002,Alexander,Consumer,Bolingbrook,IL,EE. UU.
11486,Mary,Consumer,West Lafayette,IN,EE. UU.
1759,Mary,Consumer,Astoria,NY,EE. UU.
10659,Barbara,Consumer,Newark,NJ,EE. UU.
8899,Cynthia,Consumer,San Jose,CA,EE. UU.
3315,Andrew,Consumer,Woodbridge,VA,EE. UU.
10051,Kathryn,Consumer,Weslaco,TX,EE. UU.
6402,Mary,Consumer,Jamaica,NY,EE. UU.
4021,Catherine,Consumer,Lakewood,OH,EE. UU.
4195,Katherine,Consumer,Dallas,TX,EE. UU.
7464,Mary,Consumer,Bell Gardens,CA,EE. UU.
11592,Mary,Consumer,Portland,OR,EE. UU.
10831,Larry,Consumer,San Diego,CA,EE. UU.
7586,Christina,Consumer,La Mirada,CA,EE. UU.
8551,Harold,Corporate,Los Angeles,CA,EE. UU.
7163,Mary,Corporate,Detroit,MI,EE. UU.
9163,Mary,Corporate,Billings,MT,EE. UU.
20402,Cleo,Corporate,North Bergen,NJ,EE. UU.
4807,Raymond,Corporate,Mission Viejo,CA,EE. UU.
88,Mary,Corporate,Atlanta,GA,EE. UU.
7697,Hannah,Corporate,New York,NY,EE. UU.
18007,Audra,Corporate,Baltimore,MD,EE. UU.
8720,Mary,Corporate,Strongsville,OH,EE. UU.
12100,Richard,Corporate,Chicago,IL,EE. UU.
11979,Brandon,Corporate,Madison,WI,EE. UU.
3905,Denise,Corporate,South San Francisco,CA,EE. UU.
8552,Mary,Corporate,Philadelphia,PA,EE. UU.
12038,Patricia,Corporate,Fort Lauderdale,FL,EE. UU.
15995,Cora,Corporate,North Las Vegas,NV,EE. UU.
10291,Ann,Corporate,Aurora,CO,EE. UU.
1293,Mary,Corporate,Methuen,MA,EE. UU.
6961,James,Corporate,Costa Mesa,CA,EE. UU.
16013,Hillary,Corporate,Chicago,IL,EE. UU.
7931,Mary,Corporate,Glen Burnie,MD,EE. UU.
20545,Mara,Corporate,Fairfield,OH,EE. UU.
4618,Andrea,Corporate,Lithonia,GA,EE. UU.
4357,Mary,Corporate,Peoria,AZ,EE. UU.
3029,Bryan,Corporate,Winnetka,CA,EE. UU.
9769,Mary,Corporate,Simi Valley,CA,EE. UU.
3567,Thomas,Corporate,Honolulu,HI,EE. UU.
5582,Gloria,Corporate,Chicago,IL,EE. UU.
6855,Louis,Corporate,Philadelphia,PA,EE. UU.
10026,Mary,Corporate,Mcallen,TX,EE. UU.
20400,Wynter,Corporate,Los Angeles,CA,EE. UU.
6956,Mary,Corporate,Joliet,IL,EE. UU.
10082,Anna,Corporate,Brownsville,TX,EE. UU.
1839,Mary,Corporate,Silver Spring,MD,EE. UU.
10155,Mary,Corporate,Pawtucket,RI,EE. UU.
1098,Mary,Corporate,Columbia,TN,EE. UU.
3172,Karen,Corporate,Colorado Springs,CO,EE. UU.
5536,Mary,Corporate,Alhambra,CA,EE. UU.
11372,Mary,Corporate,Bakersfield,CA,EE. UU.
4005,Virginia,Corporate,Quincy,MA,EE. UU.
11632,Mary,Corporate,San Antonio,TX,EE. UU.
10891,Mary,Corporate,Pittsfield,MA,EE. UU.
4813,Mary,Corporate,Chino,CA,EE. UU.
11801,Shirley,Corporate,Chicago,IL,EE. UU.
6156,Mary,Corporate,Bronx,NY,EE. UU.
1763,Mary,Corporate,Marion,OH,EE. UU.
6721,Mary,Corporate,North Hills,CA,EE. UU.
12205,Roy,Corporate,Chicago,IL,EE. UU.
10790,Stephen,Corporate,Salina,KS,EE. UU.
11922,Donald,Corporate,Hyattsville,MD,EE. UU.
10438,Barbara,Corporate,North Richland Hills,TX,EE. UU.
17747,Jacqueline,Corporate,Spring Valley,NY,EE. UU.
16011,Martina,Corporate,Fort Lauderdale,FL,EE. UU.
18004,Delilah,Corporate,Chicago,IL,EE. UU.
8,Megan,Corporate,Lawrence,MA,EE. UU.
3275,Steven,Corporate,Fremont,CA,EE. UU.
9023,Jonathan,Corporate,Cleveland,OH,EE. UU.
8643,Mary,Corporate,Ontario,CA,EE. UU.
11797,Kimberly,Corporate,West Covina,CA,EE. UU.
4062,Eugene,Corporate,Oceanside,CA,EE. UU.
6897,Mary,Corporate,Columbus,GA,EE. UU.
11892,Diana,Corporate,Lodi,CA,EE. UU.
6763,William,Corporate,Los Angeles,CA,EE. UU.
17459,Tatyana,Corporate,Newburgh,NY,EE. UU.
8622,Shirley,Corporate,Pompano Beach,FL,EE. UU.
241,Janet,Corporate,Hamilton,OH,EE. UU.
17746,Roanna,Corporate,Milpitas,CA,EE. UU.
822,Rebecca,Corporate,Rowland Heights,CA,EE. UU.
6376,Crystal,Corporate,North Tonawanda,NY,EE. UU.
9557,Mary,Consumer,Gardena,CA,EE. UU.
11397,Mary,Consumer,Tallahassee,FL,EE. UU.
6999,Mary,Consumer,Cicero,IL,EE. UU.
10534,Mary,Consumer,Eugene,OR,EE. UU.
6815,Patricia,Consumer,Los Angeles,CA,EE. UU.
2269,Brittany,Consumer,Riverside,CA,EE. UU.
10708,Diana,Consumer,Asheboro,NC,EE. UU.
9119,Mary,Consumer,La Crosse,WI,EE. UU.
9500,Mary,Consumer,Florissant,MO,EE. UU.
9910,Justin,Consumer,Encinitas,CA,EE. UU.
5036,Andrew,Consumer,Canyon Country,CA,EE. UU.
2698,Mary,Consumer,Pomona,CA,EE. UU.
6220,Mary,Consumer,Ithaca,NY,EE. UU.
6947,Frances,Consumer,Los Angeles,CA,EE. UU.
442,Mary,Consumer,Allentown,PA,EE. UU.
9671,Jennifer,Consumer,Lompoc,CA,EE. UU.
5283,Jacob,Consumer,Escondido,CA,EE. UU.
3364,Mary,Consumer,Martinez,CA,EE. UU.
2170,Nicholas,Consumer,Troy,MI,EE. UU.
11348,Beverly,Consumer,Granite City,IL,EE. UU.
10224,Betty,Consumer,North Las Vegas,NV,EE. UU.
7006,George,Consumer,Arlington,VA,EE. UU.
7363,Mary,Consumer,Tonawanda,NY,EE. UU.
1595,Mary,Consumer,Troy,MI,EE. UU.
7492,Vincent,Consumer,Simi Valley,CA,EE. UU.
9821,Deborah,Consumer,New Bedford,MA,EE. UU.
5246,Emily,Consumer,Tempe,AZ,EE. UU.
558,Michael,Consumer,Carlisle,PA,EE. UU.
1063,Mary,Consumer,Dallas,TX,EE. UU.
2610,Virginia,Consumer,Davis,CA,EE. UU.
3964,Harry,Consumer,Brooklyn,NY,EE. UU.
3868,Rachel,Consumer,Chandler,AZ,EE. UU.
3961,Brian,Consumer,Chandler,AZ,EE. UU.
1261,Victoria,Consumer,Fullerton,CA,EE. UU.
9341,Karen,Consumer,Chicago,IL,EE. UU.
2550,Christian,Consumer,Elgin,IL,EE. UU.
12045,Jeffrey,Consumer,Carlisle,PA,EE. UU.
2719,Mary,Consumer,Palmdale,CA,EE. UU.
7924,Mary,Consumer,Brooklyn,NY,EE. UU.
3206,Mary,Consumer,North Tonawanda,NY,EE. UU.
11945,Mary,Consumer,Honolulu,HI,EE. UU.
3141,Cynthia,Consumer,Massapequa,NY,EE. UU.
3942,Stephanie,Consumer,Los Angeles,CA,EE. UU.
8065,Margaret,Consumer,Los Angeles,CA,EE. UU.
6758,John,Consumer,Santa Ana,CA,EE. UU.
4842,Rachel,Consumer,Pittsburg,CA,EE. UU.
581,Mary,Consumer,West New York,NJ,EE. UU.
4563,Melissa,Consumer,Dallas,TX,EE. UU.
9096,Mary,Consumer,Los Angeles,CA,EE. UU.
9813,Mary,Consumer,Aurora,CO,EE. UU.
2492,Mary,Consumer,Clementon,NJ,EE. UU.
1445,Linda,Consumer,San Diego,CA,EE. UU.
7327,Tammy,Consumer,Orlando,FL,EE. UU.
8701,Linda,Consumer,Troy,MI,EE. UU.
7783,Amy,Consumer,Hanover,PA,EE. UU.
5621,Mary,Consumer,Virginia Beach,VA,EE. UU.
5767,John,Consumer,Los Angeles,CA,EE. UU.
430,Mary,Consumer,Porterville,CA,EE. UU.
10132,Helen,Consumer,Glendale,AZ,EE. UU.
12350,Henry,Consumer,Chicago,IL,EE. UU.
2256,Mary,Consumer,San Jose,CA,EE. UU.
1045,Ronald,Consumer,Huntington Station,NY,EE. UU.
5939,Shirley,Consumer,Enfield,CT,EE. UU.
9371,Mary,Consumer,Meridian,ID,EE. UU.
11536,Justin,Consumer,Bend,OR,EE. UU.
10129,Mary,Consumer,Philadelphia,PA,EE. UU.
7905,Cynthia,Consumer,Brownsville,TX,EE. UU.
8674,Mary,Consumer,Baldwin Park,CA,EE. UU.
1902,Alice,Consumer,Elyria,OH,EE. UU.
1408,Mary,Consumer,Chicago,IL,EE. UU.
9172,John,Consumer,Chino Hills,CA,EE. UU.
3659,Margaret,Consumer,Philadelphia,PA,EE. UU.
10827,Janice,Consumer,Ventura,CA,EE. UU.
9146,Carl,Consumer,Wheaton,IL,EE. UU.
20,Mary,Consumer,West New York,NJ,EE. UU.
8391,Robert,Consumer,Amarillo,TX,EE. UU.
11510,Ryan,Consumer,Encinitas,CA,EE. UU.
10821,Mary,Consumer,Toms River,NJ,EE. UU.
4727,Amanda,Consumer,Honolulu,HI,EE. UU.
10647,Amy,Consumer,Chicago,IL,EE. UU.
7141,Mary,Corporate,Sacramento,CA,EE. UU.
6172,James,Corporate,Fort Washington,MD,EE. UU.
2741,Jason,Corporate,Long Beach,CA,EE. UU.
1180,Mary,Corporate,Wyandotte,MI,EE. UU.
6875,Mary,Corporate,Newark,NJ,EE. UU.
10864,Jason,Corporate,Brooklyn,NY,EE. UU.
242,Mary,Corporate,Mililani,HI,EE. UU.
9002,Mary,Corporate,New York,NY,EE. UU.
9145,Gary,Corporate,Brooklyn,NY,EE. UU.
7887,Mary,Corporate,Loveland,OH,EE. UU.
2817,Rachel,Corporate,Harvey,IL,EE. UU.
2013,Mary,Corporate,Saint Paul,MN,EE. UU.
5920,Dorothy,Corporate,Chandler,AZ,EE. UU.
5674,Ethan,Corporate,Ewa Beach,HI,EE. UU.
11012,Mary,Corporate,Fond Du Lac,WI,EE. UU.
6508,Philip,Corporate,Hamilton,OH,EE. UU.
8995,Mary,Corporate,Mechanicsburg,PA,EE. UU.
9507,Mary,Corporate,Simi Valley,CA,EE. UU.
11056,Larry,Corporate,Opelousas,LA,EE. UU.
10558,Christine,Corporate,Kailua,HI,EE. UU.
6707,Grace,Corporate,Norfolk,VA,EE. UU.
4029,Mary,Corporate,Woodbridge,VA,EE. UU.
2189,Ronald,Corporate,Elmhurst,IL,EE. UU.
1865,Mary,Corporate,Detroit,MI,EE. UU.
9345,Mary,Corporate,Aurora,CO,EE. UU.
9356,Nancy,Corporate,Phoenix,AZ,EE. UU.
5821,Jessica,Corporate,Hyattsville,MD,EE. UU.
532,Mark,Corporate,Sugar Land,TX,EE. UU.
8977,Mary,Corporate,Elyria,OH,EE. UU.
4117,Matthew,Corporate,Raleigh,NC,EE. UU.
3985,Debra,Corporate,Chillicothe,OH,EE. UU.
3586,Mary,Corporate,Jersey City,NJ,EE. UU.
9001,Mary,Corporate,Canoga Park,CA,EE. UU.
10678,Martha,Corporate,Amarillo,TX,EE. UU.
1664,Mary,Corporate,Jackson,MI,EE. UU.
11882,Mary,Corporate,Moreno Valley,CA,EE. UU.
4808,Mary,Corporate,Chicago,IL,EE. UU.
10201,Debra,Corporate,New Orleans,LA,EE. UU.
2292,Ashley,Corporate,San Benito,TX,EE. UU.
11675,Mary,Corporate,Los Angeles,CA,EE. UU.
1144,Roger,Corporate,Brooklyn,NY,EE. UU.
640,Jean,Corporate,New Castle,DE,EE. UU.
8612,Emma,Corporate,Hanover,PA,EE. UU.
4402,Heather,Corporate,Honolulu,HI,EE. UU.
3815,Mary,Corporate,Bloomfield,NJ,EE. UU.
10834,Susan,Corporate,Albuquerque,NM,EE. UU.
3554,Michael,Corporate,Los Angeles,CA,EE. UU.
10219,Nicholas,Corporate,Cypress,CA,EE. UU.
11730,Mary,Corporate,New Orleans,LA,EE. UU.
4756,Mary,Corporate,Brooklyn,NY,EE. UU.
7229,Mary,Corporate,Newburgh,NY,EE. UU.
7963,Mary,Corporate,New York,NY,EE. UU.
4464,Mary,Corporate,Amarillo,TX,EE. UU.
5429,Betty,Corporate,Jackson,MI,EE. UU.
1383,Catherine,Corporate,Marrero,LA,EE. UU.
3153,Mary,Corporate,Grand Prairie,TX,EE. UU.
11357,Mary,Corporate,Bronx,NY,EE. UU.
4700,Mary,Corporate,Greeley,CO,EE. UU.
6187,Mary,Corporate,West Covina,CA,EE. UU.
4862,Mary,Corporate,Chicago,IL,EE. UU.
6180,Mary,Corporate,North Richland Hills,TX,EE. UU.
11977,Michael,Corporate,Riverside,CA,EE. UU.
10126,Mary,Corporate,San Diego,CA,EE. UU.
1880,Sarah,Corporate,Miami,FL,EE. UU.
8747,Mary,Corporate,Wyandotte,MI,EE. UU.
11252,Christian,Corporate,Cleveland,OH,EE. UU.
5598,Sharon,Corporate,Houston,TX,EE. UU.
1067,Mary,Corporate,Littleton,CO,EE. UU.
8681,Cynthia,Corporate,Longmont,CO,EE. UU.
10884,Zachary,Corporate,Sacramento,CA,EE. UU.
8850,Crystal,Corporate,Brooklyn,NY,EE. UU.
5316,Mary,Corporate,Chesapeake,VA,EE. UU.
1801,Mary,Corporate,Englewood,CO,EE. UU.
4627,Eric,Corporate,Arlington Heights,IL,EE. UU.
19349,Hope,Home Office,Tampa,FL,EE. UU.
19348,Unity,Corporate,San Benito,TX,EE. UU.
19347,Kelly,Corporate,Caguas,PR,Puerto Rico
19346,Mechelle,Corporate,Indianapolis,IN,EE. UU.
19345,Blythe,Consumer,Caguas,PR,Puerto Rico
19344,Audrey,Consumer,Enfield,CT,EE. UU.
19343,Cara,Corporate,Caguas,PR,Puerto Rico
19342,Jorden,Corporate,Los Angeles,CA,EE. UU.
19341,Heidi,Corporate,Caguas,PR,Puerto Rico
19340,Lenore,Corporate,Modesto,CA,EE. UU.
19339,Aiko,Consumer,Caguas,PR,Puerto Rico
19338,Whitney,Corporate,Irvington,NJ,EE. UU.
19337,Kylie,Corporate,Caguas,PR,Puerto Rico
19336,Demetria,Corporate,Norfolk,VA,EE. UU.
19335,Orli,Corporate,Gardena,CA,EE. UU.
19334,Moana,Consumer,Caguas,PR,Puerto Rico
19333,Constance,Consumer,Honolulu,HI,EE. UU.
19332,Amber,Consumer,Caguas,PR,Puerto Rico
19331,Imelda,Home Office,Newark,DE,EE. UU.
19330,Mariam,Consumer,Forest Hills,NY,EE. UU.
19329,Rae,Corporate,Caguas,PR,Puerto Rico
19328,Jamalia,Corporate,Ontario,CA,EE. UU.
19327,Reagan,Corporate,Caguas,PR,Puerto Rico
19326,Patience,Consumer,Webster,NY,EE. UU.
19325,Amena,Consumer,New York,NY,EE. UU.
19324,Mercedes,Consumer,Brownsville,TX,EE. UU.
19323,Brianna,Consumer,Caguas,PR,Puerto Rico
19322,Xyla,Consumer,Dearborn,MI,EE. UU.
19321,Daria,Consumer,Corona,NY,EE. UU.
19320,Ila,Consumer,Caguas,PR,Puerto Rico
19319,Kelsie,Consumer,New York,NY,EE. UU.
19318,Quail,Consumer,Carrollton,TX,EE. UU.
19317,Hyacinth,Corporate,Bakersfield,CA,EE. UU.
19316,Alma,Corporate,Caguas,PR,Puerto Rico
19315,Yvette,Consumer,Compton,CA,EE. UU.
19314,Ina,Consumer,Simi Valley,CA,EE. UU.
19313,Fay,Consumer,Caguas,PR,Puerto Rico
19312,Xyla,Consumer,Lancaster,PA,EE. UU.
19311,Destiny,Consumer,Garland,TX,EE. UU.
19310,Debra,Consumer,Arecibo,PR,Puerto Rico
19309,Petra,Consumer,Caguas,PR,Puerto Rico
19308,Farrah,Corporate,Opelousas,LA,EE. UU.
19307,Clio,Consumer,Caguas,PR,Puerto Rico
19306,Leigh,Consumer,Riverside,CA,EE. UU.
19305,Jacqueline,Consumer,Waipahu,HI,EE. UU.
19304,Cora,Home Office,Caguas,PR,Puerto Rico
19303,Tallulah,Consumer,Tucson,AZ,EE. UU.
19302,Kelly,Consumer,Los Angeles,CA,EE. UU.
19301,Martha,Home Office,Carmichael,CA,EE. UU.
19300,Pearl,Consumer,Caguas,PR,Puerto Rico
19299,Heather,Corporate,Tustin,CA,EE. UU.
19298,Maya,Corporate,Caguas,PR,Puerto Rico
19297,Kiayada,Corporate,Loveland,OH,EE. UU.
19296,Shannon,Consumer,Miami,FL,EE. UU.
19295,Nayda,Consumer,Anaheim,CA,EE. UU.
19294,Felicia,Consumer,Chicago,IL,EE. UU.
19293,Beatrice,Corporate,Caguas,PR,Puerto Rico
19292,Charissa,Corporate,Detroit,MI,EE. UU.
19291,Fatima,Corporate,Canton,MI,EE. UU.
19290,Lilah,Corporate,Stafford,VA,EE. UU.
19289,Dacey,Corporate,Caguas,PR,Puerto Rico
19288,Kimberly,Corporate,San Diego,CA,EE. UU.
19287,Shelley,Consumer,Caguas,PR,Puerto Rico
19286,Yoko,Consumer,Bronx,NY,EE. UU.
19285,Olympia,Consumer,Caguas,PR,Puerto Rico
19284,Jane,Corporate,South Richmond Hill,NY,EE. UU.
19283,Nayda,Consumer,Caguas,PR,Puerto Rico
19282,Raya,Corporate,Middletown,OH,EE. UU.
16774,Quyn,Consumer,Gilroy,CA,EE. UU.
16773,Hilary,Consumer,Caguas,PR,Puerto Rico
16772,Jane,Corporate,Azusa,CA,EE. UU.
16771,Karyn,Corporate,Caguas,PR,Puerto Rico
16770,Germaine,Consumer,Lenoir,NC,EE. UU.
16769,Maile,Consumer,Columbus,OH,EE. UU.
16768,Vivien,Consumer,Albany,OR,EE. UU.
16767,Mariam,Consumer,Humacao,PR,Puerto Rico
16766,Raven,Home Office,Caguas,PR,Puerto Rico
16765,Jaime,Home Office,Lindenhurst,NY,EE. UU.
16764,Charlotte,Consumer,Elyria,OH,EE. UU.
16763,Zelda,Corporate,Caguas,PR,Puerto Rico
16762,Isabella,Consumer,Riverside,CA,EE. UU.
16761,Jayme,Consumer,Caguas,PR,Puerto Rico
16760,Sara,Consumer,Carson,CA,EE. UU.
16759,Carla,Consumer,Mesa,AZ,EE. UU.
16758,Aspen,Consumer,Caguas,PR,Puerto Rico
16757,Carolyn,Corporate,Honolulu,HI,EE. UU.
16756,Janna,Consumer,Caguas,PR,Puerto Rico
16755,Rachel,Consumer,Tampa,FL,EE. UU.
16754,Xena,Consumer,San Benito,TX,EE. UU.
16753,Ocean,Home Office,Caguas,PR,Puerto Rico
16752,Hedwig,Home Office,Indianapolis,IN,EE. UU.
16751,Alea,Home Office,Caguas,PR,Puerto Rico
16750,Whitney,Corporate,Enfield,CT,EE. UU.
16749,Aileen,Corporate,Caguas,PR,Puerto Rico
16748,Cameron,Corporate,Los Angeles,CA,EE. UU.
16747,Cailin,Corporate,Caguas,PR,Puerto Rico
16746,Jeanette,Corporate,Modesto,CA,EE. UU.
16745,Suki,Corporate,Caguas,PR,Puerto Rico
16744,Maxine,Consumer,Irvington,NJ,EE. UU.
16743,Sophia,Consumer,Caguas,PR,Puerto Rico
16742,Mechelle,Consumer,Norfolk,VA,EE. UU.
16741,Sybil,Consumer,Gardena,CA,EE. UU.
16740,Emma,Consumer,Caguas,PR,Puerto Rico
16739,Skyler,Consumer,Honolulu,HI,EE. UU.
16738,Yvonne,Consumer,Caguas,PR,Puerto Rico
16737,Penelope,Consumer,Newark,DE,EE. UU.
16736,Eliana,Consumer,Forest Hills,NY,EE. UU.
16735,Tatum,Consumer,Caguas,PR,Puerto Rico
16734,Sylvia,Corporate,Ontario,CA,EE. UU.
16733,Amela,Corporate,Caguas,PR,Puerto Rico
16732,Christine,Corporate,Webster,NY,EE. UU.
16731,Keiko,Corporate,New York,NY,EE. UU.
16730,Shana,Corporate,Brownsville,TX,EE. UU.
16729,Reagan,Consumer,Caguas,PR,Puerto Rico
16728,Hillary,Consumer,Dearborn,MI,EE. UU.
16727,Whoopi,Consumer,Corona,NY,EE. UU.
16726,Giselle,Corporate,Caguas,PR,Puerto Rico
16725,Mira,Corporate,New York,NY,EE. UU.
16724,Jaden,Corporate,Carrollton,TX,EE. UU.
16723,Pascale,Consumer,Bakersfield,CA,EE. UU.
16722,Maris,Consumer,Caguas,PR,Puerto Rico
16721,Cassady,Corporate,Compton,CA,EE. UU.
16720,Lani,Corporate,Simi Valley,CA,EE. UU.
16719,Quynn,Consumer,Caguas,PR,Puerto Rico
16718,Sage,Consumer,Lancaster,PA,EE. UU.
16717,Calista,Consumer,Garland,TX,EE. UU.
16716,Sacha,Consumer,Arecibo,PR,Puerto Rico
16715,Moana,Consumer,Caguas,PR,Puerto Rico
16714,Daryl,Consumer,Opelousas,LA,EE. UU.
16713,Renee,Consumer,Caguas,PR,Puerto Rico
16712,Aphrodite,Home Office,Riverside,CA,EE. UU.
16711,Ila,Corporate,Waipahu,HI,EE. UU.
16710,Nell,Corporate,Caguas,PR,Puerto Rico
16709,Kylynn,Home Office,Tucson,AZ,EE. UU.
16708,Hedy,Corporate,Los Angeles,CA,EE. UU.
16707,Olivia,Corporate,Carmichael,CA,EE. UU.
16706,Mallory,Consumer,Caguas,PR,Puerto Rico
16705,Madeline,Consumer,Tustin,CA,EE. UU.
16704,Veronica,Consumer,Caguas,PR,Puerto Rico
16703,Yuri,Consumer,Loveland,OH,EE. UU.
16702,Tatyana,Consumer,Miami,FL,EE. UU.
16701,Demetria,Consumer,Anaheim,CA,EE. UU.
16700,Joelle,Consumer,Chicago,IL,EE. UU.
16699,Joan,Corporate,Caguas,PR,Puerto Rico
16698,Kylynn,Consumer,Detroit,MI,EE. UU.
16697,Carolyn,Consumer,Canton,MI,EE. UU.
16696,Hiroko,Consumer,Stafford,VA,EE. UU.
16695,Daryl,Consumer,Caguas,PR,Puerto Rico
16694,Amela,Consumer,San Diego,CA,EE. UU.
16693,Petra,Consumer,Caguas,PR,Puerto Rico
16692,Kameko,Corporate,Bronx,NY,EE. UU.
16691,Hollee,Consumer,Caguas,PR,Puerto Rico
16690,Eden,Corporate,South Richmond Hill,NY,EE. UU.
16689,Lydia,Consumer,Caguas,PR,Puerto Rico
16688,Patience,Consumer,Middletown,OH,EE. UU.
16687,Azalia,Home Office,Caguas,PR,Puerto Rico
16686,Wynter,Consumer,Dallas,TX,EE. UU.
16685,Alika,Consumer,Caguas,PR,Puerto Rico
16684,Dahlia,Consumer,Eugene,OR,EE. UU.
16683,Jenette,Consumer,Chino Hills,CA,EE. UU.
16682,Paloma,Corporate,Caguas,PR,Puerto Rico
16681,Dorothy,Corporate,Columbia,TN,EE. UU.
16680,Xandra,Home Office,Glendale,AZ,EE. UU.
16679,Mariko,Home Office,Caguas,PR,Puerto Rico
16678,Darryl,Consumer,West Orange,NJ,EE. UU.
16677,Fiona,Consumer,Daly City,CA,EE. UU.
16676,Zephr,Consumer,Caguas,PR,Puerto Rico
16675,Xerxes,Consumer,Houston,TX,EE. UU.
16674,Uta,Consumer,Caguas,PR,Puerto Rico
16673,Wendy,Consumer,Strongsville,OH,EE. UU.
16672,Sierra,Consumer,Caguas,PR,Puerto Rico
16671,Lilah,Corporate,Powder Springs,GA,EE. UU.
16670,Kelsey,Corporate,Lilburn,GA,EE. UU.
16669,Alexis,Home Office,Parkville,MD,EE. UU.
16668,September,Consumer,Caguas,PR,Puerto Rico
16667,McKenzie,Consumer,Saint Paul,MN,EE. UU.
16666,Eleanor,Corporate,Caguas,PR,Puerto Rico
16665,Chastity,Corporate,Lockport,NY,EE. UU.
16664,Victoria,Corporate,Detroit,MI,EE. UU.
16663,Cheyenne,Corporate,Caguas,PR,Puerto Rico
16662,Cassandra,Home Office,Hialeah,FL,EE. UU.
16661,Kimberly,Home Office,Los Angeles,CA,EE. UU.
16660,Cora,Home Office,Brooklyn,NY,EE. UU.
16659,Hanna,Home Office,Caguas,PR,Puerto Rico
16658,Ciara,Home Office,Beloit,WI,EE. UU.
16657,Mona,Consumer,Los Angeles,CA,EE. UU.
16656,Martha,Consumer,Caguas,PR,Puerto Rico
16655,Ruth,Consumer,Hamilton,OH,EE. UU.
16654,Mari,Home Office,Caguas,PR,Puerto Rico
16653,Robin,Corporate,Greenville,NC,EE. UU.
16652,Felicia,Corporate,Dallas,TX,EE. UU.
16651,Fatima,Consumer,Miami,FL,EE. UU.
16650,Hedwig,Corporate,Caguas,PR,Puerto Rico
10041,Mary,Home Office,Caguas,PR,Puerto Rico
6268,Mary,Home Office,Caguas,PR,Puerto Rico
6636,Mary,Home Office,Caguas,PR,Puerto Rico
7468,Mary,Home Office,Caguas,PR,Puerto Rico
10588,Jessica,Home Office,Caguas,PR,Puerto Rico
6280,Mary,Home Office,Caguas,PR,Puerto Rico
1989,Richard,Home Office,Caguas,PR,Puerto Rico
633,Mary,Home Office,Caguas,PR,Puerto Rico
146,Amber,Home Office,Caguas,PR,Puerto Rico
10013,Jessica,Home Office,Caguas,PR,Puerto Rico
12223,Brian,Home Office,Caguas,PR,Puerto Rico
4497,Shirley,Home Office,Caguas,PR,Puerto Rico
1575,John,Home Office,Caguas,PR,Puerto Rico
5820,Margaret,Home Office,Caguas,PR,Puerto Rico
8608,Mary,Home Office,Caguas,PR,Puerto Rico
3104,Megan,Home Office,Caguas,PR,Puerto Rico
6408,Kevin,Home Office,Caguas,PR,Puerto Rico
2431,Olivia,Home Office,Caguas,PR,Puerto Rico
6497,Mary,Home Office,Aguadilla,PR,Puerto Rico
716,Louis,Home Office,Caguas,PR,Puerto Rico
7393,Mary,Home Office,Caguas,PR,Puerto Rico
3405,Bruce,Home Office,Caguas,PR,Puerto Rico
3150,Ruth,Home Office,Caguas,PR,Puerto Rico
7687,Evelyn,Home Office,Caguas,PR,Puerto Rico
2324,Zachary,Home Office,Caguas,PR,Puerto Rico
4594,Mary,Home Office,Caguas,PR,Puerto Rico
1171,Mary,Home Office,Caguas,PR,Puerto Rico
2851,Mary,Home Office,Caguas,PR,Puerto Rico
223,Ralph,Home Office,Caguas,PR,Puerto Rico
9189,Richard,Home Office,Caguas,PR,Puerto Rico
6827,Mary,Home Office,Caguas,PR,Puerto Rico
6944,Kyle,Home Office,Caguas,PR,Puerto Rico
2924,Timothy,Home Office,Caguas,PR,Puerto Rico
3546,Mary,Home Office,Caguas,PR,Puerto Rico
9082,Diane,Home Office,Caguas,PR,Puerto Rico
11782,Michelle,Home Office,Carolina,PR,Puerto Rico
8511,Mary,Home Office,Caguas,PR,Puerto Rico
14170,Margaret,Home Office,Caguas,PR,Puerto Rico
10366,Samantha,Home Office,Caguas,PR,Puerto Rico
5576,Alice,Home Office,Caguas,PR,Puerto Rico
412,Cynthia,Home Office,Caguas,PR,Puerto Rico
8697,Gerald,Home Office,Caguas,PR,Puerto Rico
12713,Brianna,Home Office,Caguas,PR,Puerto Rico
13383,Hollee,Home Office,Caguas,PR,Puerto Rico
14684,Susan,Home Office,Caguas,PR,Puerto Rico
13112,Kyla,Home Office,Caguas,PR,Puerto Rico
13238,Xaviera,Home Office,Caguas,PR,Puerto Rico
13236,Sybil,Home Office,Caguas,PR,Puerto Rico
13394,Jaden,Home Office,Caguas,PR,Puerto Rico
14531,Macy,Home Office,Caguas,PR,Puerto Rico
13031,Briar,Home Office,Caguas,PR,Puerto Rico
13264,Athena,Home Office,Caguas,PR,Puerto Rico
14299,Jamalia,Home Office,Caguas,PR,Puerto Rico
13029,Rachel,Home Office,Caguas,PR,Puerto Rico
13496,Dorothy,Home Office,Caguas,PR,Puerto Rico
13370,Linda,Home Office,Caguas,PR,Puerto Rico
13208,Jamalia,Home Office,Caguas,PR,Puerto Rico
14297,Patience,Home Office,Caguas,PR,Puerto Rico
1673,Mary,Home Office,Caguas,PR,Puerto Rico
450,Kathryn,Home Office,Caguas,PR,Puerto Rico
3605,Mary,Home Office,Caguas,PR,Puerto Rico
6980,Mary,Home Office,Caguas,PR,Puerto Rico
2927,Mary,Home Office,Caguas,PR,Puerto Rico
9876,Mary,Home Office,Caguas,PR,Puerto Rico
11784,Mary,Home Office,Caguas,PR,Puerto Rico
5447,James,Home Office,Caguas,PR,Puerto Rico
8380,Brittany,Home Office,Caguas,PR,Puerto Rico
5456,Johnny,Home Office,Caguas,PR,Puerto Rico
13933,Desirae,Home Office,Caguas,PR,Puerto Rico
14717,Maia,Home Office,Caguas,PR,Puerto Rico
10492,Mary,Home Office,Caguas,PR,Puerto Rico
13986,Destiny,Home Office,Caguas,PR,Puerto Rico
11288,Cynthia,Home Office,Caguas,PR,Puerto Rico
127,Mary,Home Office,Caguas,PR,Puerto Rico
5256,Cheryl,Home Office,Caguas,PR,Puerto Rico
9818,Mary,Home Office,Caguas,PR,Puerto Rico
4354,Lori,Home Office,Caguas,PR,Puerto Rico
11848,Karen,Home Office,Caguas,PR,Puerto Rico
4631,Carol,Home Office,Caguas,PR,Puerto Rico
12432,Angela,Home Office,Caguas,PR,Puerto Rico
11327,Mary,Home Office,Caguas,PR,Puerto Rico
7576,Frances,Home Office,Caguas,PR,Puerto Rico
9091,Mary,Home Office,Caguas,PR,Puerto Rico
4366,Shirley,Home Office,Caguas,PR,Puerto Rico
5382,Mary,Home Office,Caguas,PR,Puerto Rico
10057,Mary,Home Office,Caguas,PR,Puerto Rico
6611,Dennis,Home Office,Caguas,PR,Puerto Rico
10863,Kimberly,Home Office,Caguas,PR,Puerto Rico
10208,Roger,Home Office,Caguas,PR,Puerto Rico
19,Stephanie,Home Office,Caguas,PR,Puerto Rico
14748,Carissa,Home Office,Caguas,PR,Puerto Rico
6426,Mary,Home Office,Caguas,PR,Puerto Rico
6411,Lauren,Home Office,Caguas,PR,Puerto Rico
10121,Tammy,Home Office,Caguas,PR,Puerto Rico
13639,Zena,Home Office,Caguas,PR,Puerto Rico
3738,Cheryl,Home Office,Caguas,PR,Puerto Rico
1294,Elizabeth,Home Office,Caguas,PR,Puerto Rico
12117,Helen,Home Office,Caguas,PR,Puerto Rico
823,Catherine,Home Office,Caguas,PR,Puerto Rico
6316,Kyle,Home Office,Caguas,PR,Puerto Rico
9349,Mary,Home Office,Caguas,PR,Puerto Rico
11423,Gary,Home Office,Caguas,PR,Puerto Rico
11395,Mary,Home Office,Caguas,PR,Puerto Rico
11034,Mary,Home Office,Caguas,PR,Puerto Rico
4238,Bryan,Home Office,Caguas,PR,Puerto Rico
14742,Marah,Home Office,Caguas,PR,Puerto Rico
471,Helen,Home Office,Caguas,PR,Puerto Rico
10992,Barbara,Home Office,Caguas,PR,Puerto Rico
2881,Phillip,Home Office,Caguas,PR,Puerto Rico
2379,Angela,Home Office,Caguas,PR,Puerto Rico
7531,Bobby,Home Office,Caguas,PR,Puerto Rico
6233,Mary,Home Office,Caguas,PR,Puerto Rico
11153,Brian,Consumer,Caguas,PR,Puerto Rico
5091,Sarah,Consumer,Caguas,PR,Puerto Rico
6255,Joshua,Consumer,Caguas,PR,Puerto Rico
1399,Mary,Consumer,Caguas,PR,Puerto Rico
9251,Christina,Consumer,Caguas,PR,Puerto Rico
12370,Johnny,Consumer,Caguas,PR,Puerto Rico
13702,McKenzie,Consumer,Caguas,PR,Puerto Rico
13990,Deanna,Consumer,Caguas,PR,Puerto Rico
1516,Mary,Consumer,Caguas,PR,Puerto Rico
7158,Mary,Consumer,Caguas,PR,Puerto Rico
9556,Ronald,Consumer,Caguas,PR,Puerto Rico
275,Robert,Consumer,Caguas,PR,Puerto Rico
6010,Nancy,Consumer,Caguas,PR,Puerto Rico
13665,Blair,Consumer,Caguas,PR,Puerto Rico
785,Lauren,Consumer,Caguas,PR,Puerto Rico
13611,Melodie,Consumer,Caguas,PR,Puerto Rico
10603,Mary,Consumer,Caguas,PR,Puerto Rico
870,Linda,Consumer,Caguas,PR,Puerto Rico
609,Kevin,Consumer,Caguas,PR,Puerto Rico
951,Mary,Consumer,Caguas,PR,Puerto Rico
7177,Keith,Consumer,Caguas,PR,Puerto Rico
2574,Martha,Consumer,Caguas,PR,Puerto Rico
9699,Timothy,Consumer,Caguas,PR,Puerto Rico
1785,Mary,Consumer,Caguas,PR,Puerto Rico
4114,Mary,Consumer,Caguas,PR,Puerto Rico
11361,Mary,Consumer,Caguas,PR,Puerto Rico
2590,Mary,Consumer,Caguas,PR,Puerto Rico
4293,Mary,Consumer,Caguas,PR,Puerto Rico
5480,Matthew,Consumer,Caguas,PR,Puerto Rico
6320,Ryan,Consumer,Caguas,PR,Puerto Rico
3311,Ryan,Consumer,Caguas,PR,Puerto Rico
9265,Margaret,Consumer,Yauco,PR,Puerto Rico
9,Mary,Consumer,Caguas,PR,Puerto Rico
1158,Emily,Consumer,Caguas,PR,Puerto Rico
11604,Mary,Consumer,Caguas,PR,Puerto Rico
4186,Joseph,Consumer,Caguas,PR,Puerto Rico
1851,Mary,Consumer,Caguas,PR,Puerto Rico
11466,Jennifer,Consumer,Caguas,PR,Puerto Rico
7357,Mary,Consumer,Caguas,PR,Puerto Rico
4033,George,Consumer,Caguas,PR,Puerto Rico
7367,Joseph,Consumer,Caguas,PR,Puerto Rico
2123,Mary,Consumer,Caguas,PR,Puerto Rico
9957,Charles,Consumer,Caguas,PR,Puerto Rico
11900,Bryan,Consumer,Caguas,PR,Puerto Rico
3012,Mary,Consumer,Caguas,PR,Puerto Rico
6477,Jerry,Consumer,Caguas,PR,Puerto Rico
4838,Mark,Consumer,Caguas,PR,Puerto Rico
12415,Joyce,Consumer,Caguas,PR,Puerto Rico
2152,Marie,Consumer,Caguas,PR,Puerto Rico
899,Mary,Consumer,Caguas,PR,Puerto Rico
4337,Brandon,Consumer,Caguas,PR,Puerto Rico
8302,Mary,Consumer,Caguas,PR,Puerto Rico
7003,Harry,Consumer,Caguas,PR,Puerto Rico
5120,Mary,Consumer,Caguas,PR,Puerto Rico
8103,Donna,Consumer,Caguas,PR,Puerto Rico
328,William,Consumer,Caguas,PR,Puerto Rico
11225,Michael,Consumer,Caguas,PR,Puerto Rico
9628,James,Consumer,Caguas,PR,Puerto Rico
10928,Sharon,Consumer,Caguas,PR,Puerto Rico
12610,Iola,Consumer,Caguas,PR,Puerto Rico
12549,Martina,Consumer,Caguas,PR,Puerto Rico
12530,Amena,Consumer,Caguas,PR,Puerto Rico
12723,Emily,Consumer,Caguas,PR,Puerto Rico
15070,India,Consumer,Caguas,PR,Puerto Rico
15086,Nadine,Consumer,Caguas,PR,Puerto Rico
15068,Miranda,Consumer,Caguas,PR,Puerto Rico
15026,Piper,Consumer,Caguas,PR,Puerto Rico
15024,Charde,Consumer,Caguas,PR,Puerto Rico
12838,Aiko,Consumer,Caguas,PR,Puerto Rico
12855,Emma,Consumer,Caguas,PR,Puerto Rico
15003,Dacey,Consumer,Caguas,PR,Puerto Rico
14591,Calista,Consumer,Caguas,PR,Puerto Rico
14348,Denise,Consumer,Caguas,PR,Puerto Rico
4943,Paul,Consumer,Caguas,PR,Puerto Rico
1900,Paul,Consumer,Caguas,PR,Puerto Rico
5670,Rachel,Consumer,Caguas,PR,Puerto Rico
1464,Amber,Consumer,Caguas,PR,Puerto Rico
5292,Mary,Consumer,Caguas,PR,Puerto Rico
14768,Donna,Consumer,Caguas,PR,Puerto Rico
10327,Laura,Consumer,Caguas,PR,Puerto Rico
10070,Timothy,Consumer,Caguas,PR,Puerto Rico
8760,Mary,Consumer,Caguas,PR,Puerto Rico
3975,Louis,Consumer,Caguas,PR,Puerto Rico
2907,Russell,Consumer,Caguas,PR,Puerto Rico
509,Mary,Consumer,Caguas,PR,Puerto Rico
882,Mary,Consumer,Caguas,PR,Puerto Rico
13832,Isabelle,Consumer,Caguas,PR,Puerto Rico
10099,Mary,Consumer,Caguas,PR,Puerto Rico
1146,Alice,Consumer,Caguas,PR,Puerto Rico
12005,Mary,Consumer,Caguas,PR,Puerto Rico
1461,Mary,Consumer,Caguas,PR,Puerto Rico
11674,Christina,Consumer,Caguas,PR,Puerto Rico
11597,Mildred,Consumer,Caguas,PR,Puerto Rico
1928,Timothy,Consumer,Caguas,PR,Puerto Rico
6388,Emma,Consumer,Caguas,PR,Puerto Rico
9918,Alice,Consumer,Caguas,PR,Puerto Rico
6517,Amber,Consumer,Caguas,PR,Puerto Rico
8398,Mary,Consumer,Bayamon,PR,Puerto Rico
8360,Jeremy,Consumer,Caguas,PR,Puerto Rico
3125,Dylan,Consumer,Caguas,PR,Puerto Rico
4899,Mary,Consumer,Caguas,PR,Puerto Rico
5326,Sean,Consumer,Los Angeles,CA,EE. UU.
494,Mary,Consumer,Greeley,CO,EE. UU.
928,Mary,Consumer,Brooklyn,NY,EE. UU.
4960,Mary,Consumer,Roseburg,OR,EE. UU.
7762,Mary,Consumer,Brooklyn,NY,EE. UU.
10316,Martha,Consumer,Saint Peters,MO,EE. UU.
4306,Janice,Consumer,Norfolk,VA,EE. UU.
4161,Heather,Consumer,Chicago,IL,EE. UU.
6034,Cheryl,Consumer,San Diego,CA,EE. UU.
9247,Kathryn,Consumer,Chicago,IL,EE. UU.
960,Michael,Consumer,New Bedford,MA,EE. UU.
9989,Patrick,Consumer,Augusta,GA,EE. UU.
10165,Joan,Consumer,Bakersfield,CA,EE. UU.
8245,Thomas,Consumer,San Antonio,TX,EE. UU.
7465,Andrew,Consumer,Albuquerque,NM,EE. UU.
1107,Nicole,Consumer,Waipahu,HI,EE. UU.
2284,Mary,Consumer,Philadelphia,PA,EE. UU.
636,Albert,Consumer,Long Beach,CA,EE. UU.
5584,Ruth,Consumer,New York,NY,EE. UU.
3340,Linda,Consumer,Chapel Hill,NC,EE. UU.
1576,Dorothy,Consumer,San Diego,CA,EE. UU.
9640,Andrea,Consumer,Detroit,MI,EE. UU.
9663,Mary,Consumer,Ypsilanti,MI,EE. UU.
9867,Mary,Consumer,Phoenix,AZ,EE. UU.
9220,Anthony,Consumer,San Diego,CA,EE. UU.
3921,Mary,Consumer,East Lansing,MI,EE. UU.
1564,Mary,Consumer,Brooklyn,NY,EE. UU.
7231,Jack,Consumer,Stamford,CT,EE. UU.
9008,Ann,Consumer,Hanover,PA,EE. UU.
5158,Ashley,Consumer,Bronx,NY,EE. UU.
2465,Mary,Consumer,Diamond Bar,CA,EE. UU.
3138,Barbara,Consumer,Houston,TX,EE. UU.
777,Mary,Consumer,Los Angeles,CA,EE. UU.
2947,Roy,Consumer,Hayward,CA,EE. UU.
4839,Ashley,Consumer,Milwaukee,WI,EE. UU.
1443,Denise,Consumer,West Orange,NJ,EE. UU.
1449,James,Consumer,Lawrenceville,GA,EE. UU.
3914,Mary,Consumer,Manchester,CT,EE. UU.
134,Donna,Consumer,Brooklyn,NY,EE. UU.
4896,Nicholas,Consumer,La Puente,CA,EE. UU.
3444,Karen,Consumer,Los Angeles,CA,EE. UU.
6005,Emily,Consumer,Victorville,CA,EE. UU.
12332,Kelly,Consumer,Richmond,VA,EE. UU.
6049,Patricia,Consumer,Florissant,MO,EE. UU.
12286,Mary,Consumer,Baltimore,MD,EE. UU.
4552,Janice,Consumer,Jacksonville,FL,EE. UU.
4215,Mary,Consumer,Miami,FL,EE. UU.
8115,Kevin,Consumer,Cupertino,CA,EE. UU.
8853,Richard,Consumer,Littleton,CO,EE. UU.
8196,Kimberly,Consumer,Eagle Pass,TX,EE. UU.
11686,Margaret,Consumer,Carlsbad,CA,EE. UU.
8712,Emily,Consumer,Riverside,CA,EE. UU.
8470,Anna,Consumer,Escondido,CA,EE. UU.
9608,Jack,Consumer,Fontana,CA,EE. UU.
11760,Patricia,Consumer,Ballwin,MO,EE. UU.
1996,Mary,Consumer,Brooklyn,NY,EE. UU.
8703,Michael,Consumer,Carlisle,PA,EE. UU.
11078,Donna,Consumer,New Braunfels,TX,EE. UU.
7766,Jack,Consumer,Saint Charles,MO,EE. UU.
2717,Mary,Consumer,Spring Valley,NY,EE. UU.
9324,Willie,Consumer,Madison,WI,EE. UU.
8188,Timothy,Consumer,Las Vegas,NV,EE. UU.
3938,Mary,Consumer,Albuquerque,NM,EE. UU.
11700,Ruth,Consumer,Goose Creek,SC,EE. UU.
8148,Daniel,Consumer,Tampa,FL,EE. UU.
4308,William,Consumer,Irvington,NJ,EE. UU.
2553,Hannah,Consumer,Ontario,CA,EE. UU.
12416,Aaron,Consumer,Bronx,NY,EE. UU.
1733,Margaret,Consumer,Pharr,TX,EE. UU.
245,Deborah,Consumer,Yonkers,NY,EE. UU.
7457,Cheryl,Consumer,El Monte,CA,EE. UU.
2861,Mary,Consumer,Honolulu,HI,EE. UU.
6168,Arthur,Consumer,Pharr,TX,EE. UU.
3980,Frances,Consumer,Winnetka,CA,EE. UU.
8488,Teresa,Consumer,Pompano Beach,FL,EE. UU.
2278,Marie,Consumer,Reynoldsburg,OH,EE. UU.
10823,Angela,Consumer,Hamtramck,MI,EE. UU.
11928,Sharon,Consumer,Bolingbrook,IL,EE. UU.
6248,Ronald,Consumer,Union City,CA,EE. UU.
4789,Kathleen,Consumer,Medina,OH,EE. UU.
9253,Benjamin,Consumer,Fort Lauderdale,FL,EE. UU.
10961,Mary,Consumer,Highland,CA,EE. UU.
188,Mary,Consumer,Los Angeles,CA,EE. UU.
11741,Mary,Consumer,Roseville,MI,EE. UU.
3971,John,Consumer,Jonesboro,AR,EE. UU.
2141,Mary,Consumer,Elk Grove,CA,EE. UU.
12280,John,Consumer,Tallahassee,FL,EE. UU.
4742,Bobby,Consumer,Oceanside,CA,EE. UU.
3559,Susan,Consumer,North Las Vegas,NV,EE. UU.
638,Michael,Consumer,Bridgeton,NJ,EE. UU.
2110,Cynthia,Consumer,Fullerton,CA,EE. UU.
11731,Scott,Consumer,Encinitas,CA,EE. UU.
5977,Amanda,Consumer,Montebello,CA,EE. UU.
9459,Stephen,Consumer,San Francisco,CA,EE. UU.
4187,Jesse,Consumer,Augusta,GA,EE. UU.
1015,Jordan,Consumer,Glenview,IL,EE. UU.
9252,Mary,Consumer,Chicago,IL,EE. UU.
2975,Amy,Consumer,Tempe,AZ,EE. UU.
4452,Joyce,Consumer,Freeport,NY,EE. UU.
6652,Sharon,Consumer,San Jose,CA,EE. UU.
3365,William,Consumer,Rock Hill,SC,EE. UU.
3369,Joseph,Consumer,Rome,NY,EE. UU.
895,Dorothy,Consumer,Chicago,IL,EE. UU.
7390,Benjamin,Consumer,New Bedford,MA,EE. UU.
2149,Mary,Consumer,Tucson,AZ,EE. UU.
6075,Mary,Consumer,Austin,TX,EE. UU.
5481,Mary,Consumer,Scottsdale,AZ,EE. UU.
10731,Mary,Consumer,Riverside,CA,EE. UU.
11654,Michelle,Consumer,Santa Cruz,CA,EE. UU.
6397,Mary,Consumer,Oregon City,OR,EE. UU.
6906,Rebecca,Consumer,Dallas,TX,EE. UU.
6600,Arthur,Consumer,Escondido,CA,EE. UU.
11073,Mary,Consumer,Tonawanda,NY,EE. UU.
1191,Mary,Consumer,Annandale,VA,EE. UU.
8102,David,Consumer,Memphis,TN,EE. UU.
7051,Russell,Consumer,Wheaton,IL,EE. UU.
4044,Stephen,Consumer,Plano,TX,EE. UU.
235,David,Consumer,Piscataway,NJ,EE. UU.
703,Joan,Consumer,Miami,FL,EE. UU.
5289,Jacob,Consumer,Bismarck,ND,EE. UU.
3916,Mary,Consumer,Chesapeake,VA,EE. UU.
9600,Nicholas,Consumer,Toms River,NJ,EE. UU.
9107,Mark,Consumer,Los Angeles,CA,EE. UU.
5979,Mary,Consumer,Vista,CA,EE. UU.
3934,Joseph,Consumer,Algonquin,IL,EE. UU.
9426,Jack,Consumer,Aurora,CO,EE. UU.
2513,Cynthia,Consumer,Philadelphia,PA,EE. UU.
10632,Mary,Consumer,Escondido,CA,EE. UU.
9154,Anna,Consumer,Detroit,MI,EE. UU.
9897,Marilyn,Consumer,San Jose,CA,EE. UU.
11198,Samuel,Consumer,Marietta,GA,EE. UU.
1753,Sandra,Consumer,Pekin,IL,EE. UU.
2790,Mary,Consumer,Santa Ana,CA,EE. UU.
1756,Jason,Consumer,Dallas,TX,EE. UU.
10042,Christopher,Consumer,Canyon Country,CA,EE. UU.
9698,Mary,Consumer,Indianapolis,IN,EE. UU.
1448,Mary,Consumer,Caguas,PR,Puerto Rico
9072,Mary,Consumer,Caguas,PR,Puerto Rico
2569,Mary,Consumer,Caguas,PR,Puerto Rico
5038,Mary,Consumer,Caguas,PR,Puerto Rico
2683,Mary,Consumer,Caguas,PR,Puerto Rico
197,Ruth,Consumer,Caguas,PR,Puerto Rico
7200,Katherine,Consumer,Caguas,PR,Puerto Rico
12018,Raymond,Consumer,Caguas,PR,Puerto Rico
12240,Mary,Consumer,Caguas,PR,Puerto Rico
10311,Joyce,Consumer,Caguas,PR,Puerto Rico
8203,Nicole,Consumer,Caguas,PR,Puerto Rico
3948,George,Consumer,Caguas,PR,Puerto Rico
10969,Mary,Consumer,Caguas,PR,Puerto Rico
10461,Jessica,Consumer,Caguas,PR,Puerto Rico
11344,Mary,Consumer,Caguas,PR,Puerto Rico
10852,Mary,Consumer,Caguas,PR,Puerto Rico
2095,Brenda,Consumer,Caguas,PR,Puerto Rico
6145,Tiffany,Consumer,Caguas,PR,Puerto Rico
7101,Mary,Consumer,Caguas,PR,Puerto Rico
10053,Rebecca,Consumer,Caguas,PR,Puerto Rico
1234,Steven,Consumer,Caguas,PR,Puerto Rico
6900,Judith,Consumer,Caguas,PR,Puerto Rico
7614,Paul,Consumer,Caguas,PR,Puerto Rico
9177,Mary,Consumer,Caguas,PR,Puerto Rico
346,Edward,Consumer,Caguas,PR,Puerto Rico
10240,Mary,Consumer,Caguas,PR,Puerto Rico
3767,Mary,Consumer,Caguas,PR,Puerto Rico
3230,Mary,Consumer,Caguas,PR,Puerto Rico
9531,Mary,Consumer,Caguas,PR,Puerto Rico
5361,John,Consumer,Caguas,PR,Puerto Rico
4565,Marilyn,Consumer,Caguas,PR,Puerto Rico
3047,Barbara,Consumer,Caguas,PR,Puerto Rico
12319,Laura,Consumer,Caguas,PR,Puerto Rico
1326,Mary,Consumer,Caguas,PR,Puerto Rico
4528,Karen,Consumer,Caguas,PR,Puerto Rico
6706,Carolyn,Consumer,Caguas,PR,Puerto Rico
4350,Mary,Consumer,Caguas,PR,Puerto Rico
5971,Philip,Consumer,Caguas,PR,Puerto Rico
9285,Gloria,Consumer,Caguas,PR,Puerto Rico
7757,Donna,Consumer,Caguas,PR,Puerto Rico
9604,Nathan,Consumer,Caguas,PR,Puerto Rico
2402,Mary,Consumer,Caguas,PR,Puerto Rico
1117,Arthur,Consumer,Caguas,PR,Puerto Rico
6165,Mary,Consumer,Caguas,PR,Puerto Rico
1916,Jason,Consumer,Caguas,PR,Puerto Rico
2796,Mary,Consumer,Caguas,PR,Puerto Rico
39,Juan,Consumer,Caguas,PR,Puerto Rico
5533,Mary,Consumer,Caguas,PR,Puerto Rico
11129,Danielle,Consumer,Caguas,PR,Puerto Rico
8845,Robert,Consumer,San Juan,PR,Puerto Rico
9304,Janet,Consumer,Caguas,PR,Puerto Rico
3677,Sandra,Consumer,Caguas,PR,Puerto Rico
10517,Mary,Consumer,Caguas,PR,Puerto Rico
10548,Mary,Consumer,Caguas,PR,Puerto Rico
7270,Mary,Consumer,Caguas,PR,Puerto Rico
4622,Mary,Consumer,Caguas,PR,Puerto Rico
1748,Mark,Consumer,Caguas,PR,Puerto Rico
4775,Walter,Consumer,Caguas,PR,Puerto Rico
7948,Ethan,Consumer,Caguas,PR,Puerto Rico
1627,Mary,Consumer,Caguas,PR,Puerto Rico
1243,Joan,Consumer,Caguas,PR,Puerto Rico
7635,Mary,Consumer,Caguas,PR,Puerto Rico
3142,Brenda,Consumer,Caguas,PR,Puerto Rico
8024,Christopher,Consumer,Caguas,PR,Puerto Rico
5023,Mary,Consumer,Caguas,PR,Puerto Rico
9581,Deborah,Consumer,Caguas,PR,Puerto Rico
9294,Mary,Consumer,Caguas,PR,Puerto Rico
3797,David,Consumer,Caguas,PR,Puerto Rico
11999,Johnny,Consumer,Caguas,PR,Puerto Rico
3715,Debra,Consumer,Caguas,PR,Puerto Rico
2922,Madison,Consumer,Caguas,PR,Puerto Rico
967,Madison,Consumer,Caguas,PR,Puerto Rico
8481,Mary,Consumer,Caguas,PR,Puerto Rico
8205,Lawrence,Consumer,Caguas,PR,Puerto Rico
11380,Jane,Consumer,Caguas,PR,Puerto Rico
12052,Mary,Consumer,Caguas,PR,Puerto Rico
3915,Heather,Consumer,Caguas,PR,Puerto Rico
8051,Emily,Consumer,Caguas,PR,Puerto Rico
3249,Mary,Consumer,Caguas,PR,Puerto Rico
7894,Emma,Consumer,Caguas,PR,Puerto Rico
9197,Mary,Consumer,Caguas,PR,Puerto Rico
5855,Daniel,Consumer,Caguas,PR,Puerto Rico
4611,Dorothy,Consumer,Caguas,PR,Puerto Rico
1657,Betty,Consumer,Caguas,PR,Puerto Rico
9202,Mary,Consumer,Caguas,PR,Puerto Rico
9368,Mary,Consumer,Caguas,PR,Puerto Rico
712,Mary,Consumer,Vega Baja,PR,Puerto Rico
12279,Mary,Consumer,Caguas,PR,Puerto Rico
8520,Denise,Consumer,Caguas,PR,Puerto Rico
3373,Mary,Consumer,Caguas,PR,Puerto Rico
8587,James,Consumer,San Juan,PR,Puerto Rico
288,Judith,Consumer,San Juan,PR,Puerto Rico
8004,Mary,Consumer,Caguas,PR,Puerto Rico
1507,Mary,Consumer,Caguas,PR,Puerto Rico
228,Jessica,Consumer,Caguas,PR,Puerto Rico
10753,Gregory,Consumer,Caguas,PR,Puerto Rico
2368,Mary,Consumer,Caguas,PR,Puerto Rico
9484,Mary,Consumer,Caguas,PR,Puerto Rico
7005,James,Consumer,Caguas,PR,Puerto Rico
9164,Frances,Consumer,Caguas,PR,Puerto Rico
10500,Mary,Consumer,Caguas,PR,Puerto Rico
3814,Eric,Consumer,Caguas,PR,Puerto Rico
4346,James,Consumer,Caguas,PR,Puerto Rico
2233,Jack,Consumer,Caguas,PR,Puerto Rico
7045,Helen,Consumer,Caguas,PR,Puerto Rico
7330,Mary,Consumer,Caguas,PR,Puerto Rico
2136,Catherine,Consumer,Caguas,PR,Puerto Rico
12333,Mary,Consumer,Caguas,PR,Puerto Rico
2062,Sharon,Consumer,Caguas,PR,Puerto Rico
2518,Mary,Consumer,Caguas,PR,Puerto Rico
7007,Mary,Consumer,Caguas,PR,Puerto Rico
11743,Alexander,Consumer,Caguas,PR,Puerto Rico
5001,Ann,Consumer,Caguas,PR,Puerto Rico
6162,Wayne,Consumer,Caguas,PR,Puerto Rico
4045,Mary,Consumer,Caguas,PR,Puerto Rico
11197,Mary,Consumer,Caguas,PR,Puerto Rico
10610,Nancy,Corporate,Caguas,PR,Puerto Rico
10046,Mary,Corporate,Caguas,PR,Puerto Rico
13443,Octavia,Corporate,Caguas,PR,Puerto Rico
3636,Willie,Corporate,Caguas,PR,Puerto Rico
1001,Jane,Corporate,Caguas,PR,Puerto Rico
5082,Susan,Corporate,Caguas,PR,Puerto Rico
934,James,Corporate,Caguas,PR,Puerto Rico
10735,Albert,Corporate,Caguas,PR,Puerto Rico
6346,Mary,Corporate,Caguas,PR,Puerto Rico
12128,Jeremy,Corporate,Caguas,PR,Puerto Rico
14745,Cathleen,Corporate,Caguas,PR,Puerto Rico
11507,Mary,Corporate,Caguas,PR,Puerto Rico
11365,Mary,Corporate,Caguas,PR,Puerto Rico
2860,George,Corporate,Caguas,PR,Puerto Rico
614,Jack,Corporate,Caguas,PR,Puerto Rico
3433,David,Corporate,Caguas,PR,Puerto Rico
8502,Mary,Corporate,Caguas,PR,Puerto Rico
9210,Martha,Corporate,Caguas,PR,Puerto Rico
13575,Sacha,Corporate,Caguas,PR,Puerto Rico
4744,Cynthia,Corporate,Caguas,PR,Puerto Rico
6735,Barbara,Corporate,Caguas,PR,Puerto Rico
6524,Megan,Consumer,Bronx,NY,EE. UU.
5209,Mary,Consumer,Detroit,MI,EE. UU.
5518,Patricia,Consumer,Princeton,NJ,EE. UU.
9955,Jeffrey,Consumer,Chandler,AZ,EE. UU.
10672,Mary,Consumer,Los Angeles,CA,EE. UU.
2129,William,Consumer,El Cajon,CA,EE. UU.
1450,Russell,Consumer,Saint Paul,MN,EE. UU.
2289,Kathy,Consumer,Hilliard,OH,EE. UU.
9555,Sandra,Consumer,Orange Park,FL,EE. UU.
323,Joshua,Consumer,New York,NY,EE. UU.
3046,Mary,Consumer,Hyattsville,MD,EE. UU.
10307,Bobby,Consumer,Tustin,CA,EE. UU.
2630,Willie,Consumer,Chicago,IL,EE. UU.
5268,Stephen,Consumer,Tonawanda,NY,EE. UU.
8802,Mary,Consumer,Amarillo,TX,EE. UU.
3544,Danielle,Consumer,Bismarck,ND,EE. UU.
6011,Phillip,Consumer,Decatur,GA,EE. UU.
9662,Diane,Consumer,San Pablo,CA,EE. UU.
3370,Mary,Consumer,Hialeah,FL,EE. UU.
12245,Mary,Consumer,Anaheim,CA,EE. UU.
1562,Mary,Consumer,Orlando,FL,EE. UU.
1508,David,Consumer,Brooklyn,NY,EE. UU.
7523,Margaret,Consumer,San Antonio,TX,EE. UU.
5671,Jacqueline,Consumer,Philadelphia,PA,EE. UU.
7748,Christopher,Consumer,Long Beach,CA,EE. UU.
4794,Julia,Consumer,Simi Valley,CA,EE. UU.
971,Jacqueline,Consumer,Douglasville,GA,EE. UU.
3420,Kenneth,Consumer,Catonsville,MD,EE. UU.
2742,Jane,Consumer,Henderson,NV,EE. UU.
7803,Elizabeth,Consumer,Lompoc,CA,EE. UU.
3939,Jane,Consumer,North Las Vegas,NV,EE. UU.
8118,Nathan,Consumer,Cumberland,MD,EE. UU.
4561,Scott,Consumer,Jonesboro,AR,EE. UU.
12218,Judith,Consumer,Lakewood,OH,EE. UU.
3146,Mary,Consumer,Opa Locka,FL,EE. UU.
9005,Thomas,Consumer,Elgin,IL,EE. UU.
775,Donna,Consumer,College Station,TX,EE. UU.
8860,Jonathan,Consumer,Hamtramck,MI,EE. UU.
6948,Mary,Consumer,Round Rock,TX,EE. UU.
2497,Wayne,Consumer,Mesquite,TX,EE. UU.
137,Jonathan,Consumer,Broken Arrow,OK,EE. UU.
2716,Kathleen,Consumer,Milpitas,CA,EE. UU.
3226,Shawn,Consumer,Memphis,TN,EE. UU.
173,Jose,Consumer,Lombard,IL,EE. UU.
10869,Nicole,Consumer,Brooklyn,NY,EE. UU.
2495,Lauren,Consumer,Webster,NY,EE. UU.
4064,Mildred,Consumer,Pawtucket,RI,EE. UU.
3788,Frances,Consumer,Memphis,TN,EE. UU.
10560,Diana,Consumer,Redmond,WA,EE. UU.
2387,Mary,Consumer,Cypress,CA,EE. UU.
336,Ruth,Consumer,New York,NY,EE. UU.
6936,Mary,Consumer,Findlay,OH,EE. UU.
5839,David,Consumer,Bend,OR,EE. UU.
6366,John,Consumer,La Habra,CA,EE. UU.
7052,Mary,Consumer,Albany,OR,EE. UU.
6776,Nancy,Consumer,San Diego,CA,EE. UU.
10385,Jeffrey,Consumer,West Covina,CA,EE. UU.
4648,Ryan,Consumer,Jersey City,NJ,EE. UU.
7288,Mary,Consumer,Laguna Hills,CA,EE. UU.
5048,Johnny,Consumer,Buffalo,NY,EE. UU.
8638,Daniel,Consumer,Los Angeles,CA,EE. UU.
11658,Mary,Consumer,Portland,OR,EE. UU.
4164,Mary,Consumer,Panorama City,CA,EE. UU.
7945,Mary,Consumer,Baltimore,MD,EE. UU.
7567,Nicole,Consumer,Roseburg,OR,EE. UU.
12066,Kevin,Consumer,Union City,NJ,EE. UU.
7554,Douglas,Consumer,Baltimore,MD,EE. UU.
9381,Andrea,Consumer,Loveland,OH,EE. UU.
5606,Teresa,Consumer,New York,NY,EE. UU.
4323,Steven,Consumer,Mesa,AZ,EE. UU.
12000,Mary,Consumer,Oceanside,CA,EE. UU.
5360,Mary,Consumer,Asheboro,NC,EE. UU.
2037,Jacob,Consumer,Rancho Cordova,CA,EE. UU.
10116,Ashley,Consumer,El Paso,TX,EE. UU.
10043,Mary,Consumer,Columbus,OH,EE. UU.
8340,Danielle,Consumer,Oceanside,CA,EE. UU.
2786,Adam,Consumer,Chicago,IL,EE. UU.
6295,Jessica,Consumer,Brooklyn,NY,EE. UU.
3749,Frances,Consumer,San Bernardino,CA,EE. UU.
10079,Daniel,Consumer,Apex,NC,EE. UU.
4174,Mary,Consumer,San Francisco,CA,EE. UU.
6056,Hannah,Consumer,Virginia Beach,VA,EE. UU.
11212,Thomas,Consumer,Bakersfield,CA,EE. UU.
7216,Mary,Consumer,Highland,CA,EE. UU.
6064,Mary,Consumer,South El Monte,CA,EE. UU.
12235,Jane,Consumer,Winnetka,CA,EE. UU.
12072,Mary,Consumer,Denver,CO,EE. UU.
3932,Evelyn,Consumer,Asheboro,NC,EE. UU.
8294,Mary,Consumer,Las Vegas,NV,EE. UU.
6143,Deborah,Consumer,Irving,TX,EE. UU.
874,Shirley,Consumer,Phoenix,AZ,EE. UU.
7612,Mary,Consumer,Brooklyn,NY,EE. UU.
2133,Rebecca,Consumer,Brooklyn,NY,EE. UU.
4079,Timothy,Consumer,Tonawanda,NY,EE. UU.
8854,Carol,Consumer,Blacksburg,VA,EE. UU.
2398,Mary,Consumer,Dorchester Center,MA,EE. UU.
7439,Mary,Consumer,York,PA,EE. UU.
11641,Mary,Consumer,Woonsocket,RI,EE. UU.
7326,Susan,Consumer,Aurora,IL,EE. UU.
4908,Ann,Consumer,Fontana,CA,EE. UU.
8202,Mary,Consumer,Brighton,MA,EE. UU.
10425,Mary,Consumer,Jersey City,NJ,EE. UU.
1249,Donald,Consumer,San Antonio,TX,EE. UU.
4524,Johnny,Consumer,Potomac,MD,EE. UU.
386,Janet,Consumer,Richmond,TX,EE. UU.
9585,Frances,Consumer,Sugar Land,TX,EE. UU.
3758,Scott,Consumer,Salt Lake City,UT,EE. UU.
5408,Rebecca,Consumer,Fremont,CA,EE. UU.
12095,Michael,Consumer,Greenville,NC,EE. UU.
8435,Joshua,Consumer,Los Angeles,CA,EE. UU.
5402,Crystal,Consumer,Fort Lauderdale,FL,EE. UU.
507,Steven,Consumer,Simi Valley,CA,EE. UU.
11840,Helen,Consumer,Hayward,CA,EE. UU.
9675,Mary,Consumer,Mission Viejo,CA,EE. UU.
355,Katherine,Consumer,Carmichael,CA,EE. UU.
7926,Bobby,Consumer,Freeport,NY,EE. UU.
8283,Andrew,Consumer,Baltimore,MD,EE. UU.
1335,Mary,Consumer,Winter Park,FL,EE. UU.
12309,Barbara,Consumer,Chicago,IL,EE. UU.
4543,Russell,Consumer,Stone Mountain,GA,EE. UU.
5625,Thomas,Consumer,Goleta,CA,EE. UU.
5492,Frank,Consumer,Bronx,NY,EE. UU.
1097,Larry,Consumer,Hagerstown,MD,EE. UU.
9201,Christian,Consumer,Martinsburg,WV,EE. UU.
10681,Mary,Consumer,Alameda,CA,EE. UU.
7018,Sarah,Consumer,Fontana,CA,EE. UU.
7022,Mary,Corporate,Miami,FL,EE. UU.
1002,Mary,Corporate,Milpitas,CA,EE. UU.
20722,Holly,Corporate,Morristown,NJ,EE. UU.
6213,Michael,Corporate,Rock Hill,SC,EE. UU.
8290,Benjamin,Corporate,Santa Ana,CA,EE. UU.
5222,Evelyn,Corporate,Saint Louis,MO,EE. UU.
15955,Gillian,Corporate,San Antonio,TX,EE. UU.
18020,Ocean,Corporate,Los Angeles,CA,EE. UU.
18002,Ainsley,Corporate,Memphis,TN,EE. UU.
14,Katherine,Corporate,Pico Rivera,CA,EE. UU.
11706,Mary,Corporate,Chula Vista,CA,EE. UU.
7437,Mary,Corporate,Corona,CA,EE. UU.
3603,Susan,Corporate,Longmont,CO,EE. UU.
1131,Sharon,Corporate,Saint Louis,MO,EE. UU.
4657,Mary,Corporate,Chicago,IL,EE. UU.
3121,Mary,Corporate,Los Angeles,CA,EE. UU.
18521,Quyn,Corporate,San Diego,CA,EE. UU.
1615,Mary,Corporate,Martinez,CA,EE. UU.
17349,Brenna,Corporate,Jackson,MI,EE. UU.
18323,Basia,Corporate,San Jose,CA,EE. UU.
940,Steven,Corporate,El Paso,TX,EE. UU.
17947,Linda,Corporate,San Jose,CA,EE. UU.
10087,Mary,Corporate,Fullerton,CA,EE. UU.
4435,George,Corporate,Roseville,MI,EE. UU.
167,Stephanie,Corporate,Columbus,OH,EE. UU.
5185,Mary,Corporate,Baltimore,MD,EE. UU.
5689,Thomas,Corporate,El Cajon,CA,EE. UU.
2752,Mary,Corporate,Phoenix,AZ,EE. UU.
3122,Joseph,Corporate,Augusta,GA,EE. UU.
5033,Mary,Corporate,Canton,MI,EE. UU.
18322,Roanna,Corporate,Arlington,TX,EE. UU.
15971,Zenaida,Corporate,Encinitas,CA,EE. UU.
5282,Gary,Corporate,Lawrenceville,GA,EE. UU.
7540,Mary,Corporate,Lancaster,PA,EE. UU.
8279,Jose,Corporate,Fort Worth,TX,EE. UU.
3695,Christopher,Corporate,Portland,OR,EE. UU.
9875,Christian,Corporate,Salt Lake City,UT,EE. UU.
4811,Karen,Corporate,Hollister,CA,EE. UU.
4226,Katherine,Corporate,Hialeah,FL,EE. UU.
3017,Frank,Corporate,Edison,NJ,EE. UU.
11447,Steven,Corporate,Beloit,WI,EE. UU.
6557,Margaret,Corporate,Tempe,AZ,EE. UU.
8927,Emily,Corporate,North Hollywood,CA,EE. UU.
8478,Mary,Corporate,Rowland Heights,CA,EE. UU.
17347,Ifeoma,Corporate,Santa Cruz,CA,EE. UU.
20664,Hannah,Corporate,Saint Paul,MN,EE. UU.
18519,Ramona,Corporate,Austin,TX,EE. UU.
1849,John,Corporate,Salinas,CA,EE. UU.
9539,Mary,Corporate,Lenoir,NC,EE. UU.
6101,Mary,Corporate,Los Angeles,CA,EE. UU.
20592,Katelyn,Corporate,San Francisco,CA,EE. UU.
345,John,Corporate,Chicago,IL,EE. UU.
1747,Mary,Corporate,Burnsville,MN,EE. UU.
17687,Charlotte,Corporate,Allentown,PA,EE. UU.
11693,Mary,Corporate,Philadelphia,PA,EE. UU.
5200,Jennifer,Corporate,Hyattsville,MD,EE. UU.
20699,Zorita,Corporate,Brooklyn,NY,EE. UU.
9573,Grace,Corporate,Quincy,IL,EE. UU.
8314,Angela,Corporate,Detroit,MI,EE. UU.
730,Mary,Corporate,Bronx,NY,EE. UU.
8204,Diana,Corporate,Bronx,NY,EE. UU.
20663,Jocelyn,Corporate,York,PA,EE. UU.
10148,Robert,Corporate,New Brunswick,NJ,EE. UU.
9800,Mary,Corporate,Beaverton,OR,EE. UU.
18392,Ria,Corporate,Denver,CO,EE. UU.
12007,Alan,Corporate,Washington,DC,EE. UU.
9181,Mary,Corporate,Chicago Heights,IL,EE. UU.
9858,Mary,Corporate,Oceanside,CA,EE. UU.
351,John,Corporate,Stockton,CA,EE. UU.
95,Susan,Corporate,Hyattsville,MD,EE. UU.
11725,Elizabeth,Corporate,Corona,CA,EE. UU.
8275,Janice,Corporate,Panorama City,CA,EE. UU.
1415,Mary,Corporate,Long Beach,CA,EE. UU.
11462,Debra,Corporate,Colorado Springs,CO,EE. UU.
4688,Mary,Corporate,Hesperia,CA,EE. UU.
4825,Jack,Corporate,Riverside,CA,EE. UU.
10800,Mary,Corporate,Arlington,TX,EE. UU.
1244,Mary,Corporate,Fond Du Lac,WI,EE. UU.
8676,Mary,Corporate,North Las Vegas,NV,EE. UU.
11063,Mary,Corporate,Cary,NC,EE. UU.
10510,Kevin,Corporate,Virginia Beach,VA,EE. UU.
12169,Mary,Corporate,Mesquite,TX,EE. UU.
11828,Dorothy,Corporate,Cleveland,OH,EE. UU.
2919,Douglas,Corporate,Raleigh,NC,EE. UU.
7036,Maria,Corporate,Sanford,NC,EE. UU.
8264,Robert,Corporate,Cicero,IL,EE. UU.
2035,Mary,Corporate,Lockport,NY,EE. UU.
4642,Mary,Corporate,New York,NY,EE. UU.
7675,Brenda,Corporate,Laredo,TX,EE. UU.
12054,Mary,Corporate,Westland,MI,EE. UU.
5208,Megan,Corporate,Bronx,NY,EE. UU.
673,James,Corporate,Chula Vista,CA,EE. UU.
4758,Mary,Corporate,Stockbridge,GA,EE. UU.
11217,James,Corporate,Brooklyn,NY,EE. UU.
9902,James,Corporate,Escondido,CA,EE. UU.
4157,Sara,Corporate,Garden Grove,CA,EE. UU.
222,Frank,Corporate,Carol Stream,IL,EE. UU.
11973,Mary,Corporate,Brooklyn,NY,EE. UU.
8556,Daniel,Corporate,Bronx,NY,EE. UU.
1118,Mary,Corporate,Paramount,CA,EE. UU.
8714,Janice,Corporate,Germantown,MD,EE. UU.
8678,Shirley,Corporate,Hialeah,FL,EE. UU.
5511,Linda,Corporate,Detroit,MI,EE. UU.
7306,Ruth,Corporate,Chicago,IL,EE. UU.
15539,Zena,Corporate,Spring Valley,NY,EE. UU.
10172,Mary,Corporate,San Jose,CA,EE. UU.
15447,Mia,Corporate,Wichita,KS,EE. UU.
6635,Bryan,Corporate,Los Angeles,CA,EE. UU.
15500,Justina,Corporate,Hacienda Heights,CA,EE. UU.
15374,Rosalyn,Corporate,Antioch,CA,EE. UU.
15660,Lenore,Corporate,Las Vegas,NV,EE. UU.
15498,Lani,Corporate,Columbus,OH,EE. UU.
15606,Rinah,Corporate,Woodbridge,VA,EE. UU.
15426,Desirae,Corporate,Los Angeles,CA,EE. UU.
18659,Briar,Corporate,North Tonawanda,NY,EE. UU.
15497,Remedios,Corporate,Los Angeles,CA,EE. UU.
15569,Shay,Corporate,Freeport,NY,EE. UU.
15675,Blythe,Corporate,Olathe,KS,EE. UU.
15458,Aubrey,Corporate,Dallas,TX,EE. UU.
15457,Neve,Corporate,Flushing,NY,EE. UU.
15367,Lacy,Corporate,New Braunfels,TX,EE. UU.
10008,Arthur,Corporate,Staten Island,NY,EE. UU.
15475,Yoshi,Corporate,Sunnyvale,CA,EE. UU.
4200,Ralph,Corporate,Eugene,OR,EE. UU.
15490,Leilani,Corporate,Compton,CA,EE. UU.
15364,Tallulah,Corporate,Saint Paul,MN,EE. UU.
3993,Mary,Corporate,Valrico,FL,EE. UU.
3148,Mary,Corporate,Lynwood,CA,EE. UU.
15489,Hiroko,Corporate,Kent,WA,EE. UU.
9514,Mary,Corporate,Laguna Hills,CA,EE. UU.
18669,Shelby,Corporate,Tempe,AZ,EE. UU.
296,Mary,Corporate,Detroit,MI,EE. UU.
18722,Azalia,Corporate,Los Angeles,CA,EE. UU.
7643,Karen,Corporate,Buffalo,NY,EE. UU.
6083,Andrea,Corporate,Lompoc,CA,EE. UU.
8772,Amanda,Corporate,Norfolk,VA,EE. UU.
10666,Mary,Corporate,Anaheim,CA,EE. UU.
496,Mary,Corporate,Revere,MA,EE. UU.
4298,Walter,Corporate,Ontario,CA,EE. UU.
3396,Patrick,Corporate,San Bernardino,CA,EE. UU.
8996,Maria,Corporate,Augusta,GA,EE. UU.
2383,Anthony,Corporate,Westerville,OH,EE. UU.
4120,Mary,Corporate,Cordova,TN,EE. UU.
1394,Amber,Corporate,North Las Vegas,NV,EE. UU.
5934,Mary,Corporate,Newburgh,NY,EE. UU.
3352,Gregory,Corporate,Chicago,IL,EE. UU.
5614,Carolyn,Corporate,Aurora,IL,EE. UU.
5819,Mary,Corporate,New Brunswick,NJ,EE. UU.
6223,Carolyn,Corporate,Columbus,OH,EE. UU.
9674,Sean,Corporate,Taylor,MI,EE. UU.
11957,Mary,Corporate,Cincinnati,OH,EE. UU.
2153,Nathan,Corporate,Bakersfield,CA,EE. UU.
6736,Timothy,Corporate,San Diego,CA,EE. UU.
552,Mary,Corporate,Los Angeles,CA,EE. UU.
7733,Mary,Corporate,Hanford,CA,EE. UU.
3424,Patricia,Corporate,Clementon,NJ,EE. UU.
1263,Emily,Corporate,Ontario,CA,EE. UU.
5271,Mary,Corporate,North Hills,CA,EE. UU.
7707,Anna,Corporate,Brooklyn,NY,EE. UU.
12055,Emily,Corporate,Orlando,FL,EE. UU.
10365,Amy,Corporate,Winnetka,CA,EE. UU.
1618,Mary,Corporate,Philadelphia,PA,EE. UU.
11573,Judy,Corporate,Brooklyn,NY,EE. UU.
1331,Mary,Corporate,Panorama City,CA,EE. UU.
5097,Jennifer,Corporate,Martinez,CA,EE. UU.
7178,Mary,Corporate,Greenville,NC,EE. UU.
8404,Joshua,Corporate,Troy,NY,EE. UU.
10518,Jesse,Corporate,Rialto,CA,EE. UU.
1342,Laura,Corporate,Saint Peters,MO,EE. UU.
2511,Teresa,Corporate,Apex,NC,EE. UU.
248,Christina,Corporate,Houston,TX,EE. UU.
5917,Ashley,Corporate,Mchenry,IL,EE. UU.
10983,Mary,Corporate,Fontana,CA,EE. UU.
11114,Mary,Corporate,Columbus,OH,EE. UU.
5902,Mary,Corporate,Mission,TX,EE. UU.
1219,Angela,Corporate,Detroit,MI,EE. UU.
4269,Mary,Corporate,Tustin,CA,EE. UU.
6725,Mary,Corporate,Philadelphia,PA,EE. UU.
5054,Paul,Corporate,Brooklyn,NY,EE. UU.
10648,Mary,Corporate,Los Angeles,CA,EE. UU.
4986,Katherine,Corporate,Santa Ana,CA,EE. UU.
6708,Mary,Corporate,Virginia Beach,VA,EE. UU.
6872,Mary,Corporate,Azusa,CA,EE. UU.
11170,Mary,Corporate,Philadelphia,PA,EE. UU.
4707,Victoria,Corporate,Harvey,IL,EE. UU.
3085,Richard,Corporate,Cleveland,OH,EE. UU.
2319,Mary,Corporate,Jackson,MI,EE. UU.
3302,Terry,Corporate,Salem,OR,EE. UU.
10226,Mary,Corporate,Murfreesboro,TN,EE. UU.
2456,Joan,Corporate,York,PA,EE. UU.
4477,Jonathan,Corporate,Duluth,GA,EE. UU.
4427,Edward,Corporate,Carlisle,PA,EE. UU.
3628,Alice,Corporate,Elgin,IL,EE. UU.
11791,Mary,Corporate,Riverside,CA,EE. UU.
5935,Mary,Corporate,Philadelphia,PA,EE. UU.
12381,Mary,Corporate,Austin,TX,EE. UU.
6227,David,Corporate,New Brunswick,NJ,EE. UU.
1899,Susan,Corporate,Norfolk,VA,EE. UU.
11337,Mary,Corporate,Danbury,CT,EE. UU.
5941,Douglas,Corporate,Newark,OH,EE. UU.
2871,Sharon,Corporate,Marietta,GA,EE. UU.
11586,Nancy,Corporate,New Orleans,LA,EE. UU.
4070,Mary,Corporate,Bridgeton,NJ,EE. UU.
10591,Deborah,Corporate,Plymouth,MA,EE. UU.
7268,Mary,Corporate,Davis,CA,EE. UU.
3598,Marilyn,Corporate,Tucson,AZ,EE. UU.
1958,Mary,Corporate,Lancaster,PA,EE. UU.
9307,Mary,Corporate,Stone Mountain,GA,EE. UU.
3995,Kathryn,Corporate,North Las Vegas,NV,EE. UU.
3485,Mary,Corporate,San Bernardino,CA,EE. UU.
5732,Jacob,Corporate,Frankfort,KY,EE. UU.
8100,Victoria,Corporate,Upland,CA,EE. UU.
1475,Mary,Corporate,Rosemead,CA,EE. UU.
7113,Mary,Corporate,North Richland Hills,TX,EE. UU.
10667,Walter,Corporate,Methuen,MA,EE. UU.
10643,Katherine,Corporate,Escondido,CA,EE. UU.
2571,Zachary,Corporate,Mount Pleasant,MI,EE. UU.
8650,Patricia,Corporate,Buffalo,NY,EE. UU.
4429,Sara,Corporate,Dallas,TX,EE. UU.
8037,Mary,Corporate,Salem,OR,EE. UU.
9352,Mary,Corporate,South El Monte,CA,EE. UU.
9432,Hannah,Corporate,Sugar Land,TX,EE. UU.
695,Sara,Corporate,Roswell,NM,EE. UU.
9511,Joshua,Corporate,Harvey,IL,EE. UU.
6492,Bryan,Corporate,Provo,UT,EE. UU.
9112,Joseph,Corporate,Bay Shore,NY,EE. UU.
7532,Mary,Corporate,Philadelphia,PA,EE. UU.
6950,Nicholas,Corporate,Marrero,LA,EE. UU.
4830,Henry,Corporate,Philadelphia,PA,EE. UU.
6967,Johnny,Corporate,Oceanside,CA,EE. UU.
2891,Victoria,Corporate,Lake Forest,CA,EE. UU.
3306,Mary,Corporate,New York,NY,EE. UU.
6670,Betty,Corporate,West Chester,PA,EE. UU.
9723,Rose,Corporate,Los Angeles,CA,EE. UU.
1662,George,Corporate,Bronx,NY,EE. UU.
2709,Mary,Corporate,New York,NY,EE. UU.
12101,Samantha,Corporate,Highland,CA,EE. UU.
8078,Janet,Corporate,Brooklyn,NY,EE. UU.
2540,Patricia,Corporate,Indianapolis,IN,EE. UU.
4329,Mary,Corporate,Lindenhurst,NY,EE. UU.
8841,Mary,Corporate,Los Angeles,CA,EE. UU.
11822,Christian,Corporate,Stamford,CT,EE. UU.
2386,Carl,Corporate,San Bernardino,CA,EE. UU.
2228,Carolyn,Corporate,Aurora,CO,EE. UU.
4911,Mary,Corporate,Greenville,NC,EE. UU.
5214,Mary,Corporate,New York,NY,EE. UU.
2504,Mary,Corporate,West Chester,PA,EE. UU.
6741,Mary,Corporate,Winter Park,FL,EE. UU.
8508,Eugene,Corporate,New Orleans,LA,EE. UU.
8652,Kenneth,Corporate,Woodside,NY,EE. UU.
7401,Mary,Corporate,Santa Clara,CA,EE. UU.
5698,Mary,Corporate,Fremont,CA,EE. UU.
4328,Doris,Corporate,Elyria,OH,EE. UU.
12341,Roy,Corporate,Norcross,GA,EE. UU.
8507,Gloria,Corporate,Milpitas,CA,EE. UU.
7882,Mary,Corporate,Round Rock,TX,EE. UU.
8281,Willie,Corporate,Bakersfield,CA,EE. UU.
10930,Gerald,Corporate,San Jose,CA,EE. UU.
603,Austin,Corporate,Fresno,CA,EE. UU.
3884,Mary,Corporate,North Bergen,NJ,EE. UU.
4708,Mary,Corporate,Roseburg,OR,EE. UU.
11419,Jessica,Corporate,York,PA,EE. UU.
4668,Mary,Corporate,Mechanicsburg,PA,EE. UU.
6740,Brian,Corporate,Zanesville,OH,EE. UU.
3262,Mary,Corporate,Aurora,IL,EE. UU.
10957,Jessica,Corporate,Brooklyn,NY,EE. UU.
11634,Ethan,Corporate,San Diego,CA,EE. UU.
505,Mary,Corporate,Scottsdale,AZ,EE. UU.
8026,Mary,Corporate,Middletown,OH,EE. UU.
4991,Mary,Corporate,Greensboro,NC,EE. UU.
7830,Christina,Corporate,East Lansing,MI,EE. UU.
12034,Mary,Corporate,Simi Valley,CA,EE. UU.
619,Matthew,Corporate,Houston,TX,EE. UU.
10137,Mary,Corporate,Los Angeles,CA,EE. UU.
8640,Mary,Corporate,Diamond Bar,CA,EE. UU.
9636,Mary,Corporate,San Francisco,CA,EE. UU.
4316,Kevin,Corporate,Indianapolis,IN,EE. UU.
791,Mary,Corporate,Canton,MI,EE. UU.
2772,Patricia,Corporate,San Bernardino,CA,EE. UU.
2385,Sharon,Corporate,Costa Mesa,CA,EE. UU.
1891,Mary,Corporate,Painesville,OH,EE. UU.
16649,Stella,Corporate,Spring Valley,CA,EE. UU.
16648,Camille,Consumer,Fresno,CA,EE. UU.
16647,Carly,Consumer,Caguas,PR,Puerto Rico
16646,Shana,Consumer,Phoenix,AZ,EE. UU.
16645,Moana,Consumer,Caguas,PR,Puerto Rico
16644,Moana,Consumer,Atlanta,GA,EE. UU.
16643,Teegan,Corporate,Caguas,PR,Puerto Rico
16642,Lareina,Corporate,Strongsville,OH,EE. UU.
16641,Amanda,Consumer,Brooklyn,NY,EE. UU.
16640,Veronica,Consumer,Caguas,PR,Puerto Rico
16639,Kirby,Home Office,Portland,OR,EE. UU.
16638,Kevyn,Home Office,Catonsville,MD,EE. UU.
16637,Stacy,Home Office,Caguas,PR,Puerto Rico
16636,Alexis,Corporate,Eugene,OR,EE. UU.
16635,Rose,Home Office,Hayward,CA,EE. UU.
16634,Shelby,Home Office,Los Angeles,CA,EE. UU.
16633,Lilah,Home Office,Caguas,PR,Puerto Rico
16632,Gisela,Home Office,Lynnwood,WA,EE. UU.
16631,Danielle,Consumer,Dallas,TX,EE. UU.
16630,Blair,Home Office,Caguas,PR,Puerto Rico
4768,Amanda,Home Office,Caguas,PR,Puerto Rico
9037,Laura,Consumer,Bellflower,CA,EE. UU.
5783,Daniel,Consumer,Indianapolis,IN,EE. UU.
9532,Ann,Corporate,Amarillo,TX,EE. UU.
7279,Emily,Consumer,Massillon,OH,EE. UU.
3851,Mary,Consumer,Caguas,PR,Puerto Rico
8372,Jessica,Corporate,Caguas,PR,Puerto Rico
7580,Joseph,Consumer,Caguas,PR,Puerto Rico
4376,Scott,Home Office,Caguas,PR,Puerto Rico
8549,Eric,Consumer,Hollywood,FL,EE. UU.
1921,Larry,Home Office,Longmont,CO,EE. UU.
11208,Mary,Consumer,Caguas,PR,Puerto Rico
6247,Mary,Consumer,Caguas,PR,Puerto Rico
11017,Rachel,Home Office,Caguas,PR,Puerto Rico
3649,Andrew,Corporate,Union City,CA,EE. UU.
10076,Mary,Consumer,Caguas,PR,Puerto Rico
2137,Mary,Corporate,Moreno Valley,CA,EE. UU.
3686,Jacob,Consumer,Caguas,PR,Puerto Rico
5186,Jason,Corporate,Alhambra,CA,EE. UU.
6778,Mary,Consumer,Caguas,PR,Puerto Rico
263,Margaret,Consumer,Caguas,PR,Puerto Rico
1444,Mary,Corporate,Caguas,PR,Puerto Rico
1092,George,Corporate,Caguas,PR,Puerto Rico
7103,Ann,Consumer,Chicago,IL,EE. UU.
6141,Mary,Consumer,Caguas,PR,Puerto Rico
577,Mary,Consumer,Caguas,PR,Puerto Rico
7832,Stephen,Corporate,Chicago,IL,EE. UU.
1944,Mary,Home Office,Crystal Lake,IL,EE. UU.
5976,William,Home Office,Glendale,AZ,EE. UU.
12146,Mary,Corporate,Houston,TX,EE. UU.
1873,Ronald,Consumer,Caguas,PR,Puerto Rico
1788,Timothy,Consumer,Fort Lauderdale,FL,EE. UU.
8480,Gary,Consumer,Rego Park,NY,EE. UU.
3241,Willie,Consumer,Caguas,PR,Puerto Rico
10173,Kathleen,Consumer,Philadelphia,PA,EE. UU.
2247,Alice,Home Office,Laredo,TX,EE. UU.
251,Kelly,Corporate,Saint Paul,MN,EE. UU.
3754,Mary,Home Office,Columbus,GA,EE. UU.
6370,Andrea,Corporate,Provo,UT,EE. UU.
6374,Rebecca,Corporate,Caguas,PR,Puerto Rico
3438,James,Consumer,Mililani,HI,EE. UU.
12355,Victoria,Consumer,Lombard,IL,EE. UU.
3045,Lisa,Consumer,Caguas,PR,Puerto Rico
9727,Mary,Home Office,Chicago,IL,EE. UU.
3469,Rebecca,Home Office,Waipahu,HI,EE. UU.
2615,Carol,Consumer,Garden Grove,CA,EE. UU.
415,Mary,Corporate,San Diego,CA,EE. UU.
7621,Jack,Consumer,College Station,TX,EE. UU.
321,David,Consumer,Ann Arbor,MI,EE. UU.
7269,Adam,Consumer,San Jose,CA,EE. UU.
10802,Mary,Corporate,Caguas,PR,Puerto Rico
210,Jonathan,Corporate,Caguas,PR,Puerto Rico
2588,Mary,Consumer,Caguas,PR,Puerto Rico
1495,Mary,Consumer,Caguas,PR,Puerto Rico
11204,Marie,Consumer,Longmont,CO,EE. UU.
11412,Mary,Corporate,Santa Ana,CA,EE. UU.
8400,Mary,Consumer,Smyrna,GA,EE. UU.
3565,Johnny,Corporate,Caguas,PR,Puerto Rico
1490,David,Consumer,Portland,OR,EE. UU.
10428,Tammy,Consumer,Caguas,PR,Puerto Rico
8663,Mary,Consumer,Chicago,IL,EE. UU.
7114,Deborah,Corporate,Cleveland,OH,EE. UU.
6450,Mary,Consumer,Fresno,CA,EE. UU.
1153,Mary,Consumer,Woodbridge,VA,EE. UU.
10499,Theresa,Corporate,Princeton,NJ,EE. UU.
11187,Mary,Consumer,Caguas,PR,Puerto Rico
9742,Mary,Home Office,New York,NY,EE. UU.
10582,Mary,Consumer,Caguas,PR,Puerto Rico
10893,Lisa,Corporate,Riverside,CA,EE. UU.
8744,Mary,Consumer,Salinas,CA,EE. UU.
8807,Mary,Consumer,Caguas,PR,Puerto Rico
11616,Carol,Home Office,Wyoming,MI,EE. UU.
711,Barbara,Corporate,Caguas,PR,Puerto Rico
6499,Ashley,Home Office,Denver,CO,EE. UU.
8572,Victoria,Consumer,Caguas,PR,Puerto Rico
7994,Ralph,Corporate,Caguas,PR,Puerto Rico
5845,Daniel,Home Office,La Mesa,CA,EE. UU.
9807,Mary,Consumer,Vista,CA,EE. UU.
11757,Mary,Consumer,Caguas,PR,Puerto Rico
5785,Mary,Home Office,Caguas,PR,Puerto Rico
9129,Judy,Corporate,Caguas,PR,Puerto Rico
9326,Linda,Consumer,Portland,OR,EE. UU.
2641,Betty,Consumer,Carrollton,TX,EE. UU.
10245,Mary,Corporate,Dallas,TX,EE. UU.
1168,Elizabeth,Corporate,Edinburg,TX,EE. UU.
12363,Kimberly,Consumer,Caguas,PR,Puerto Rico
7512,Susan,Consumer,Caguas,PR,Puerto Rico
11044,Daniel,Consumer,Memphis,TN,EE. UU.
1826,Matthew,Corporate,Caguas,PR,Puerto Rico
1804,Kathleen,Corporate,Howell,MI,EE. UU.
11551,Lawrence,Consumer,Caguas,PR,Puerto Rico
2353,Mary,Consumer,Dallas,TX,EE. UU.
7735,Mary,Consumer,Caguas,PR,Puerto Rico
6199,Mary,Consumer,Corona,NY,EE. UU.
6817,Mary,Consumer,Zanesville,OH,EE. UU.
7226,Helen,Home Office,Michigan City,IN,EE. UU.
4061,Jeffrey,Consumer,Caguas,PR,Puerto Rico
12418,Linda,Consumer,Caguas,PR,Puerto Rico
12142,Anthony,Consumer,Encinitas,CA,EE. UU.
8810,Mary,Corporate,Caguas,PR,Puerto Rico
10341,Mary,Home Office,Long Beach,CA,EE. UU.
11338,Paul,Consumer,Sheboygan,WI,EE. UU.
6301,Mary,Corporate,Moline,IL,EE. UU.
1812,Mary,Home Office,Elgin,IL,EE. UU.
9872,Mary,Corporate,Caguas,PR,Puerto Rico
757,Jane,Consumer,Tempe,AZ,EE. UU.
8370,Mary,Corporate,Caguas,PR,Puerto Rico
2938,Nicole,Consumer,Antioch,CA,EE. UU.
312,Jack,Consumer,Houston,TX,EE. UU.
2485,Mary,Consumer,Caguas,PR,Puerto Rico
9337,Mary,Consumer,Chicago,IL,EE. UU.
11413,Amanda,Home Office,Norcross,GA,EE. UU.
11318,Mary,Consumer,Caguas,PR,Puerto Rico
2097,Mary,Corporate,Atlanta,GA,EE. UU.
2583,Michelle,Consumer,Mchenry,IL,EE. UU.
9602,Crystal,Home Office,Caguas,PR,Puerto Rico
12289,Andrea,Consumer,Caguas,PR,Puerto Rico
10154,Madison,Home Office,Chicago,IL,EE. UU.
7329,Deborah,Consumer,Las Vegas,NV,EE. UU.
7365,Mary,Consumer,Elmhurst,NY,EE. UU.
1393,Ryan,Corporate,Caguas,PR,Puerto Rico
1725,Mary,Corporate,Brooklyn,NY,EE. UU.
9713,Mary,Home Office,Bolingbrook,IL,EE. UU.
8184,Mary,Corporate,Brooklyn,NY,EE. UU.
6700,Virginia,Consumer,Eagle Pass,TX,EE. UU.
511,Doris,Consumer,Caguas,PR,Puerto Rico
10469,Melissa,Consumer,Los Angeles,CA,EE. UU.
1152,Maria,Consumer,Bronx,NY,EE. UU.
7481,Lori,Corporate,Caguas,PR,Puerto Rico
12232,Mary,Corporate,Brooklyn,NY,EE. UU.
7377,Katherine,Consumer,Caguas,PR,Puerto Rico
3577,Michael,Home Office,Chicago,IL,EE. UU.
7960,Ethan,Corporate,Caguas,PR,Puerto Rico
12192,Mary,Consumer,San Diego,CA,EE. UU.
5415,Mary,Home Office,Yuma,AZ,EE. UU.
4012,Mary,Corporate,Roswell,GA,EE. UU.
51,Jessica,Home Office,Caguas,PR,Puerto Rico
1906,Raymond,Consumer,Lutz,FL,EE. UU.
1542,Lori,Consumer,New Orleans,LA,EE. UU.
8753,William,Consumer,Hagerstown,MD,EE. UU.
2345,Mary,Consumer,New York,NY,EE. UU.
9264,Mary,Consumer,Caguas,PR,Puerto Rico
9913,Carol,Corporate,Caguas,PR,Puerto Rico
11326,Keith,Consumer,Los Angeles,CA,EE. UU.
1811,Susan,Home Office,Detroit,MI,EE. UU.
8928,Mary,Consumer,Eugene,OR,EE. UU.
8661,James,Home Office,Las Vegas,NV,EE. UU.
9502,Matthew,Home Office,El Paso,TX,EE. UU.
3282,Mary,Consumer,Dallas,TX,EE. UU.
635,Mary,Consumer,Caguas,PR,Puerto Rico
8660,Mary,Home Office,Caguas,PR,Puerto Rico
10125,Ethan,Consumer,Fremont,CA,EE. UU.
6658,Mary,Consumer,Plano,TX,EE. UU.
5385,Lisa,Corporate,Caguas,PR,Puerto Rico
1042,Frances,Consumer,Caguas,PR,Puerto Rico
8282,Mary,Corporate,Caguas,PR,Puerto Rico
964,Mary,Corporate,New York,NY,EE. UU.
10862,Mary,Consumer,Stockton,CA,EE. UU.
7423,Christina,Consumer,Cleveland,OH,EE. UU.
9603,Mary,Consumer,Campbell,CA,EE. UU.
11917,Matthew,Corporate,Caguas,PR,Puerto Rico
7186,Mary,Consumer,Caguas,PR,Puerto Rico
8835,Mary,Corporate,Richmond,TX,EE. UU.
4474,Mary,Consumer,Caguas,PR,Puerto Rico
7881,Kathryn,Corporate,Saint Louis,MO,EE. UU.
2229,Mary,Corporate,Caguas,PR,Puerto Rico
793,Mary,Consumer,San Antonio,TX,EE. UU.
913,William,Consumer,Caguas,PR,Puerto Rico
2608,Madison,Consumer,Philadelphia,PA,EE. UU.
217,Mary,Corporate,Caguas,PR,Puerto Rico
6766,Mary,Consumer,Fort Washington,MD,EE. UU.
3503,Kathryn,Corporate,Philadelphia,PA,EE. UU.
204,Mary,Consumer,Las Vegas,NV,EE. UU.
7010,Jessica,Home Office,Caguas,PR,Puerto Rico
5495,Mary,Home Office,Caguas,PR,Puerto Rico
6645,Zachary,Consumer,Caguas,PR,Puerto Rico
9933,Mary,Home Office,Canovanas,PR,Puerto Rico
2552,Karen,Consumer,Mount Prospect,IL,EE. UU.
2313,Mary,Consumer,Scottsdale,AZ,EE. UU.
10334,Gary,Consumer,Findlay,OH,EE. UU.
4564,Mary,Consumer,Charlotte,NC,EE. UU.
1553,Raymond,Consumer,Oakland,CA,EE. UU.
102,Gregory,Corporate,Caguas,PR,Puerto Rico
434,Michael,Consumer,Caguas,PR,Puerto Rico
2199,Cynthia,Corporate,Caguas,PR,Puerto Rico
6828,Steven,Home Office,Jersey City,NJ,EE. UU.
5943,Mary,Corporate,Caguas,PR,Puerto Rico
7651,Gerald,Consumer,Elk Grove,CA,EE. UU.
8862,William,Consumer,Zanesville,OH,EE. UU.
11090,John,Consumer,Roseburg,OR,EE. UU.
12178,Mary,Consumer,Irving,TX,EE. UU.
151,Lisa,Consumer,Richmond,TX,EE. UU.
5543,Patricia,Corporate,Far Rockaway,NY,EE. UU.
6616,Shirley,Corporate,San Marcos,CA,EE. UU.
5921,Mary,Corporate,Caguas,PR,Puerto Rico
10808,Mary,Consumer,Walnut,CA,EE. UU.
809,Hannah,Consumer,Caguas,PR,Puerto Rico
7913,Randy,Consumer,Caguas,PR,Puerto Rico
12183,Kathryn,Corporate,Caguas,PR,Puerto Rico
11921,Thomas,Corporate,Newark,NJ,EE. UU.
12102,Johnny,Corporate,Caguas,PR,Puerto Rico
6576,Emma,Consumer,Caguas,PR,Puerto Rico
8889,Evelyn,Consumer,Caguas,PR,Puerto Rico
10797,Mary,Corporate,Salt Lake City,UT,EE. UU.
1950,Mary,Home Office,New Bedford,MA,EE. UU.
12340,Patricia,Corporate,Caguas,PR,Puerto Rico
2710,Katherine,Consumer,Albuquerque,NM,EE. UU.
2775,Mary,Consumer,Caguas,PR,Puerto Rico
11983,Mary,Consumer,Chicago,IL,EE. UU.
10734,Emily,Corporate,Flushing,NY,EE. UU.
6231,Mary,Home Office,Harlingen,TX,EE. UU.
11352,Doris,Consumer,Caguas,PR,Puerto Rico
8755,Catherine,Consumer,Caguas,PR,Puerto Rico
12366,Mary,Consumer,Saint Paul,MN,EE. UU.
5805,Raymond,Corporate,Caguas,PR,Puerto Rico
6486,Mary,Consumer,Aurora,CO,EE. UU.
12209,Jerry,Home Office,Rio Rancho,NM,EE. UU.
12267,Mary,Home Office,Nashville,TN,EE. UU.
8484,Edward,Home Office,Saint Louis,MO,EE. UU.
1827,Mary,Home Office,Buffalo,NY,EE. UU.
5142,Mary,Consumer,Annapolis,MD,EE. UU.
354,Edward,Home Office,Caguas,PR,Puerto Rico
7108,Timothy,Home Office,Chicago,IL,EE. UU.
6194,Robert,Consumer,Caguas,PR,Puerto Rico
1056,James,Home Office,Caguas,PR,Puerto Rico
11306,Gerald,Corporate,Miami,FL,EE. UU.
11697,Jessica,Corporate,Laguna Niguel,CA,EE. UU.
582,Kenneth,Corporate,Garland,TX,EE. UU.
2307,Sharon,Consumer,Atlanta,GA,EE. UU.
6560,Melissa,Corporate,Caguas,PR,Puerto Rico
800,Mary,Consumer,Caguas,PR,Puerto Rico
10850,Mary,Home Office,Caguas,PR,Puerto Rico
12352,Sean,Consumer,Caguas,PR,Puerto Rico
957,Eric,Corporate,Stockton,CA,EE. UU.
2462,Lawrence,Consumer,Long Beach,CA,EE. UU.
10719,Andrew,Corporate,Caguas,PR,Puerto Rico
10890,Doris,Consumer,Caguas,PR,Puerto Rico
6970,Helen,Corporate,Strongsville,OH,EE. UU.
9078,Mary,Home Office,Glen Burnie,MD,EE. UU.
11643,Paul,Consumer,Dorchester Center,MA,EE. UU.
58,Michael,Consumer,Caguas,PR,Puerto Rico
8763,Pamela,Home Office,Santee,CA,EE. UU.
9303,Mary,Consumer,Dallas,TX,EE. UU.
11781,Paul,Home Office,Marietta,GA,EE. UU.
6035,Mary,Consumer,Caguas,PR,Puerto Rico
4623,Jessica,Consumer,Arecibo,PR,Puerto Rico
221,Mary,Consumer,Columbus,OH,EE. UU.
3240,Kelly,Consumer,West Jordan,UT,EE. UU.
3259,Mary,Consumer,New York,NY,EE. UU.
10783,Linda,Home Office,Caguas,PR,Puerto Rico
4542,Lisa,Corporate,Irvington,NJ,EE. UU.
258,Aaron,Corporate,Philadelphia,PA,EE. UU.
6434,Rebecca,Consumer,Caguas,PR,Puerto Rico
11307,Mary,Corporate,Caguas,PR,Puerto Rico
820,Mary,Corporate,Caguas,PR,Puerto Rico
7715,Mary,Home Office,Lancaster,PA,EE. UU.
2334,Mary,Consumer,Caguas,PR,Puerto Rico
17,Mary,Consumer,Taylor,MI,EE. UU.
6550,Tammy,Consumer,Brooklyn,NY,EE. UU.
9390,Mary,Consumer,Caguas,PR,Puerto Rico
5884,Gary,Consumer,Portland,OR,EE. UU.
10349,Mary,Consumer,Riverside,CA,EE. UU.
3760,Christine,Consumer,Pico Rivera,CA,EE. UU.
4580,Charles,Consumer,Astoria,NY,EE. UU.
11696,Mary,Corporate,Brooklyn,NY,EE. UU.
7680,Sandra,Consumer,Freeport,NY,EE. UU.
3682,Emily,Consumer,Philadelphia,PA,EE. UU.
9402,Amber,Consumer,Caguas,PR,Puerto Rico
6429,Brian,Consumer,Chicago,IL,EE. UU.
10454,Anthony,Home Office,Milpitas,CA,EE. UU.
11075,Mary,Consumer,Ann Arbor,MI,EE. UU.
10794,Mary,Consumer,Lenoir,NC,EE. UU.
234,Mary,Consumer,Miami,FL,EE. UU.
7302,Angela,Corporate,Brooklyn,NY,EE. UU.
3144,Pamela,Home Office,Hialeah,FL,EE. UU.
2467,Keith,Consumer,Houston,TX,EE. UU.
2192,Mary,Consumer,Caguas,PR,Puerto Rico
4098,Mary,Consumer,Caguas,PR,Puerto Rico
8922,Jean,Corporate,Chicago,IL,EE. UU.
11667,Mary,Corporate,Hickory,NC,EE. UU.
4942,David,Corporate,Salt Lake City,UT,EE. UU.
4521,Gerald,Home Office,Caguas,PR,Puerto Rico
7629,Nancy,Home Office,Caguas,PR,Puerto Rico
301,Arthur,Home Office,Caguas,PR,Puerto Rico
4459,Betty,Home Office,Caguas,PR,Puerto Rico
5455,Emily,Home Office,San Sebastian,PR,Puerto Rico
2088,Frank,Home Office,Caguas,PR,Puerto Rico
3509,Mary,Home Office,Caguas,PR,Puerto Rico
13592,Gloria,Home Office,Caguas,PR,Puerto Rico
743,Cynthia,Home Office,Caguas,PR,Puerto Rico
5516,Marilyn,Home Office,Caguas,PR,Puerto Rico
5110,Mary,Home Office,Caguas,PR,Puerto Rico
6275,Jane,Home Office,Caguas,PR,Puerto Rico
10348,Alice,Home Office,Caguas,PR,Puerto Rico
7083,Mary,Home Office,Caguas,PR,Puerto Rico
6498,William,Home Office,Caguas,PR,Puerto Rico
192,Mary,Home Office,Caguas,PR,Puerto Rico
5450,John,Home Office,Caguas,PR,Puerto Rico
3235,Lori,Home Office,Caguas,PR,Puerto Rico
5731,Jennifer,Home Office,Caguas,PR,Puerto Rico
8836,Barbara,Home Office,Caguas,PR,Puerto Rico
2000,Mary,Home Office,Caguas,PR,Puerto Rico
10982,Joan,Home Office,Caguas,PR,Puerto Rico
11846,Kathryn,Home Office,Caguas,PR,Puerto Rico
9868,Mark,Home Office,Caguas,PR,Puerto Rico
4330,Robert,Home Office,Caguas,PR,Puerto Rico
7988,Mary,Home Office,Caguas,PR,Puerto Rico
8128,Mary,Home Office,San Sebastian,PR,Puerto Rico
2824,Mary,Home Office,Caguas,PR,Puerto Rico
7104,Mary,Home Office,Caguas,PR,Puerto Rico
6348,Mary,Home Office,Caguas,PR,Puerto Rico
8072,Mary,Home Office,Caguas,PR,Puerto Rico
5306,Mary,Home Office,Caguas,PR,Puerto Rico
7309,Mary,Home Office,Caguas,PR,Puerto Rico
9562,William,Home Office,Caguas,PR,Puerto Rico
12203,Mary,Home Office,Caguas,PR,Puerto Rico
513,Tyler,Home Office,Caguas,PR,Puerto Rico
1266,Mary,Home Office,Caguas,PR,Puerto Rico
9830,Mary,Home Office,Caguas,PR,Puerto Rico
12468,Paloma,Home Office,Caguas,PR,Puerto Rico
12555,Carolyn,Home Office,Caguas,PR,Puerto Rico
12679,Willow,Home Office,Caguas,PR,Puerto Rico
12445,Nell,Home Office,Caguas,PR,Puerto Rico
12711,Jolie,Home Office,Caguas,PR,Puerto Rico
12494,McKenzie,Home Office,Caguas,PR,Puerto Rico
12600,Rosalyn,Home Office,Caguas,PR,Puerto Rico
12708,Jade,Home Office,Caguas,PR,Puerto Rico
12563,Gwendolyn,Home Office,Caguas,PR,Puerto Rico
15052,Lee,Home Office,Caguas,PR,Puerto Rico
10067,Diana,Home Office,Caguas,PR,Puerto Rico
5484,Stephanie,Home Office,Caguas,PR,Puerto Rico
8559,Mary,Home Office,Caguas,PR,Puerto Rico
2958,Mary,Home Office,Caguas,PR,Puerto Rico
5396,Cheryl,Home Office,Caguas,PR,Puerto Rico
9879,Linda,Home Office,Caguas,PR,Puerto Rico
11522,Roy,Home Office,Manati,PR,Puerto Rico
5787,Jordan,Home Office,Caguas,PR,Puerto Rico
9187,Michael,Home Office,Caguas,PR,Puerto Rico
9706,Donald,Home Office,Caguas,PR,Puerto Rico
10820,Brenda,Home Office,Caguas,PR,Puerto Rico
7563,Elizabeth,Home Office,Caguas,PR,Puerto Rico
2244,Mary,Home Office,Caguas,PR,Puerto Rico
11166,Crystal,Home Office,Caguas,PR,Puerto Rico
8602,Timothy,Home Office,Caguas,PR,Puerto Rico
11424,Janet,Home Office,Mayaguez,PR,Puerto Rico
11332,Denise,Home Office,Caguas,PR,Puerto Rico
1601,Mark,Home Office,Caguas,PR,Puerto Rico
12037,Mary,Home Office,Caguas,PR,Puerto Rico
92,Alexander,Home Office,Caguas,PR,Puerto Rico
9049,Brenda,Home Office,Caguas,PR,Puerto Rico
4274,Mary,Home Office,Caguas,PR,Puerto Rico
7633,Emily,Home Office,Caguas,PR,Puerto Rico
12394,Samantha,Home Office,Caguas,PR,Puerto Rico
10048,Mary,Home Office,Caguas,PR,Puerto Rico
3265,Juan,Home Office,Caguas,PR,Puerto Rico
9133,Mary,Home Office,Caguas,PR,Puerto Rico
6661,Samantha,Home Office,Caguas,PR,Puerto Rico
10845,John,Home Office,Caguas,PR,Puerto Rico
5844,Mary,Home Office,Caguas,PR,Puerto Rico
6106,Paul,Home Office,Caguas,PR,Puerto Rico
2706,Jonathan,Home Office,Caguas,PR,Puerto Rico
4420,Susan,Home Office,Caguas,PR,Puerto Rico
9070,Mary,Home Office,Caguas,PR,Puerto Rico
3188,Madison,Home Office,Caguas,PR,Puerto Rico
4440,James,Home Office,Caguas,PR,Puerto Rico
2914,Mary,Home Office,Caguas,PR,Puerto Rico
4311,Albert,Home Office,Caguas,PR,Puerto Rico
8957,Bobby,Home Office,Caguas,PR,Puerto Rico
357,Mary,Home Office,Caguas,PR,Puerto Rico
9213,Jennifer,Home Office,Rio Grande,PR,Puerto Rico
6459,Vincent,Home Office,Caguas,PR,Puerto Rico
342,Jerry,Home Office,Caguas,PR,Puerto Rico
2312,Scott,Home Office,Caguas,PR,Puerto Rico
3414,Ruth,Home Office,Caguas,PR,Puerto Rico
199,Cynthia,Home Office,Caguas,PR,Puerto Rico
5425,Mary,Home Office,Caguas,PR,Puerto Rico
8984,Elizabeth,Home Office,Caguas,PR,Puerto Rico
5622,Ronald,Home Office,Caguas,PR,Puerto Rico
6918,David,Home Office,Caguas,PR,Puerto Rico
1533,Linda,Home Office,Caguas,PR,Puerto Rico
4144,David,Home Office,Caguas,PR,Puerto Rico
5352,Emma,Home Office,Caguas,PR,Puerto Rico
116,John,Home Office,Caguas,PR,Puerto Rico
6692,Susan,Home Office,Caguas,PR,Puerto Rico
1780,Larry,Home Office,Caguas,PR,Puerto Rico
2582,David,Home Office,Caguas,PR,Puerto Rico
6994,Kathy,Home Office,Caguas,PR,Puerto Rico
10570,William,Home Office,Caguas,PR,Puerto Rico
9461,Mary,Home Office,Caguas,PR,Puerto Rico
11876,Mary,Home Office,Caguas,PR,Puerto Rico
9068,Mary,Home Office,Caguas,PR,Puerto Rico
9270,Mary,Home Office,Caguas,PR,Puerto Rico
7519,Eric,Home Office,Caguas,PR,Puerto Rico
4257,William,Home Office,Caguas,PR,Puerto Rico
8859,James,Home Office,Caguas,PR,Puerto Rico
9241,Mary,Home Office,Caguas,PR,Puerto Rico
7789,Mary,Home Office,Caguas,PR,Puerto Rico
4675,Jessica,Home Office,Caguas,PR,Puerto Rico
10453,Elizabeth,Home Office,Caguas,PR,Puerto Rico
2743,Mary,Home Office,Caguas,PR,Puerto Rico
9243,Shawn,Home Office,Caguas,PR,Puerto Rico
5438,Mary,Home Office,Caguas,PR,Puerto Rico
5128,Angela,Home Office,Caguas,PR,Puerto Rico
12056,Jacob,Home Office,Caguas,PR,Puerto Rico
11470,Mary,Home Office,Caguas,PR,Puerto Rico
10262,Mary,Home Office,Caguas,PR,Puerto Rico
282,Zachary,Home Office,Caguas,PR,Puerto Rico
18077,Reagan,Home Office,Caguas,PR,Puerto Rico
19106,Amy,Home Office,Trujillo Alto,PR,Puerto Rico
19206,Celeste,Home Office,Caguas,PR,Puerto Rico
16469,Hedwig,Home Office,Caguas,PR,Puerto Rico
15752,Kimberly,Home Office,Caguas,PR,Puerto Rico
15779,Yvette,Home Office,Caguas,PR,Puerto Rico
1920,Stephanie,Home Office,Caguas,PR,Puerto Rico
5890,Mary,Home Office,Caguas,PR,Puerto Rico
11500,Mary,Home Office,Caguas,PR,Puerto Rico
12420,Nathan,Home Office,Caguas,PR,Puerto Rico
5187,Mary,Home Office,Caguas,PR,Puerto Rico
174,Mary,Home Office,Caguas,PR,Puerto Rico
1809,Mary,Home Office,Caguas,PR,Puerto Rico
18408,Noelle,Home Office,Caguas,PR,Puerto Rico
2753,Amy,Home Office,Caguas,PR,Puerto Rico
4560,Mary,Home Office,Caguas,PR,Puerto Rico
2876,Maria,Home Office,Caguas,PR,Puerto Rico
9191,Marie,Home Office,Caguas,PR,Puerto Rico
10372,Amber,Home Office,Caguas,PR,Puerto Rico
8027,James,Home Office,Caguas,PR,Puerto Rico
10559,Mary,Home Office,Caguas,PR,Puerto Rico
2381,Betty,Home Office,Caguas,PR,Puerto Rico
1824,Julia,Home Office,Caguas,PR,Puerto Rico
4670,Sharon,Home Office,Caguas,PR,Puerto Rico
6363,Mary,Home Office,Caguas,PR,Puerto Rico
3702,Mary,Home Office,Caguas,PR,Puerto Rico
1027,Betty,Home Office,Caguas,PR,Puerto Rico
20491,Brynn,Home Office,Caguas,PR,Puerto Rico
7866,Juan,Home Office,Caguas,PR,Puerto Rico
685,Crystal,Home Office,Caguas,PR,Puerto Rico
18506,Desiree,Home Office,Caguas,PR,Puerto Rico
10658,Mary,Home Office,Caguas,PR,Puerto Rico
30,Barbara,Home Office,Caguas,PR,Puerto Rico
10451,Anthony,Home Office,Caguas,PR,Puerto Rico
9057,Randy,Home Office,Caguas,PR,Puerto Rico
10747,Mary,Home Office,Caguas,PR,Puerto Rico
732,David,Home Office,Caguas,PR,Puerto Rico
1558,Mary,Home Office,Caguas,PR,Puerto Rico
6085,Roger,Home Office,Caguas,PR,Puerto Rico
20486,Christen,Home Office,Caguas,PR,Puerto Rico
2982,Eric,Home Office,Caguas,PR,Puerto Rico
4415,Samuel,Home Office,Caguas,PR,Puerto Rico
7652,Mary,Consumer,Caguas,PR,Puerto Rico
4160,Amy,Consumer,Caguas,PR,Puerto Rico
7927,Mary,Consumer,Caguas,PR,Puerto Rico
1786,Teresa,Consumer,Yauco,PR,Puerto Rico
8357,Crystal,Consumer,Caguas,PR,Puerto Rico
8932,Mark,Consumer,Caguas,PR,Puerto Rico
5125,Mary,Consumer,Caguas,PR,Puerto Rico
12342,Mary,Consumer,Caguas,PR,Puerto Rico
4340,Stephen,Consumer,Caguas,PR,Puerto Rico
12014,Samantha,Consumer,Manati,PR,Puerto Rico
5143,Mark,Consumer,Caguas,PR,Puerto Rico
3010,Walter,Consumer,Caguas,PR,Puerto Rico
1251,Mary,Consumer,Caguas,PR,Puerto Rico
4851,Kimberly,Consumer,Caguas,PR,Puerto Rico
8020,Joan,Consumer,Caguas,PR,Puerto Rico
7749,Amy,Consumer,Caguas,PR,Puerto Rico
3202,Emma,Consumer,Caguas,PR,Puerto Rico
942,Mary,Consumer,Caguas,PR,Puerto Rico
5992,Mary,Consumer,Caguas,PR,Puerto Rico
4490,Elizabeth,Consumer,Caguas,PR,Puerto Rico
4001,Maria,Consumer,Caguas,PR,Puerto Rico
8386,Mary,Consumer,Caguas,PR,Puerto Rico
2183,Richard,Consumer,Caguas,PR,Puerto Rico
7765,Mary,Consumer,Caguas,PR,Puerto Rico
2662,Cynthia,Consumer,Caguas,PR,Puerto Rico
9995,Billy,Consumer,Caguas,PR,Puerto Rico
7461,Mary,Consumer,Caguas,PR,Puerto Rico
11657,Michelle,Consumer,Caguas,PR,Puerto Rico
4718,Stephanie,Consumer,Caguas,PR,Puerto Rico
2412,Edward,Consumer,Caguas,PR,Puerto Rico
279,Anna,Consumer,Bayamon,PR,Puerto Rico
704,Mary,Consumer,Caguas,PR,Puerto Rico
3395,Mark,Consumer,Caguas,PR,Puerto Rico
6421,Mary,Consumer,Caguas,PR,Puerto Rico
4121,Cynthia,Consumer,Caguas,PR,Puerto Rico
11151,Harold,Consumer,Caguas,PR,Puerto Rico
4875,Edward,Consumer,Caguas,PR,Puerto Rico
11283,Mary,Consumer,Caguas,PR,Puerto Rico
4653,John,Consumer,Caguas,PR,Puerto Rico
5885,Mary,Consumer,Caguas,PR,Puerto Rico
846,Mary,Consumer,Caguas,PR,Puerto Rico
432,Bruce,Consumer,Caguas,PR,Puerto Rico
4557,David,Consumer,Caguas,PR,Puerto Rico
4387,Mary,Consumer,Rio Grande,PR,Puerto Rico
7215,Patricia,Consumer,Caguas,PR,Puerto Rico
4755,Betty,Consumer,Caguas,PR,Puerto Rico
3561,Mary,Consumer,Caguas,PR,Puerto Rico
4836,Mary,Consumer,Caguas,PR,Puerto Rico
3951,Michael,Consumer,Caguas,PR,Puerto Rico
3498,Elizabeth,Consumer,Caguas,PR,Puerto Rico
11622,Mary,Consumer,Caguas,PR,Puerto Rico
9526,Mary,Consumer,Caguas,PR,Puerto Rico
5751,Mary,Consumer,Caguas,PR,Puerto Rico
8433,Sharon,Consumer,Ponce,PR,Puerto Rico
11726,Gloria,Consumer,Caguas,PR,Puerto Rico
11991,Sara,Consumer,Caguas,PR,Puerto Rico
3520,Mary,Consumer,Caguas,PR,Puerto Rico
7857,Jean,Consumer,Caguas,PR,Puerto Rico
2979,Nicole,Consumer,Caguas,PR,Puerto Rico
10403,Mary,Consumer,Caguas,PR,Puerto Rico
5913,Cynthia,Consumer,Caguas,PR,Puerto Rico
1292,Mildred,Consumer,Caguas,PR,Puerto Rico
8233,Mary,Consumer,Caguas,PR,Puerto Rico
1629,Mary,Consumer,Caguas,PR,Puerto Rico
9004,Mary,Consumer,Caguas,PR,Puerto Rico
7676,Joyce,Consumer,Caguas,PR,Puerto Rico
6811,Mary,Consumer,Caguas,PR,Puerto Rico
3134,Mary,Consumer,Caguas,PR,Puerto Rico
1330,Tiffany,Consumer,Caguas,PR,Puerto Rico
3055,Mary,Consumer,Caguas,PR,Puerto Rico
5713,Michael,Consumer,Caguas,PR,Puerto Rico
5328,William,Consumer,Caguas,PR,Puerto Rico
5147,Mary,Consumer,Caguas,PR,Puerto Rico
8617,Mary,Consumer,Caguas,PR,Puerto Rico
11112,Jessica,Consumer,Caguas,PR,Puerto Rico
2680,Jennifer,Consumer,Caguas,PR,Puerto Rico
7223,Mary,Consumer,Caguas,PR,Puerto Rico
11534,Mary,Consumer,Caguas,PR,Puerto Rico
10434,Ann,Consumer,Caguas,PR,Puerto Rico
7485,Tyler,Consumer,Caguas,PR,Puerto Rico
5556,Richard,Consumer,Caguas,PR,Puerto Rico
5626,Frank,Consumer,Caguas,PR,Puerto Rico
8769,Mary,Consumer,Caguas,PR,Puerto Rico
7415,Mary,Consumer,Caguas,PR,Puerto Rico
7424,Mary,Consumer,Caguas,PR,Puerto Rico
1100,Megan,Consumer,Caguas,PR,Puerto Rico
6159,Mary,Consumer,Caguas,PR,Puerto Rico
2514,Mary,Consumer,Caguas,PR,Puerto Rico
9283,Mary,Consumer,Caguas,PR,Puerto Rico
8401,Grace,Consumer,Caguas,PR,Puerto Rico
11222,Charles,Consumer,Caguas,PR,Puerto Rico
410,Jack,Consumer,Caguas,PR,Puerto Rico
4907,Amanda,Consumer,Caguas,PR,Puerto Rico
11553,Mary,Consumer,Caguas,PR,Puerto Rico
1946,Diane,Consumer,Caguas,PR,Puerto Rico
6625,Randy,Consumer,Caguas,PR,Puerto Rico
7761,Grace,Consumer,Caguas,PR,Puerto Rico
1554,Hannah,Consumer,Caguas,PR,Puerto Rico
10793,Diane,Consumer,Caguas,PR,Puerto Rico
5565,Laura,Consumer,Carolina,PR,Puerto Rico
8625,Mary,Consumer,Caguas,PR,Puerto Rico
2493,Jeffrey,Consumer,Caguas,PR,Puerto Rico
9097,Mary,Consumer,Caguas,PR,Puerto Rico
2173,Mary,Consumer,Caguas,PR,Puerto Rico
305,Mary,Consumer,Caguas,PR,Puerto Rico
11245,Debra,Consumer,Caguas,PR,Puerto Rico
2166,Rebecca,Consumer,Caguas,PR,Puerto Rico
1367,Nancy,Consumer,Caguas,PR,Puerto Rico
3558,Mary,Consumer,Caguas,PR,Puerto Rico
10397,Henry,Consumer,Caguas,PR,Puerto Rico
5865,David,Consumer,Caguas,PR,Puerto Rico
18089,Gemma,Consumer,Caguas,PR,Puerto Rico
18123,Blair,Consumer,Caguas,PR,Puerto Rico
16447,Linda,Consumer,Caguas,PR,Puerto Rico
19266,Bo,Consumer,Caguas,PR,Puerto Rico
19190,Kendall,Consumer,Caguas,PR,Puerto Rico
16568,Miranda,Consumer,Caguas,PR,Puerto Rico
16460,Bethany,Consumer,Caguas,PR,Puerto Rico
16582,Callie,Consumer,Caguas,PR,Puerto Rico
19270,Mary,Consumer,Caguas,PR,Puerto Rico
18810,Ayanna,Consumer,Caguas,PR,Puerto Rico
15699,Robin,Consumer,Caguas,PR,Puerto Rico
15741,Zoe,Consumer,Caguas,PR,Puerto Rico
1858,William,Consumer,Caguas,PR,Puerto Rico
2197,Joseph,Consumer,Caguas,PR,Puerto Rico
12176,Mary,Consumer,Caguas,PR,Puerto Rico
6998,Catherine,Consumer,Caguas,PR,Puerto Rico
3127,Jessica,Consumer,Caguas,PR,Puerto Rico
10903,Mary,Consumer,San Juan,PR,Puerto Rico
5927,Christopher,Consumer,Caguas,PR,Puerto Rico
2265,Mary,Consumer,Caguas,PR,Puerto Rico
3272,Julie,Consumer,Caguas,PR,Puerto Rico
1987,Brenda,Consumer,Caguas,PR,Puerto Rico
8468,Joshua,Consumer,Caguas,PR,Puerto Rico
7942,Jacob,Consumer,Caguas,PR,Puerto Rico
16020,Brooke,Consumer,Caguas,PR,Puerto Rico
18335,Carol,Consumer,Caguas,PR,Puerto Rico
17523,Bree,Consumer,Caguas,PR,Puerto Rico
10807,Benjamin,Consumer,Caguas,PR,Puerto Rico
10386,Theresa,Consumer,Caguas,PR,Puerto Rico
11884,Evelyn,Consumer,Caguas,PR,Puerto Rico
5954,Amy,Consumer,Caguas,PR,Puerto Rico
17682,Cleo,Consumer,Caguas,PR,Puerto Rico
10529,Barbara,Consumer,Caguas,PR,Puerto Rico
6368,Mary,Consumer,Caguas,PR,Puerto Rico
10788,Kenneth,Consumer,Caguas,PR,Puerto Rico
17680,Adrienne,Consumer,Caguas,PR,Puerto Rico
4320,Jordan,Consumer,Caguas,PR,Puerto Rico
5537,James,Consumer,Caguas,PR,Puerto Rico
9032,Lauren,Consumer,Caguas,PR,Puerto Rico
4553,Mary,Consumer,Caguas,PR,Puerto Rico
676,Robert,Consumer,Caguas,PR,Puerto Rico
2521,Mary,Consumer,Caguas,PR,Puerto Rico
3179,Mary,Consumer,Caguas,PR,Puerto Rico
3223,Thomas,Consumer,Caguas,PR,Puerto Rico
12211,David,Consumer,Caguas,PR,Puerto Rico
16050,Nomlanga,Consumer,Caguas,PR,Puerto Rico
10556,Mary,Consumer,Caguas,PR,Puerto Rico
2320,Katherine,Consumer,Caguas,PR,Puerto Rico
2529,Ryan,Consumer,Caguas,PR,Puerto Rico
17336,Taylor,Consumer,Caguas,PR,Puerto Rico
7356,Andrew,Consumer,Caguas,PR,Puerto Rico
20706,Belle,Consumer,Caguas,PR,Puerto Rico
17317,Ella,Consumer,Caguas,PR,Puerto Rico
10417,Kyle,Consumer,Caguas,PR,Puerto Rico
17442,Sade,Consumer,Caguas,PR,Puerto Rico
17334,Xerxes,Consumer,Caguas,PR,Puerto Rico
287,Andrew,Consumer,Caguas,PR,Puerto Rico
20543,Rachel,Consumer,Caguas,PR,Puerto Rico
17710,Maia,Consumer,Caguas,PR,Puerto Rico
1210,Jeffrey,Consumer,Caguas,PR,Puerto Rico
18396,Joelle,Consumer,Caguas,PR,Puerto Rico
17422,Aurora,Consumer,Caguas,PR,Puerto Rico
20594,Sig,Consumer,Caguas,PR,Puerto Rico
17911,Alyssa,Consumer,Caguas,PR,Puerto Rico
11367,Mary,Consumer,Caguas,PR,Puerto Rico
12262,Michael,Consumer,Caguas,PR,Puerto Rico
10935,Ralph,Consumer,Caguas,PR,Puerto Rico
20719,Amity,Consumer,Caguas,PR,Puerto Rico
3318,Henry,Consumer,Caguas,PR,Puerto Rico
10412,Jean,Consumer,Vega Baja,PR,Puerto Rico
12393,Mary,Consumer,Manati,PR,Puerto Rico
18881,Olympia,Consumer,Caguas,PR,Puerto Rico
17909,Dorothy,Consumer,Caguas,PR,Puerto Rico
18429,Aspen,Consumer,Caguas,PR,Puerto Rico
18285,Hilary,Consumer,Caguas,PR,Puerto Rico
10990,Alice,Consumer,Caguas,PR,Puerto Rico
20682,Cleo,Consumer,Caguas,PR,Puerto Rico
5624,Mary,Consumer,Caguas,PR,Puerto Rico
16023,Bree,Consumer,Caguas,PR,Puerto Rico
6617,Mary,Consumer,Caguas,PR,Puerto Rico
10721,Mary,Consumer,Caguas,PR,Puerto Rico
18302,Danielle,Consumer,Caguas,PR,Puerto Rico
16041,Ainsley,Consumer,Caguas,PR,Puerto Rico
100,George,Consumer,Caguas,PR,Puerto Rico
11526,Dorothy,Consumer,Caguas,PR,Puerto Rico
439,Rose,Consumer,Caguas,PR,Puerto Rico
11591,Ann,Consumer,Caguas,PR,Puerto Rico
12185,Debra,Consumer,Caguas,PR,Puerto Rico
7274,Linda,Consumer,Caguas,PR,Puerto Rico
12244,Cynthia,Consumer,Caguas,PR,Puerto Rico
6910,Carol,Consumer,Caguas,PR,Puerto Rico
18697,Cassandra,Consumer,Caguas,PR,Puerto Rico
6007,Edward,Consumer,Caguas,PR,Puerto Rico
18684,Stela,Consumer,Caguas,PR,Puerto Rico
18702,McKenzie,Consumer,Caguas,PR,Puerto Rico
7473,Mary,Consumer,Caguas,PR,Puerto Rico
10036,Mary,Consumer,Caguas,PR,Puerto Rico
2008,Alexander,Consumer,Caguas,PR,Puerto Rico
1560,Mary,Consumer,Caguas,PR,Puerto Rico
7802,Mary,Consumer,Caguas,PR,Puerto Rico
981,Christine,Consumer,Caguas,PR,Puerto Rico
8473,Kevin,Corporate,Caguas,PR,Puerto Rico
5513,Mary,Corporate,Caguas,PR,Puerto Rico
10096,Laura,Corporate,Caguas,PR,Puerto Rico
2300,Patrick,Corporate,Caguas,PR,Puerto Rico
10009,Mary,Corporate,Caguas,PR,Puerto Rico
2703,Kimberly,Corporate,Caguas,PR,Puerto Rico
6242,David,Corporate,Caguas,PR,Puerto Rico
12626,September,Corporate,Caguas,PR,Puerto Rico
12659,Wynter,Corporate,Caguas,PR,Puerto Rico
12907,Rose,Corporate,Caguas,PR,Puerto Rico
11048,Randy,Corporate,Caguas,PR,Puerto Rico
10546,Mary,Corporate,Caguas,PR,Puerto Rico
9232,Robert,Corporate,Caguas,PR,Puerto Rico
908,Mary,Corporate,Caguas,PR,Puerto Rico
9992,Mary,Corporate,Caguas,PR,Puerto Rico
7779,Margaret,Corporate,Caguas,PR,Puerto Rico
4902,Martha,Corporate,Caguas,PR,Puerto Rico
7296,Richard,Corporate,Caguas,PR,Puerto Rico
8910,Mary,Corporate,Caguas,PR,Puerto Rico
3456,Jeffrey,Corporate,Caguas,PR,Puerto Rico
2856,Karen,Corporate,Caguas,PR,Puerto Rico
7964,Stephen,Corporate,Caguas,PR,Puerto Rico
4651,Gerald,Corporate,Caguas,PR,Puerto Rico
12234,Mary,Corporate,Caguas,PR,Puerto Rico
4422,Mary,Corporate,Caguas,PR,Puerto Rico
5047,Shirley,Corporate,Caguas,PR,Puerto Rico
5134,Mary,Corporate,Caguas,PR,Puerto Rico
11031,Kyle,Corporate,Caguas,PR,Puerto Rico
9327,Donna,Corporate,Caguas,PR,Puerto Rico
1417,Rachel,Corporate,Caguas,PR,Puerto Rico
10255,Shirley,Corporate,Caguas,PR,Puerto Rico
5071,Andrew,Corporate,Caguas,PR,Puerto Rico
8499,Angela,Corporate,Caguas,PR,Puerto Rico
11014,Heather,Corporate,Caguas,PR,Puerto Rico
5824,James,Corporate,Caguas,PR,Puerto Rico
15778,Ina,Corporate,Rio Grande,PR,Puerto Rico
5691,James,Corporate,Humacao,PR,Puerto Rico
7662,Tiffany,Corporate,Caguas,PR,Puerto Rico
7369,Mary,Corporate,Caguas,PR,Puerto Rico
1525,Ralph,Corporate,Caguas,PR,Puerto Rico
5182,Thomas,Corporate,Caguas,PR,Puerto Rico
1764,Megan,Corporate,Caguas,PR,Puerto Rico
6634,Mary,Corporate,Toa Alta,PR,Puerto Rico
5562,Mary,Corporate,Caguas,PR,Puerto Rico
12008,Mary,Corporate,Caguas,PR,Puerto Rico
6474,Madison,Corporate,Caguas,PR,Puerto Rico
8127,Rose,Corporate,Caguas,PR,Puerto Rico
6648,Austin,Corporate,Vega Baja,PR,Puerto Rico
10933,Barbara,Corporate,Caguas,PR,Puerto Rico
10651,Anna,Corporate,Caguas,PR,Puerto Rico
4406,Mary,Corporate,Caguas,PR,Puerto Rico
8844,Mary,Corporate,Caguas,PR,Puerto Rico
1653,Brian,Corporate,Caguas,PR,Puerto Rico
6898,Nathan,Corporate,Caguas,PR,Puerto Rico
7918,Mary,Corporate,Caguas,PR,Puerto Rico
9970,Frank,Corporate,Caguas,PR,Puerto Rico
238,Charles,Corporate,Caguas,PR,Puerto Rico
3513,Shirley,Corporate,Caguas,PR,Puerto Rico
3817,Gary,Corporate,Toa Alta,PR,Puerto Rico
17829,Karly,Corporate,Caguas,PR,Puerto Rico
16176,Lacy,Corporate,Caguas,PR,Puerto Rico
9442,Mary,Corporate,Caguas,PR,Puerto Rico
3298,Mary,Corporate,Caguas,PR,Puerto Rico
2768,Adam,Corporate,Caguas,PR,Puerto Rico
309,Phillip,Corporate,Caguas,PR,Puerto Rico
11041,Walter,Corporate,Caguas,PR,Puerto Rico
5600,Helen,Corporate,Caguas,PR,Puerto Rico
8771,Karen,Corporate,Caguas,PR,Puerto Rico
2636,Christian,Corporate,Caguas,PR,Puerto Rico
6448,Mary,Corporate,Caguas,PR,Puerto Rico
12044,Mary,Corporate,Caguas,PR,Puerto Rico
205,Ryan,Corporate,Caguas,PR,Puerto Rico
2984,Mary,Corporate,Caguas,PR,Puerto Rico
8309,Mary,Corporate,Caguas,PR,Puerto Rico
770,Mary,Corporate,Caguas,PR,Puerto Rico
8368,Susan,Corporate,Caguas,PR,Puerto Rico
9689,Mary,Corporate,Caguas,PR,Puerto Rico
10764,Janet,Corporate,Caguas,PR,Puerto Rico
6989,Mary,Corporate,Caguas,PR,Puerto Rico
904,Elizabeth,Corporate,Caguas,PR,Puerto Rico
2854,Lauren,Corporate,Caguas,PR,Puerto Rico
8539,John,Corporate,Caguas,PR,Puerto Rico
3625,Mary,Corporate,Caguas,PR,Puerto Rico
3488,Mary,Corporate,Caguas,PR,Puerto Rico
2911,Mary,Corporate,Caguas,PR,Puerto Rico
9236,Patrick,Corporate,Caguas,PR,Puerto Rico
5030,Rose,Corporate,Caguas,PR,Puerto Rico
1212,William,Corporate,Caguas,PR,Puerto Rico
6102,Henry,Corporate,Caguas,PR,Puerto Rico
983,Michael,Corporate,Caguas,PR,Puerto Rico
4726,Mary,Corporate,Caguas,PR,Puerto Rico
6032,Rose,Corporate,Caguas,PR,Puerto Rico
443,Barbara,Corporate,Caguas,PR,Puerto Rico
6987,Mary,Corporate,Caguas,PR,Puerto Rico
6742,David,Corporate,Caguas,PR,Puerto Rico
7667,Henry,Corporate,Caguas,PR,Puerto Rico
6384,Roy,Corporate,Caguas,PR,Puerto Rico
7237,Olivia,Corporate,Caguas,PR,Puerto Rico
6125,Jeremy,Corporate,Caguas,PR,Puerto Rico
4764,Christopher,Corporate,Caguas,PR,Puerto Rico
14496,Giselle,Corporate,Caguas,PR,Puerto Rico
7731,Kenneth,Corporate,Caguas,PR,Puerto Rico
5098,Janet,Corporate,Caguas,PR,Puerto Rico
806,Mary,Corporate,Caguas,PR,Puerto Rico
11346,Steven,Corporate,Caguas,PR,Puerto Rico
6955,Amber,Corporate,Caguas,PR,Puerto Rico
6113,Mary,Corporate,Caguas,PR,Puerto Rico
12536,Quyn,Corporate,Caguas,PR,Puerto Rico
9900,Carl,Corporate,Caguas,PR,Puerto Rico
7985,Denise,Corporate,Caguas,PR,Puerto Rico
12064,Tammy,Corporate,Caguas,PR,Puerto Rico
5332,Mary,Corporate,Caguas,PR,Puerto Rico
8668,Emily,Corporate,Caguas,PR,Puerto Rico
16564,Ruth,Corporate,Caguas,PR,Puerto Rico
19239,Libby,Corporate,Caguas,PR,Puerto Rico
6726,Edward,Corporate,Caguas,PR,Puerto Rico
11582,Debra,Corporate,Caguas,PR,Puerto Rico
7660,Mary,Corporate,Caguas,PR,Puerto Rico
15332,Heidi,Corporate,Caguas,PR,Puerto Rico
10080,Jane,Corporate,Caguas,PR,Puerto Rico
17597,Demetria,Corporate,Caguas,PR,Puerto Rico
20330,Joan,Corporate,Caguas,PR,Puerto Rico
16218,Ulla,Corporate,Caguas,PR,Puerto Rico
5936,Michael,Corporate,Caguas,PR,Puerto Rico
8087,Sean,Corporate,Caguas,PR,Puerto Rico
9909,Mary,Corporate,Caguas,PR,Puerto Rico
12195,Brenda,Corporate,Caguas,PR,Puerto Rico
1661,Mary,Corporate,Caguas,PR,Puerto Rico
5909,Catherine,Corporate,Caguas,PR,Puerto Rico
1651,Stephanie,Corporate,Caguas,PR,Puerto Rico
698,Mary,Corporate,Caguas,PR,Puerto Rico
7739,Kathy,Corporate,Caguas,PR,Puerto Rico
9278,Sandra,Corporate,Caguas,PR,Puerto Rico
792,Evelyn,Corporate,Caguas,PR,Puerto Rico
3731,Beverly,Corporate,Caguas,PR,Puerto Rico
2205,Wayne,Corporate,Caguas,PR,Puerto Rico
2773,Linda,Corporate,Caguas,PR,Puerto Rico
8766,Mary,Corporate,Caguas,PR,Puerto Rico
10948,Mary,Corporate,Caguas,PR,Puerto Rico
14303,Amber,Corporate,Caguas,PR,Puerto Rico
7816,Emma,Corporate,Caguas,PR,Puerto Rico
2827,Rachel,Corporate,Caguas,PR,Puerto Rico
4356,Anthony,Corporate,Caguas,PR,Puerto Rico
5815,Mary,Corporate,Caguas,PR,Puerto Rico
8654,Mary,Corporate,Caguas,PR,Puerto Rico
2708,Jennifer,Corporate,Caguas,PR,Puerto Rico
12231,Steven,Corporate,Caguas,PR,Puerto Rico
1936,Jane,Corporate,Caguas,PR,Puerto Rico
11733,Christopher,Corporate,Yauco,PR,Puerto Rico
10091,Brandon,Corporate,Caguas,PR,Puerto Rico
3648,Mary,Corporate,Caguas,PR,Puerto Rico
13620,Dakota,Corporate,Caguas,PR,Puerto Rico
5066,Mary,Corporate,Caguas,PR,Puerto Rico
8637,Mary,Corporate,Caguas,PR,Puerto Rico
14815,Yvette,Corporate,Caguas,PR,Puerto Rico
8962,Mary,Corporate,Caguas,PR,Puerto Rico
36,Michelle,Corporate,Caguas,PR,Puerto Rico
13794,Noel,Corporate,Caguas,PR,Puerto Rico
9801,James,Corporate,Caguas,PR,Puerto Rico
5817,Mary,Corporate,Caguas,PR,Puerto Rico
5184,Christopher,Corporate,Caguas,PR,Puerto Rico
5015,Mary,Corporate,Caguas,PR,Puerto Rico
6788,Mary,Corporate,Lake Forest,CA,EE. UU.
5333,James,Corporate,Brooklyn,NY,EE. UU.
4974,Mary,Corporate,Salt Lake City,UT,EE. UU.
9980,David,Corporate,Escondido,CA,EE. UU.
5084,Edward,Corporate,Irwin,PA,EE. UU.
7240,Mary,Corporate,Brooklyn,NY,EE. UU.
11531,Barbara,Corporate,Los Angeles,CA,EE. UU.
11954,Mary,Corporate,Davis,CA,EE. UU.
9039,Amber,Corporate,Miami,FL,EE. UU.
10689,Mary,Corporate,Las Vegas,NV,EE. UU.
7668,Mary,Corporate,South Ozone Park,NY,EE. UU.
1806,Roger,Corporate,El Paso,TX,EE. UU.
9610,Frances,Corporate,Lancaster,CA,EE. UU.
8642,Heather,Corporate,Chicago,IL,EE. UU.
6992,Christopher,Corporate,Oxnard,CA,EE. UU.
9375,George,Corporate,Mission Viejo,CA,EE. UU.
6303,Mary,Corporate,Elgin,IL,EE. UU.
10896,Victoria,Corporate,Glendale,AZ,EE. UU.
1782,Robert,Corporate,Fort Worth,TX,EE. UU.
10345,Elizabeth,Corporate,Richmond,TX,EE. UU.
5267,Mary,Corporate,Brooklyn,NY,EE. UU.
11223,Gary,Corporate,Azusa,CA,EE. UU.
3590,Jeffrey,Corporate,Colorado Springs,CO,EE. UU.
4806,Mary,Corporate,Ridgewood,NY,EE. UU.
8911,Catherine,Corporate,Stockbridge,GA,EE. UU.
12113,Jordan,Corporate,Baltimore,MD,EE. UU.
3755,Eugene,Corporate,Los Angeles,CA,EE. UU.
514,Mary,Corporate,La Habra,CA,EE. UU.
12093,Barbara,Corporate,Rialto,CA,EE. UU.
1937,Mary,Corporate,El Paso,TX,EE. UU.
10204,Sean,Corporate,Modesto,CA,EE. UU.
11133,Mary,Corporate,West Covina,CA,EE. UU.
2157,Danielle,Corporate,Tustin,CA,EE. UU.
11492,Evelyn,Corporate,Bowling Green,KY,EE. UU.
11321,Linda,Corporate,San Diego,CA,EE. UU.
11806,Mildred,Corporate,West Lafayette,IN,EE. UU.
2750,George,Corporate,Bowling Green,KY,EE. UU.
8998,James,Corporate,Chicago,IL,EE. UU.
252,Mary,Corporate,Richardson,TX,EE. UU.
10017,John,Corporate,Burnsville,MN,EE. UU.
7063,Mary,Corporate,Brownsville,TX,EE. UU.
4370,Mary,Corporate,Los Angeles,CA,EE. UU.
433,Mary,Corporate,Las Vegas,NV,EE. UU.
7825,Andrea,Corporate,San Diego,CA,EE. UU.
912,Mary,Corporate,Las Vegas,NV,EE. UU.
8624,Theresa,Corporate,Miami,FL,EE. UU.
2653,Mary,Corporate,Atlanta,GA,EE. UU.
12265,Mary,Corporate,Sacramento,CA,EE. UU.
5648,Joshua,Corporate,Memphis,TN,EE. UU.
10001,Nathan,Corporate,Washington,DC,EE. UU.
1136,Mary,Corporate,Ballwin,MO,EE. UU.
4177,Linda,Corporate,Chesapeake,VA,EE. UU.
4072,Benjamin,Corporate,Eugene,OR,EE. UU.
5446,Mary,Corporate,Douglasville,GA,EE. UU.
9656,Sarah,Corporate,Rochester,NY,EE. UU.
7160,Mary,Corporate,Diamond Bar,CA,EE. UU.
2780,Mary,Corporate,Tallahassee,FL,EE. UU.
6561,Jane,Corporate,San Benito,TX,EE. UU.
4119,Peter,Corporate,Santa Ana,CA,EE. UU.
615,Mary,Corporate,El Paso,TX,EE. UU.
10583,Ryan,Corporate,Tustin,CA,EE. UU.
10949,Zachary,Corporate,Lockport,NY,EE. UU.
4686,Mary,Corporate,Reynoldsburg,OH,EE. UU.
3391,Rebecca,Corporate,Carson,CA,EE. UU.
3355,Mary,Corporate,New Orleans,LA,EE. UU.
1660,Danielle,Corporate,Sun Valley,CA,EE. UU.
17575,Isabella,Corporate,Richardson,TX,EE. UU.
17573,Hillary,Corporate,Tempe,AZ,EE. UU.
17623,Kirestin,Corporate,Piscataway,NJ,EE. UU.
16224,Eden,Corporate,Memphis,TN,EE. UU.
18594,Mariam,Corporate,North Las Vegas,NV,EE. UU.
16223,Ayanna,Corporate,Columbia,MO,EE. UU.
20026,Doris,Corporate,Philadelphia,PA,EE. UU.
17818,Karina,Corporate,Las Vegas,NV,EE. UU.
15212,Aphrodite,Corporate,Las Vegas,NV,EE. UU.
19935,Amela,Corporate,Huntington Beach,CA,EE. UU.
16258,Nell,Corporate,West Jordan,UT,EE. UU.
18946,Lesley,Corporate,Chesapeake,VA,EE. UU.
20025,Alice,Corporate,Elmhurst,IL,EE. UU.
17117,Ella,Corporate,San Benito,TX,EE. UU.
17243,Hillary,Corporate,Chapel Hill,NC,EE. UU.
20024,Tatyana,Corporate,Bellflower,CA,EE. UU.
20167,TaShya,Corporate,El Paso,TX,EE. UU.
16112,Illana,Corporate,Fargo,ND,EE. UU.
20005,Courtney,Corporate,Lancaster,SC,EE. UU.
16256,Cherokee,Corporate,Beaverton,OR,EE. UU.
16328,Madonna,Corporate,Waukegan,IL,EE. UU.
17061,Cynthia,Corporate,Los Angeles,CA,EE. UU.
15155,Ruth,Corporate,Palmdale,CA,EE. UU.
15245,Suki,Corporate,Newark,DE,EE. UU.
16146,Larissa,Corporate,Springfield,MO,EE. UU.
15262,Isabella,Corporate,San Ramon,CA,EE. UU.
20327,Geraldine,Corporate,College Station,TX,EE. UU.
16362,Fallon,Corporate,Fullerton,CA,EE. UU.
15261,Jayme,Corporate,Detroit,MI,EE. UU.
20236,Juliet,Corporate,Highland Park,MI,EE. UU.
19947,Alyssa,Corporate,Revere,MA,EE. UU.
17812,Melyssa,Corporate,Los Angeles,CA,EE. UU.
18604,Latifah,Corporate,Salt Lake City,UT,EE. UU.
16288,Angelica,Corporate,Orlando,FL,EE. UU.
20163,Margaret,Corporate,El Cajon,CA,EE. UU.
18955,Leigh,Corporate,Brooklyn,NY,EE. UU.
16123,Kirestin,Corporate,Philadelphia,PA,EE. UU.
15220,Lani,Corporate,Bakersfield,CA,EE. UU.
17772,Madeline,Corporate,Henderson,NV,EE. UU.
18953,Susan,Corporate,Albuquerque,NM,EE. UU.
15147,Carly,Corporate,Bronx,NY,EE. UU.
15201,Demetria,Corporate,Woodbridge,VA,EE. UU.
18971,Kelsey,Corporate,Phoenix,AZ,EE. UU.
19816,Eve,Corporate,Goleta,CA,EE. UU.
20014,Martina,Corporate,Newark,NJ,EE. UU.
17806,Melanie,Corporate,Las Vegas,NV,EE. UU.
17752,Lee,Corporate,Newark,DE,EE. UU.
15218,Sage,Corporate,Los Angeles,CA,EE. UU.
15253,Ocean,Corporate,Harvey,IL,EE. UU.
17212,Rosalyn,Corporate,Elk Grove,CA,EE. UU.
20138,Audrey,Corporate,San Marcos,TX,EE. UU.
15145,Moana,Corporate,New York,NY,EE. UU.
20282,Quail,Corporate,Bronx,NY,EE. UU.
19813,Montana,Corporate,Cerritos,CA,EE. UU.
17049,Nevada,Corporate,Brooklyn,NY,EE. UU.
17175,Blythe,Corporate,Tempe,AZ,EE. UU.
18559,Abigail,Corporate,Endicott,NY,EE. UU.
16261,Donna,Corporate,Silver Spring,MD,EE. UU.
20064,Ivy,Corporate,Fremont,CA,EE. UU.
17174,Blossom,Corporate,Kenner,LA,EE. UU.
20280,Alma,Corporate,Philadelphia,PA,EE. UU.
19177,Melanie,Corporate,Dorchester Center,MA,EE. UU.
16409,Dorothy,Corporate,Alhambra,CA,EE. UU.
16450,Amity,Corporate,Dallas,TX,EE. UU.
7345,Ryan,Corporate,Fresno,CA,EE. UU.
10077,Judith,Corporate,Las Vegas,NV,EE. UU.
71,Charles,Corporate,Philadelphia,PA,EE. UU.
3706,Ashley,Corporate,Columbus,OH,EE. UU.
5072,Jacob,Corporate,New York,NY,EE. UU.
1012,Mark,Corporate,Silver Spring,MD,EE. UU.
4691,Phillip,Corporate,Fort Washington,MD,EE. UU.
5714,Christopher,Corporate,Los Angeles,CA,EE. UU.
3853,Eugene,Corporate,South Richmond Hill,NY,EE. UU.
2297,Joseph,Corporate,Long Beach,CA,EE. UU.
17978,Destiny,Corporate,Los Angeles,CA,EE. UU.
1561,Harold,Corporate,Lewisville,TX,EE. UU.
6029,Donald,Corporate,Elmhurst,NY,EE. UU.
1484,Mary,Corporate,Woodbridge,VA,EE. UU.
7016,Jack,Corporate,Columbia,MO,EE. UU.
70,Mary,Corporate,Los Angeles,CA,EE. UU.
9231,Mary,Corporate,Mission Viejo,CA,EE. UU.
20617,Lacota,Corporate,San Jose,CA,EE. UU.
9224,Mary,Corporate,Riverside,CA,EE. UU.
20471,Zenaida,Corporate,Cypress,CA,EE. UU.
2795,Jack,Corporate,Salinas,CA,EE. UU.
7663,Mary,Corporate,Anaheim,CA,EE. UU.
15991,Brynn,Corporate,Brooklyn,NY,EE. UU.
11602,Mary,Corporate,Mechanicsburg,PA,EE. UU.
271,Justin,Corporate,Fremont,CA,EE. UU.
10870,Mary,Corporate,Chesapeake,VA,EE. UU.
5745,Mary,Corporate,Ridgewood,NY,EE. UU.
3195,Mary,Corporate,Gilroy,CA,EE. UU.
2923,Mary,Corporate,Mchenry,IL,EE. UU.
5790,Mary,Corporate,Fremont,CA,EE. UU.
1608,Michael,Corporate,Fort Lauderdale,FL,EE. UU.
7597,Catherine,Corporate,Paramount,CA,EE. UU.
18675,Veronica,Corporate,Watsonville,CA,EE. UU.
15602,Alea,Corporate,Fort Lauderdale,FL,EE. UU.
15526,Doris,Corporate,Middletown,CT,EE. UU.
9932,Wayne,Corporate,Chicago,IL,EE. UU.
15396,Joelle,Corporate,Manchester,CT,EE. UU.
5520,Virginia,Corporate,Bellflower,CA,EE. UU.
10484,Gregory,Corporate,Aurora,IL,EE. UU.
8325,Donald,Corporate,Brooklyn,NY,EE. UU.
835,Gloria,Corporate,Santee,CA,EE. UU.
2528,Mary,Corporate,Mount Pleasant,MI,EE. UU.
8207,Charles,Corporate,Saint Paul,MN,EE. UU.
6724,Benjamin,Corporate,Chicago,IL,EE. UU.
10508,Angela,Corporate,Los Angeles,CA,EE. UU.
5471,Donald,Corporate,Tempe,AZ,EE. UU.
2484,Sarah,Corporate,Apex,NC,EE. UU.
6512,Rachel,Corporate,Mission,TX,EE. UU.
5202,Mary,Corporate,Victorville,CA,EE. UU.
9491,John,Corporate,Los Angeles,CA,EE. UU.
17136,Jessica,Corporate,Aurora,CO,EE. UU.
17172,Veronica,Corporate,East Lansing,MI,EE. UU.
15192,Kameko,Corporate,Bakersfield,CA,EE. UU.
18620,Dakota,Corporate,Colorado Springs,CO,EE. UU.
15203,Yuri,Corporate,Webster,NY,EE. UU.
15257,Carolyn,Corporate,Santa Ana,CA,EE. UU.
17754,Stacey,Corporate,Los Angeles,CA,EE. UU.
18616,Meghan,Corporate,Jersey City,NJ,EE. UU.
20067,Simone,Corporate,Stockbridge,GA,EE. UU.
15216,Sacha,Corporate,Tallahassee,FL,EE. UU.
5210,Thomas,Corporate,San Jose,CA,EE. UU.
12060,Mary,Corporate,San Antonio,TX,EE. UU.
5523,Mary,Corporate,Brooklyn,NY,EE. UU.
12206,Mary,Corporate,New York,NY,EE. UU.
11898,Debra,Corporate,Sanford,NC,EE. UU.
3266,Mary,Corporate,Chicago,IL,EE. UU.
2219,Mary,Corporate,Gardena,CA,EE. UU.
6926,Ashley,Consumer,Harlingen,TX,EE. UU.
10865,Albert,Consumer,Alpharetta,GA,EE. UU.
11574,Mary,Consumer,Saint Louis,MO,EE. UU.
7636,Elizabeth,Consumer,New York,NY,EE. UU.
9240,Janice,Consumer,Carlsbad,CA,EE. UU.
7066,Emma,Consumer,Fresno,CA,EE. UU.
9476,Linda,Consumer,Lombard,IL,EE. UU.
8177,Janet,Consumer,Phoenix,AZ,EE. UU.
12426,Jordan,Consumer,Brooklyn,NY,EE. UU.
10278,Mary,Consumer,Los Angeles,CA,EE. UU.
11716,Robert,Consumer,Bountiful,UT,EE. UU.
5585,Mary,Consumer,Moreno Valley,CA,EE. UU.
3529,Victoria,Consumer,Endicott,NY,EE. UU.
6521,Mary,Consumer,Chillicothe,OH,EE. UU.
8709,Mary,Consumer,Alameda,CA,EE. UU.
4829,Mary,Consumer,Sunnyvale,CA,EE. UU.
1611,Jennifer,Consumer,Bakersfield,CA,EE. UU.
4278,Andrew,Consumer,Opelousas,LA,EE. UU.
7271,Karen,Consumer,Stamford,CT,EE. UU.
9305,Mary,Consumer,Florissant,MO,EE. UU.
9017,Anna,Consumer,Troy,NY,EE. UU.
7712,Hannah,Consumer,Ridgewood,NY,EE. UU.
7845,Walter,Consumer,Ontario,CA,EE. UU.
411,Mary,Consumer,Washington,DC,EE. UU.
5983,Mary,Consumer,New York,NY,EE. UU.
10442,Mary,Consumer,Quincy,IL,EE. UU.
810,Mary,Consumer,Las Vegas,NV,EE. UU.
5265,Sarah,Consumer,Los Angeles,CA,EE. UU.
329,Samantha,Consumer,Miami,FL,EE. UU.
8513,Alexander,Consumer,New Orleans,LA,EE. UU.
2687,Kelly,Consumer,Brooklyn,NY,EE. UU.
6006,Mary,Consumer,Lancaster,PA,EE. UU.
4840,Mary,Consumer,Irving,TX,EE. UU.
3787,Kevin,Consumer,Columbia,MO,EE. UU.
5458,Harold,Consumer,Florissant,MO,EE. UU.
8005,Robert,Consumer,Brooklyn,NY,EE. UU.
9383,Charles,Consumer,Miami,FL,EE. UU.
10462,Carolyn,Consumer,West Lafayette,IN,EE. UU.
8618,Joan,Consumer,New Albany,IN,EE. UU.
10052,Mary,Consumer,Troy,MI,EE. UU.
9942,Lisa,Consumer,Memphis,TN,EE. UU.
8350,Mary,Consumer,Watsonville,CA,EE. UU.
9587,Robert,Consumer,West Chester,PA,EE. UU.
5359,Raymond,Consumer,Annapolis,MD,EE. UU.
10481,Nicole,Consumer,Ithaca,NY,EE. UU.
10592,Ethan,Consumer,Chicago,IL,EE. UU.
4965,Mary,Consumer,Santa Clara,CA,EE. UU.
1048,Frances,Consumer,Huntington Station,NY,EE. UU.
11277,Nicole,Consumer,Brooklyn,NY,EE. UU.
10601,Patrick,Consumer,Walnut,CA,EE. UU.
7432,Betty,Consumer,Columbus,OH,EE. UU.
6500,Joyce,Consumer,Mesquite,TX,EE. UU.
4094,Judith,Consumer,Clementon,NJ,EE. UU.
11435,Amber,Consumer,Hialeah,FL,EE. UU.
7366,William,Consumer,Columbia,SC,EE. UU.
7442,Brenda,Consumer,Denton,TX,EE. UU.
4407,Mary,Consumer,Bismarck,ND,EE. UU.
1124,Katherine,Consumer,Granite City,IL,EE. UU.
9761,Helen,Consumer,Brownsville,TX,EE. UU.
8885,Mary,Consumer,Stockbridge,GA,EE. UU.
2476,Gerald,Consumer,New Orleans,LA,EE. UU.
2600,Deborah,Consumer,Hayward,CA,EE. UU.
11211,Mary,Consumer,New York,NY,EE. UU.
2867,Wayne,Consumer,Van Nuys,CA,EE. UU.
8120,Stephanie,Consumer,Loveland,OH,EE. UU.
8192,Kathryn,Consumer,Houston,TX,EE. UU.
7744,Kathleen,Consumer,Garden Grove,CA,EE. UU.
7935,Mary,Consumer,Pawtucket,RI,EE. UU.
9124,Donald,Consumer,Temecula,CA,EE. UU.
2811,Thomas,Consumer,Tinley Park,IL,EE. UU.
5645,Mary,Consumer,Oxnard,CA,EE. UU.
6086,Mary,Consumer,Pompano Beach,FL,EE. UU.
1659,Mary,Consumer,Weslaco,TX,EE. UU.
2943,Crystal,Consumer,Salt Lake City,UT,EE. UU.
6580,Anthony,Consumer,Tempe,AZ,EE. UU.
11955,William,Consumer,Dearborn,MI,EE. UU.
2611,Nicholas,Consumer,South Richmond Hill,NY,EE. UU.
4159,Mary,Consumer,Laredo,TX,EE. UU.
5829,Mary,Consumer,Houston,TX,EE. UU.
11575,William,Consumer,Beloit,WI,EE. UU.
4795,Mary,Consumer,Fargo,ND,EE. UU.
719,Mary,Consumer,Tucson,AZ,EE. UU.
7916,Mary,Consumer,Lancaster,PA,EE. UU.
1436,Sarah,Consumer,Lewisville,TX,EE. UU.
1775,Sharon,Consumer,Virginia Beach,VA,EE. UU.
2733,David,Consumer,Chicago,IL,EE. UU.
2337,Mary,Consumer,El Paso,TX,EE. UU.
5153,Evelyn,Consumer,Philadelphia,PA,EE. UU.
799,Danielle,Consumer,Pompano Beach,FL,EE. UU.
6060,Michael,Consumer,San Diego,CA,EE. UU.
7298,Mary,Consumer,Oak Lawn,IL,EE. UU.
5978,Lauren,Consumer,Dorchester Center,MA,EE. UU.
4221,Robert,Consumer,Los Angeles,CA,EE. UU.
827,Tyler,Consumer,New York,NY,EE. UU.
7758,Joyce,Consumer,Woodbridge,VA,EE. UU.
3180,Raymond,Consumer,Riverside,CA,EE. UU.
7775,Amy,Consumer,Dundalk,MD,EE. UU.
5554,Hannah,Consumer,Rio Rancho,NM,EE. UU.
2633,Matthew,Consumer,Las Vegas,NV,EE. UU.
5324,Mary,Consumer,Houston,TX,EE. UU.
4787,Brian,Consumer,Morristown,NJ,EE. UU.
8424,Robert,Consumer,Yuma,AZ,EE. UU.
6768,Catherine,Consumer,Laguna Hills,CA,EE. UU.
2449,Mary,Consumer,Elgin,IL,EE. UU.
4228,Michael,Consumer,Detroit,MI,EE. UU.
3404,Billy,Consumer,College Station,TX,EE. UU.
10194,Bobby,Consumer,Rome,NY,EE. UU.
3708,Judy,Consumer,Westerville,OH,EE. UU.
4181,Aaron,Consumer,Ventura,CA,EE. UU.
10713,Mary,Consumer,Glendale,AZ,EE. UU.
3685,Mary,Consumer,Apex,NC,EE. UU.
7623,Matthew,Consumer,San Antonio,TX,EE. UU.
11453,Mary,Consumer,Roswell,NM,EE. UU.
3201,Kathleen,Consumer,Forest Hills,NY,EE. UU.
3785,Brian,Consumer,Las Vegas,NV,EE. UU.
705,Timothy,Consumer,Atlanta,GA,EE. UU.
9149,Ronald,Consumer,Santa Ana,CA,EE. UU.
11369,Mary,Consumer,Irwin,PA,EE. UU.
5770,Brandon,Consumer,Clovis,CA,EE. UU.
455,Jeffrey,Consumer,Colorado Springs,CO,EE. UU.
4600,Roger,Consumer,Crown Point,IN,EE. UU.
11505,Michael,Consumer,Bakersfield,CA,EE. UU.
3813,Andrew,Consumer,Brooklyn,NY,EE. UU.
8084,Mary,Consumer,Houston,TX,EE. UU.
1524,Nathan,Consumer,La Mirada,CA,EE. UU.
10122,Mary,Consumer,Salinas,CA,EE. UU.
8003,Diane,Consumer,El Paso,TX,EE. UU.
1407,Olivia,Consumer,Bronx,NY,EE. UU.
10424,Beverly,Consumer,Philadelphia,PA,EE. UU.
4624,Kenneth,Consumer,Lawton,OK,EE. UU.
838,Mary,Consumer,Tinley Park,IL,EE. UU.
10241,Patricia,Consumer,Louisville,KY,EE. UU.
10062,Judith,Consumer,Arlington Heights,IL,EE. UU.
2302,Elizabeth,Consumer,Bakersfield,CA,EE. UU.
7448,Lauren,Consumer,Apex,NC,EE. UU.
4931,Arthur,Consumer,Tampa,FL,EE. UU.
1426,Mary,Consumer,Long Beach,CA,EE. UU.
11914,William,Consumer,Colorado Springs,CO,EE. UU.
256,David,Consumer,Chicago,IL,EE. UU.
4090,Mary,Consumer,Brooklyn,NY,EE. UU.
7852,Mary,Consumer,San Francisco,CA,EE. UU.
5300,Joseph,Consumer,Orlando,FL,EE. UU.
7562,Thomas,Consumer,Escondido,CA,EE. UU.
1543,Mary,Consumer,Fayetteville,NC,EE. UU.
3873,Stephanie,Consumer,Bronx,NY,EE. UU.
10739,Doris,Consumer,Greeley,CO,EE. UU.
2223,Sharon,Consumer,Virginia Beach,VA,EE. UU.
5877,Mary,Consumer,Tempe,AZ,EE. UU.
11585,Mary,Consumer,Chicago,IL,EE. UU.
8588,Ronald,Consumer,Salt Lake City,UT,EE. UU.
3090,Mary,Consumer,Middletown,CT,EE. UU.
1049,Mary,Consumer,Washington,DC,EE. UU.
7342,Julia,Consumer,Greeley,CO,EE. UU.
7829,Raymond,Consumer,Milford,CT,EE. UU.
7123,Carl,Consumer,Meridian,ID,EE. UU.
4592,Mary,Consumer,Bartlett,IL,EE. UU.
4377,Mary,Consumer,Murfreesboro,TN,EE. UU.
4529,Steven,Consumer,Bronx,NY,EE. UU.
2758,Kimberly,Consumer,Phoenix,AZ,EE. UU.
9819,Crystal,Consumer,Stockton,CA,EE. UU.
6583,Heather,Consumer,Moline,IL,EE. UU.
7544,Barbara,Consumer,Detroit,MI,EE. UU.
5487,Eugene,Consumer,Chicago,IL,EE. UU.
1528,Anthony,Consumer,Reno,NV,EE. UU.
11218,Louis,Consumer,Murfreesboro,TN,EE. UU.
4752,Mary,Consumer,Passaic,NJ,EE. UU.
1295,Theresa,Consumer,Winnetka,CA,EE. UU.
9753,Jonathan,Consumer,New Albany,IN,EE. UU.
4846,Mary,Consumer,Buffalo,NY,EE. UU.
6892,Robert,Consumer,Bakersfield,CA,EE. UU.
6470,Douglas,Consumer,Revere,MA,EE. UU.
12164,Robert,Consumer,Los Angeles,CA,EE. UU.
3543,Matthew,Consumer,Reseda,CA,EE. UU.
2520,Gregory,Consumer,Woonsocket,RI,EE. UU.
9692,Carolyn,Consumer,Laredo,TX,EE. UU.
8047,Gary,Consumer,San Jose,CA,EE. UU.
3710,Ashley,Consumer,Springfield,MO,EE. UU.
7293,Mary,Consumer,Lancaster,SC,EE. UU.
3319,Adam,Consumer,New York,NY,EE. UU.
6880,Brenda,Consumer,Annandale,VA,EE. UU.
5989,Kathleen,Consumer,Brooklyn,NY,EE. UU.
11855,Mary,Consumer,Columbus,OH,EE. UU.
10012,Robert,Consumer,Lynnwood,WA,EE. UU.
10589,Mary,Consumer,Levittown,NY,EE. UU.
7183,Anna,Consumer,Hacienda Heights,CA,EE. UU.
4850,Mary,Consumer,Wayne,NJ,EE. UU.
6325,Victoria,Consumer,Zanesville,OH,EE. UU.
1793,Mary,Consumer,Glenview,IL,EE. UU.
5974,Harold,Consumer,Mcallen,TX,EE. UU.
6441,Mary,Consumer,Metairie,LA,EE. UU.
76,Joseph,Consumer,Los Angeles,CA,EE. UU.
9179,Mary,Consumer,Rego Park,NY,EE. UU.
5928,Janice,Consumer,Oxnard,CA,EE. UU.
4548,Ruth,Consumer,Hialeah,FL,EE. UU.
2373,Mary,Consumer,Goose Creek,SC,EE. UU.
10251,Mary,Consumer,Washington,DC,EE. UU.
9928,Mary,Consumer,Aurora,IL,EE. UU.
7951,Amy,Consumer,Chicago,IL,EE. UU.
12051,Ethan,Consumer,Campbell,CA,EE. UU.
11516,Kevin,Consumer,Carol Stream,IL,EE. UU.
349,Aaron,Consumer,Florissant,MO,EE. UU.
12368,Alice,Consumer,Fresno,CA,EE. UU.
3525,Joseph,Consumer,Cleveland,OH,EE. UU.
871,Deborah,Consumer,Amarillo,TX,EE. UU.
8770,Mary,Consumer,West Chester,PA,EE. UU.
7979,Mary,Consumer,El Paso,TX,EE. UU.
11756,Linda,Consumer,Greeley,CO,EE. UU.
12299,Randy,Consumer,Chicago,IL,EE. UU.
1670,Keith,Consumer,Opelousas,LA,EE. UU.
11385,Mary,Consumer,Wheeling,WV,EE. UU.
12189,Judith,Consumer,Ann Arbor,MI,EE. UU.
11459,Mary,Consumer,Santa Ana,CA,EE. UU.
3947,Mary,Consumer,Wichita,KS,EE. UU.
9559,Austin,Consumer,Dallas,TX,EE. UU.
9454,Mary,Consumer,Long Beach,CA,EE. UU.
12362,Mary,Consumer,Tucson,AZ,EE. UU.
7719,Dorothy,Consumer,Campbell,CA,EE. UU.
7902,Mary,Consumer,El Paso,TX,EE. UU.
7787,Robert,Consumer,Highland,CA,EE. UU.
10222,Mark,Consumer,Pompano Beach,FL,EE. UU.
6393,Mary,Consumer,Greenville,NC,EE. UU.
6585,Andrew,Consumer,San Diego,CA,EE. UU.
5227,Madison,Consumer,New Castle,DE,EE. UU.
1511,Julia,Consumer,Wichita,KS,EE. UU.
10505,Eugene,Consumer,Bell Gardens,CA,EE. UU.
1283,Ashley,Consumer,Hawthorne,CA,EE. UU.
4568,Mary,Consumer,Buffalo,NY,EE. UU.
1483,Olivia,Consumer,Marietta,GA,EE. UU.
2675,Michael,Consumer,Anaheim,CA,EE. UU.
7383,Catherine,Consumer,Aurora,IL,EE. UU.
606,Mary,Consumer,Newark,DE,EE. UU.
10682,Phillip,Consumer,Salem,OR,EE. UU.
4292,Sean,Consumer,Dearborn,MI,EE. UU.
10023,Victoria,Consumer,Newark,NJ,EE. UU.
4930,Mary,Consumer,Napa,CA,EE. UU.
9396,Jacqueline,Consumer,Salinas,CA,EE. UU.
12284,Mary,Consumer,New Haven,CT,EE. UU.
11037,Mary,Consumer,Davis,CA,EE. UU.
11833,Mary,Consumer,Strongsville,OH,EE. UU.
2939,Kyle,Consumer,Morrisville,PA,EE. UU.
11903,Ann,Consumer,Berwyn,IL,EE. UU.
11425,Kathy,Consumer,Detroit,MI,EE. UU.
8171,Benjamin,Consumer,Temecula,CA,EE. UU.
3407,Nancy,Consumer,Clovis,CA,EE. UU.
1620,Stephen,Consumer,Beloit,WI,EE. UU.
10701,Amanda,Consumer,Lynwood,CA,EE. UU.
7236,Mary,Consumer,Columbia,MO,EE. UU.
1320,Mary,Consumer,Los Angeles,CA,EE. UU.
10279,David,Consumer,Mission Viejo,CA,EE. UU.
6003,Mary,Consumer,Hickory,NC,EE. UU.
4538,Matthew,Consumer,Zanesville,OH,EE. UU.
11626,Debra,Consumer,Marietta,GA,EE. UU.
3762,Juan,Consumer,West New York,NJ,EE. UU.
11656,Mary,Consumer,Aurora,CO,EE. UU.
11131,Mary,Consumer,Brooklyn,NY,EE. UU.
4491,Mary,Consumer,Elmhurst,NY,EE. UU.
836,Mary,Consumer,Dearborn,MI,EE. UU.
3761,Mary,Consumer,Hayward,CA,EE. UU.
9152,Mary,Consumer,Salt Lake City,UT,EE. UU.
1381,Doris,Consumer,Campbell,CA,EE. UU.
8872,Mary,Consumer,Portland,OR,EE. UU.
7382,Dorothy,Consumer,Chicago,IL,EE. UU.
1466,Stephen,Consumer,Lenoir,NC,EE. UU.
10268,Amy,Consumer,Murfreesboro,TN,EE. UU.
10466,Mary,Consumer,Escondido,CA,EE. UU.
773,Dylan,Consumer,Saint Paul,MN,EE. UU.
7379,David,Consumer,Marrero,LA,EE. UU.
12041,Gary,Consumer,Florissant,MO,EE. UU.
4572,Crystal,Consumer,Brooklyn,NY,EE. UU.
8097,Marie,Consumer,Sheboygan,WI,EE. UU.
7600,Mary,Consumer,Hacienda Heights,CA,EE. UU.
10239,Doris,Consumer,Riverside,CA,EE. UU.
1155,Virginia,Consumer,Greeley,CO,EE. UU.
1400,Aaron,Consumer,Pompano Beach,FL,EE. UU.
856,Dennis,Consumer,Fountain Valley,CA,EE. UU.
10364,Mary,Consumer,Los Angeles,CA,EE. UU.
3678,Alice,Consumer,Brooklyn,NY,EE. UU.
11275,Kyle,Consumer,Webster,NY,EE. UU.
4876,Harry,Consumer,Virginia Beach,VA,EE. UU.
9849,Mary,Consumer,Dallas,TX,EE. UU.
6516,Angela,Consumer,Las Cruces,NM,EE. UU.
254,Diana,Consumer,San Antonio,TX,EE. UU.
8375,John,Consumer,Philadelphia,PA,EE. UU.
8448,Deborah,Consumer,New York,NY,EE. UU.
2681,Mary,Consumer,Duluth,GA,EE. UU.
6798,Maria,Consumer,Gaithersburg,MD,EE. UU.
11552,Mary,Consumer,Orlando,FL,EE. UU.
3664,Mary,Consumer,Virginia Beach,VA,EE. UU.
2515,Susan,Consumer,Apopka,FL,EE. UU.
9786,Mary,Consumer,Salt Lake City,UT,EE. UU.
12403,Richard,Consumer,Cypress,CA,EE. UU.
11862,Mary,Consumer,Lutz,FL,EE. UU.
11765,Steven,Consumer,South El Monte,CA,EE. UU.
1876,Austin,Consumer,Salina,KS,EE. UU.
1078,Nancy,Consumer,Los Angeles,CA,EE. UU.
2696,Ashley,Consumer,Memphis,TN,EE. UU.
9650,Mary,Consumer,Hampton,VA,EE. UU.
914,Jacob,Consumer,Bronx,NY,EE. UU.
10760,Mary,Consumer,Oregon City,OR,EE. UU.
8250,Emma,Consumer,Las Vegas,NV,EE. UU.
1689,Thomas,Consumer,Troy,NY,EE. UU.
755,Mary,Consumer,Tucson,AZ,EE. UU.
1854,Lauren,Consumer,Folsom,CA,EE. UU.
6285,Mary,Consumer,Brooklyn,NY,EE. UU.
4937,Mary,Consumer,Baldwin Park,CA,EE. UU.
9570,William,Consumer,Houston,TX,EE. UU.
9823,Mary,Consumer,Ogden,UT,EE. UU.
1022,Mary,Consumer,Ogden,UT,EE. UU.
4212,Robert,Consumer,Fresno,CA,EE. UU.
1492,Gerald,Consumer,Montebello,CA,EE. UU.
1091,Mary,Consumer,Tucson,AZ,EE. UU.
8342,Betty,Consumer,El Centro,CA,EE. UU.
5383,Mary,Consumer,Staten Island,NY,EE. UU.
11175,Mary,Consumer,Phoenix,AZ,EE. UU.
7482,Mary,Consumer,Stafford,VA,EE. UU.
6737,Joyce,Consumer,Moreno Valley,CA,EE. UU.
7947,Mary,Consumer,Richardson,TX,EE. UU.
6095,Mary,Consumer,Revere,MA,EE. UU.
2962,Amy,Consumer,Jackson Heights,NY,EE. UU.
2787,Mary,Consumer,Chicago,IL,EE. UU.
327,Mary,Consumer,Carrollton,TX,EE. UU.
10310,Virginia,Consumer,Mcallen,TX,EE. UU.
11544,Diane,Consumer,Chandler,AZ,EE. UU.
7133,Kathy,Consumer,Saint Paul,MN,EE. UU.
4556,Mary,Consumer,Detroit,MI,EE. UU.
12296,Anna,Consumer,Orlando,FL,EE. UU.
1174,Douglas,Consumer,Memphis,TN,EE. UU.
6423,Dylan,Consumer,San Diego,CA,EE. UU.
4017,James,Consumer,Florissant,MO,EE. UU.
6649,Mary,Consumer,Detroit,MI,EE. UU.
4169,Mary,Consumer,Elgin,IL,EE. UU.
1565,Denise,Consumer,Campbell,CA,EE. UU.
6279,Gary,Consumer,Miami,FL,EE. UU.
10020,Mary,Consumer,Phoenix,AZ,EE. UU.
1298,Susan,Consumer,San Jose,CA,EE. UU.
613,Emma,Consumer,South Ozone Park,NY,EE. UU.
2585,Kyle,Consumer,Brooklyn,NY,EE. UU.
11778,Mary,Consumer,San Diego,CA,EE. UU.
7180,Mary,Consumer,Pacoima,CA,EE. UU.
5242,Cheryl,Consumer,Philadelphia,PA,EE. UU.
2959,Ronald,Consumer,Chicago,IL,EE. UU.
987,Cheryl,Consumer,Albuquerque,NM,EE. UU.
7625,Frances,Consumer,Detroit,MI,EE. UU.
11567,Mary,Consumer,Spring Valley,CA,EE. UU.
8056,John,Consumer,Pharr,TX,EE. UU.
8616,Nicholas,Consumer,Riverside,CA,EE. UU.
7925,William,Consumer,Houston,TX,EE. UU.
1482,Mary,Consumer,Los Angeles,CA,EE. UU.
11177,Mary,Consumer,Wayne,NJ,EE. UU.
4976,Mary,Consumer,Milford,CT,EE. UU.
12120,Pamela,Consumer,Pompano Beach,FL,EE. UU.
6288,Catherine,Consumer,Detroit,MI,EE. UU.
1300,Hannah,Consumer,Mission,TX,EE. UU.
733,Alice,Consumer,Amarillo,TX,EE. UU.
2957,Eugene,Consumer,Lynnwood,WA,EE. UU.
10357,Elizabeth,Consumer,Milwaukee,WI,EE. UU.
1014,Mary,Consumer,Jamaica,NY,EE. UU.
6009,Mary,Consumer,Salt Lake City,UT,EE. UU.
11589,Mary,Consumer,Kent,WA,EE. UU.
8734,Harry,Consumer,Ridgewood,NY,EE. UU.
5297,Mary,Consumer,San Diego,CA,EE. UU.
590,Paul,Consumer,Meridian,ID,EE. UU.
8723,John,Consumer,Washington,DC,EE. UU.
4147,Karen,Consumer,Dorchester Center,MA,EE. UU.
7725,Mary,Consumer,Columbia,SC,EE. UU.
3101,George,Consumer,Mission Viejo,CA,EE. UU.
12115,Lawrence,Consumer,Mission,TX,EE. UU.
5403,Mary,Consumer,Columbus,OH,EE. UU.
9126,Philip,Consumer,Atlanta,GA,EE. UU.
10371,Joseph,Consumer,Mount Prospect,IL,EE. UU.
9576,Hannah,Consumer,Cupertino,CA,EE. UU.
5196,Mary,Consumer,South San Francisco,CA,EE. UU.
7713,Mary,Consumer,Chicago,IL,EE. UU.
2724,Dorothy,Consumer,Los Angeles,CA,EE. UU.
9687,Mary,Consumer,Miami,FL,EE. UU.
449,Mary,Consumer,Columbus,OH,EE. UU.
1215,Joe,Consumer,Las Vegas,NV,EE. UU.
3674,Amy,Consumer,El Cajon,CA,EE. UU.
691,Mary,Consumer,Stafford,VA,EE. UU.
6626,Mary,Consumer,Ontario,CA,EE. UU.
226,Rose,Consumer,Oxnard,CA,EE. UU.
6281,Eugene,Consumer,Lancaster,SC,EE. UU.
3748,Brenda,Consumer,Lake Forest,CA,EE. UU.
11238,Mary,Consumer,Hendersonville,TN,EE. UU.
4852,Joshua,Consumer,Highland Park,MI,EE. UU.
1499,Mary,Consumer,Fort Lauderdale,FL,EE. UU.
6,Mary,Consumer,Passaic,NJ,EE. UU.
384,Mildred,Consumer,Las Vegas,NV,EE. UU.
3313,Mary,Consumer,Ballwin,MO,EE. UU.
9443,Karen,Consumer,Garden Grove,CA,EE. UU.
1317,Robert,Consumer,Lake Forest,CA,EE. UU.
11764,Mary,Consumer,Simi Valley,CA,EE. UU.
4326,Mary,Consumer,Riverside,CA,EE. UU.
2389,Mary,Consumer,Memphis,TN,EE. UU.
7650,Mary,Consumer,Wayne,NJ,EE. UU.
1980,Mary,Consumer,Clearfield,UT,EE. UU.
2821,Mary,Consumer,Santa Ana,CA,EE. UU.
11832,Sara,Consumer,Hendersonville,TN,EE. UU.
9414,Gloria,Consumer,Florissant,MO,EE. UU.
2794,Patricia,Consumer,Pittsburg,CA,EE. UU.
6307,Gregory,Consumer,Brooklyn,NY,EE. UU.
2382,Mary,Consumer,Bronx,NY,EE. UU.
10312,Evelyn,Consumer,El Paso,TX,EE. UU.
11789,Mary,Consumer,East Brunswick,NJ,EE. UU.
11967,Mary,Consumer,Daly City,CA,EE. UU.
8014,Emily,Consumer,Seattle,WA,EE. UU.
117,Mary,Consumer,La Crosse,WI,EE. UU.
8060,Sara,Consumer,Chicago,IL,EE. UU.
2617,Mary,Consumer,Santa Ana,CA,EE. UU.
3537,Ralph,Consumer,La Mesa,CA,EE. UU.
2235,David,Consumer,Albuquerque,NM,EE. UU.
10146,Andrew,Consumer,Anaheim,CA,EE. UU.
9244,Mary,Consumer,North Hollywood,CA,EE. UU.
3163,Mary,Consumer,Saint Louis,MO,EE. UU.
687,Ronald,Consumer,Garden Grove,CA,EE. UU.
9817,Sean,Consumer,Los Angeles,CA,EE. UU.
10083,Mary,Consumer,Greeley,CO,EE. UU.
9263,Joe,Consumer,Dallas,TX,EE. UU.
6417,Helen,Consumer,Houston,TX,EE. UU.
11221,Mary,Consumer,Antioch,TN,EE. UU.
2403,Christopher,Consumer,Philadelphia,PA,EE. UU.
1428,Mary,Consumer,Frankfort,KY,EE. UU.
6356,Mary,Consumer,Annapolis,MD,EE. UU.
2064,David,Consumer,Dallas,TX,EE. UU.
3720,Mary,Consumer,Los Angeles,CA,EE. UU.
4750,Mary,Consumer,Martinsburg,WV,EE. UU.
3802,Timothy,Consumer,Miami,FL,EE. UU.
5856,Melissa,Consumer,Detroit,MI,EE. UU.
3331,Diane,Consumer,Fountain Valley,CA,EE. UU.
11068,Roger,Consumer,Longmont,CO,EE. UU.
11595,Zachary,Consumer,Modesto,CA,EE. UU.
9486,Mary,Consumer,Philadelphia,PA,EE. UU.
6476,Julie,Consumer,Washington,DC,EE. UU.
6458,Jonathan,Consumer,Reynoldsburg,OH,EE. UU.
358,Megan,Consumer,San Antonio,TX,EE. UU.
11775,Heather,Consumer,Atlanta,GA,EE. UU.
11407,Steven,Consumer,Marion,OH,EE. UU.
2788,Jane,Consumer,Las Vegas,NV,EE. UU.
1438,Jason,Consumer,Mesa,AZ,EE. UU.
2960,Megan,Consumer,Manchester,CT,EE. UU.
11350,Brittany,Consumer,Dearborn,MI,EE. UU.
6146,Mary,Consumer,Lancaster,CA,EE. UU.
3825,Mary,Consumer,Silver Spring,MD,EE. UU.
12065,Mary,Consumer,Chicago,IL,EE. UU.
9700,Mary,Consumer,Ballwin,MO,EE. UU.
11527,Karen,Consumer,Elgin,IL,EE. UU.
4101,Michelle,Consumer,Yonkers,NY,EE. UU.
11060,Robert,Consumer,Sacramento,CA,EE. UU.
9401,Mary,Consumer,Bronx,NY,EE. UU.
11772,Mary,Consumer,Bloomfield,NJ,EE. UU.
10040,Susan,Consumer,Dundalk,MD,EE. UU.
65,Jennifer,Consumer,Princeton,NJ,EE. UU.
6925,Mary,Consumer,New York,NY,EE. UU.
3635,Catherine,Consumer,San Jose,CA,EE. UU.
10756,Mary,Consumer,Silver Spring,MD,EE. UU.
5469,Mary,Consumer,Far Rockaway,NY,EE. UU.
7989,Elizabeth,Consumer,Augusta,GA,EE. UU.
11835,Tammy,Consumer,Scottsdale,AZ,EE. UU.
3858,Martha,Consumer,Newark,OH,EE. UU.
12050,Mary,Consumer,Bronx,NY,EE. UU.
3660,Roger,Consumer,Del Rio,TX,EE. UU.
7980,Jennifer,Consumer,Metairie,LA,EE. UU.
4621,Doris,Consumer,Germantown,MD,EE. UU.
10690,Michael,Consumer,Spring Valley,NY,EE. UU.
484,Shirley,Consumer,Hyattsville,MD,EE. UU.
1658,Dylan,Consumer,Los Angeles,CA,EE. UU.
5832,Jennifer,Consumer,Baltimore,MD,EE. UU.
3711,Jordan,Consumer,Fort Worth,TX,EE. UU.
2628,Madison,Consumer,Rancho Cordova,CA,EE. UU.
898,Cheryl,Consumer,Tampa,FL,EE. UU.
2114,Timothy,Consumer,Los Angeles,CA,EE. UU.
5440,Mary,Consumer,Ontario,CA,EE. UU.
5867,Beverly,Consumer,Tallahassee,FL,EE. UU.
11417,Kenneth,Consumer,Chicago,IL,EE. UU.
1952,Ashley,Consumer,Silver Spring,MD,EE. UU.
4397,Diana,Consumer,Long Beach,CA,EE. UU.
7000,Amber,Consumer,Indianapolis,IN,EE. UU.
391,Gloria,Consumer,Saginaw,MI,EE. UU.
3764,Ethan,Consumer,Los Angeles,CA,EE. UU.
2458,Mary,Consumer,Honolulu,HI,EE. UU.
6140,Willie,Consumer,Union,NJ,EE. UU.
4242,Benjamin,Consumer,West Orange,NJ,EE. UU.
6846,Joe,Consumer,Saint Louis,MO,EE. UU.
6657,Alan,Consumer,San Diego,CA,EE. UU.
5490,Mary,Consumer,Bronx,NY,EE. UU.
9908,Benjamin,Consumer,Baytown,TX,EE. UU.
2362,Samantha,Consumer,Placentia,CA,EE. UU.
771,Patricia,Consumer,Pawtucket,RI,EE. UU.
12233,Karen,Consumer,Chicago,IL,EE. UU.
10039,Mary,Consumer,Conway,AR,EE. UU.
5105,Mary,Consumer,Alhambra,CA,EE. UU.
1790,Kimberly,Consumer,Freeport,NY,EE. UU.
4790,Mildred,Consumer,Potomac,MD,EE. UU.
12226,Nicholas,Consumer,Staten Island,NY,EE. UU.
12330,Mary,Consumer,Modesto,CA,EE. UU.
6727,Mary,Corporate,Ridgewood,NY,EE. UU.
11625,Mary,Corporate,Brooklyn,NY,EE. UU.
2023,Mary,Corporate,Brooklyn,NY,EE. UU.
9392,Sean,Corporate,Hollywood,FL,EE. UU.
10664,Mary,Corporate,San Ramon,CA,EE. UU.
2021,Theresa,Corporate,West Jordan,UT,EE. UU.
2649,Robert,Corporate,Sandusky,OH,EE. UU.
8208,Edward,Corporate,Lenoir,NC,EE. UU.
11723,Laura,Corporate,Bridgeton,NJ,EE. UU.
8570,Mary,Corporate,Escondido,CA,EE. UU.
12399,Phillip,Corporate,Valrico,FL,EE. UU.
1846,Andrew,Corporate,Pittsfield,MA,EE. UU.
5016,James,Corporate,Oceanside,CA,EE. UU.
5549,Kathryn,Corporate,Brooklyn,NY,EE. UU.
8313,Mary,Corporate,Spring Valley,CA,EE. UU.
2592,Kyle,Corporate,San Marcos,TX,EE. UU.
1911,Mary,Corporate,Fayetteville,NC,EE. UU.
6786,Robert,Corporate,San Jose,CA,EE. UU.
5900,James,Corporate,Colorado Springs,CO,EE. UU.
6419,Mary,Corporate,San Pedro,CA,EE. UU.
7283,Margaret,Corporate,West Chester,PA,EE. UU.
9053,William,Corporate,Tustin,CA,EE. UU.
2844,Robert,Corporate,Greenville,NC,EE. UU.
8829,Charles,Corporate,Woodside,NY,EE. UU.
8715,Mary,Corporate,Apex,NC,EE. UU.
6068,Michael,Corporate,Anaheim,CA,EE. UU.
7452,Mary,Corporate,Pekin,IL,EE. UU.
10088,Emma,Corporate,Grove City,OH,EE. UU.
5525,Kevin,Corporate,Knoxville,TN,EE. UU.
4645,Steven,Corporate,Los Angeles,CA,EE. UU.
4822,Mary,Corporate,Brooklyn,NY,EE. UU.
10911,Teresa,Corporate,San Diego,CA,EE. UU.
7281,Mary,Corporate,Chicago,IL,EE. UU.
11308,Angela,Corporate,San Marcos,CA,EE. UU.
3832,Mary,Corporate,Aurora,IL,EE. UU.
2093,Justin,Corporate,San Diego,CA,EE. UU.
5175,Mary,Corporate,Huntington Park,CA,EE. UU.
1378,Mary,Corporate,Campbell,CA,EE. UU.
10100,Sean,Corporate,Sugar Land,TX,EE. UU.
1314,Mary,Corporate,Anaheim,CA,EE. UU.
6222,Stephanie,Corporate,New York,NY,EE. UU.
7975,Eugene,Corporate,Wayne,NJ,EE. UU.
3645,Martha,Corporate,Watsonville,CA,EE. UU.
7370,Paul,Corporate,Rock Hill,SC,EE. UU.
2778,Mary,Corporate,Chicago,IL,EE. UU.
6873,Steven,Corporate,Albuquerque,NM,EE. UU.
6232,Janet,Corporate,Los Angeles,CA,EE. UU.
7710,Katherine,Corporate,Greensboro,NC,EE. UU.
8455,Brian,Corporate,Brownsville,TX,EE. UU.
445,Mary,Corporate,Fort Washington,MD,EE. UU.
5083,George,Corporate,Bronx,NY,EE. UU.
9921,Katherine,Corporate,Greensburg,PA,EE. UU.
518,Elizabeth,Corporate,Cerritos,CA,EE. UU.
656,Julie,Corporate,Pomona,CA,EE. UU.
3295,Maria,Corporate,Los Angeles,CA,EE. UU.
3639,Danielle,Corporate,Tempe,AZ,EE. UU.
6271,Mary,Corporate,Brooklyn,NY,EE. UU.
1607,Mary,Corporate,Piscataway,NJ,EE. UU.
616,Nancy,Corporate,Smyrna,GA,EE. UU.
6480,Ryan,Corporate,Chula Vista,CA,EE. UU.
1836,Howard,Corporate,Dallas,TX,EE. UU.
11463,Mary,Corporate,Murfreesboro,TN,EE. UU.
5534,Elizabeth,Corporate,South El Monte,CA,EE. UU.
4732,Mary,Corporate,Glendale,AZ,EE. UU.
1083,Mary,Corporate,Dorchester Center,MA,EE. UU.
7282,Jennifer,Corporate,Hanford,CA,EE. UU.
11405,Mary,Corporate,Brooklyn,NY,EE. UU.
9678,Scott,Corporate,Salt Lake City,UT,EE. UU.
11409,Mary,Corporate,Stone Mountain,GA,EE. UU.
4470,Mary,Corporate,Brooklyn,NY,EE. UU.
5017,Joyce,Corporate,Dallas,TX,EE. UU.
618,Mary,Corporate,Jackson Heights,NY,EE. UU.
8545,Emily,Corporate,Opelousas,LA,EE. UU.
8491,Kelly,Corporate,Chicago,IL,EE. UU.
5203,Mary,Corporate,Lockport,IL,EE. UU.
12010,Melissa,Corporate,Del Rio,TX,EE. UU.
6183,Mary,Corporate,Placentia,CA,EE. UU.
3850,Christina,Corporate,El Paso,TX,EE. UU.
12046,Joyce,Corporate,Mesa,AZ,EE. UU.
11609,Alice,Corporate,Poway,CA,EE. UU.
5025,Paul,Corporate,Bronx,NY,EE. UU.
4300,Michael,Corporate,Forest Hills,NY,EE. UU.
11150,Mary,Corporate,Hialeah,FL,EE. UU.
5467,Mary,Corporate,Apopka,FL,EE. UU.
649,Mary,Corporate,Stockton,CA,EE. UU.
1523,Daniel,Corporate,Van Nuys,CA,EE. UU.
1641,Ruth,Corporate,Aurora,CO,EE. UU.
3022,Jose,Corporate,Dallas,TX,EE. UU.
4225,Amy,Corporate,Los Angeles,CA,EE. UU.
8974,Mary,Corporate,Longmont,CO,EE. UU.
5599,Mary,Corporate,Levittown,NY,EE. UU.
6082,Mary,Corporate,Virginia Beach,VA,EE. UU.
9901,Mary,Corporate,Jamaica,NY,EE. UU.
4444,Russell,Corporate,Mount Prospect,IL,EE. UU.
1616,William,Corporate,Endicott,NY,EE. UU.
6696,Mary,Corporate,Alpharetta,GA,EE. UU.
6299,Richard,Corporate,Pomona,CA,EE. UU.
10934,Tiffany,Corporate,Cary,NC,EE. UU.
2473,Mary,Corporate,Palatine,IL,EE. UU.
3428,Madison,Corporate,Chicago,IL,EE. UU.
11959,Kimberly,Corporate,Mesquite,TX,EE. UU.
276,Christina,Corporate,West Covina,CA,EE. UU.
110,David,Corporate,Beaverton,OR,EE. UU.
6304,Justin,Corporate,Visalia,CA,EE. UU.
3457,Mary,Corporate,Pomona,CA,EE. UU.
6784,Brian,Corporate,O Fallon,MO,EE. UU.
8675,Zachary,Corporate,Chula Vista,CA,EE. UU.
11066,Mary,Corporate,Phoenix,AZ,EE. UU.
7826,Mary,Corporate,Riverside,CA,EE. UU.
10899,William,Corporate,Encinitas,CA,EE. UU.
2701,Christine,Corporate,Elyria,OH,EE. UU.
5507,Carl,Corporate,Chambersburg,PA,EE. UU.
3137,Elizabeth,Corporate,Oxnard,CA,EE. UU.
11931,Elizabeth,Corporate,Philadelphia,PA,EE. UU.
1700,Ronald,Corporate,Los Angeles,CA,EE. UU.
9993,Mary,Corporate,Broken Arrow,OK,EE. UU.
10612,Anna,Corporate,Cleveland,OH,EE. UU.
10569,Mary,Corporate,Normal,IL,EE. UU.
8558,Peter,Corporate,West Jordan,UT,EE. UU.
3353,Mary,Corporate,Lynn,MA,EE. UU.
4085,Mary,Corporate,Panorama City,CA,EE. UU.
2857,Eric,Corporate,Saint Peters,MO,EE. UU.
3671,Mary,Corporate,Mentor,OH,EE. UU.
10602,Mary,Corporate,Memphis,TN,EE. UU.
8906,Mary,Corporate,New York,NY,EE. UU.
6914,Mary,Corporate,San Diego,CA,EE. UU.
11083,Evelyn,Corporate,Las Cruces,NM,EE. UU.
3398,James,Corporate,Plano,TX,EE. UU.
4729,Robert,Corporate,Miami,FL,EE. UU.
11823,Mary,Corporate,Englewood,CO,EE. UU.
4172,Mary,Corporate,Aurora,CO,EE. UU.
5020,Lawrence,Corporate,Chicago,IL,EE. UU.
2071,Walter,Corporate,Los Angeles,CA,EE. UU.
7790,Edward,Corporate,Fullerton,CA,EE. UU.
9971,Mary,Corporate,Detroit,MI,EE. UU.
22,Joseph,Corporate,North Bergen,NJ,EE. UU.
10857,John,Corporate,Bensalem,PA,EE. UU.
2859,Mary,Corporate,Carrollton,TX,EE. UU.
3199,Ashley,Corporate,New York,NY,EE. UU.
2798,Michelle,Corporate,Phoenix,AZ,EE. UU.
5100,Stephen,Corporate,Encinitas,CA,EE. UU.
2027,Jennifer,Corporate,Mission Viejo,CA,EE. UU.
10634,Mary,Corporate,Laguna Niguel,CA,EE. UU.
291,John,Corporate,Bristol,CT,EE. UU.
11236,Mary,Corporate,Bismarck,ND,EE. UU.
3028,Ashley,Corporate,North Las Vegas,NV,EE. UU.
5601,Deborah,Corporate,Sacramento,CA,EE. UU.
7340,Charles,Corporate,Los Angeles,CA,EE. UU.
5104,Kevin,Corporate,West New York,NJ,EE. UU.
4314,Catherine,Corporate,Enfield,CT,EE. UU.
7176,Mary,Corporate,Williamsport,PA,EE. UU.
10068,Mary,Corporate,Carmichael,CA,EE. UU.
11972,Henry,Corporate,Piscataway,NJ,EE. UU.
11446,Mary,Corporate,Santa Ana,CA,EE. UU.
3631,Mary,Corporate,Laredo,TX,EE. UU.
12136,Mary,Corporate,Los Angeles,CA,EE. UU.
5018,Jerry,Corporate,Colorado Springs,CO,EE. UU.
1311,Jacob,Corporate,West Chester,PA,EE. UU.
9490,Mary,Corporate,La Mesa,CA,EE. UU.
11263,Mary,Corporate,Federal Way,WA,EE. UU.
4885,Kenneth,Corporate,Oak Lawn,IL,EE. UU.
5263,Benjamin,Corporate,San Jose,CA,EE. UU.
5673,Jean,Corporate,Roswell,NM,EE. UU.
3697,Mary,Corporate,Ypsilanti,MI,EE. UU.
10313,Mary,Corporate,Saint Paul,MN,EE. UU.
8954,Mary,Corporate,Columbia,SC,EE. UU.
5859,Ronald,Corporate,San Antonio,TX,EE. UU.
343,Douglas,Corporate,San Antonio,TX,EE. UU.
3734,Katherine,Corporate,Modesto,CA,EE. UU.
4663,Paul,Corporate,Columbus,GA,EE. UU.
11457,Jonathan,Corporate,San Benito,TX,EE. UU.
4318,Mary,Corporate,San Benito,TX,EE. UU.
10164,Mary,Corporate,Far Rockaway,NY,EE. UU.
7996,Mary,Corporate,Potomac,MD,EE. UU.
7602,Brian,Corporate,Harlingen,TX,EE. UU.
1205,Mary,Corporate,Miami,FL,EE. UU.
11503,Juan,Corporate,Saginaw,MI,EE. UU.
7438,Donald,Corporate,Katy,TX,EE. UU.
8647,Andrea,Corporate,Lewisville,TX,EE. UU.
6682,Samantha,Corporate,Raleigh,NC,EE. UU.
3459,Mary,Corporate,Chicago,IL,EE. UU.
3515,Mary,Corporate,Fort Lauderdale,FL,EE. UU.
11708,Laura,Corporate,Plano,TX,EE. UU.
9277,Donald,Corporate,Eugene,OR,EE. UU.
4301,Emily,Corporate,Newark,DE,EE. UU.
9318,Mary,Corporate,Virginia Beach,VA,EE. UU.
9773,Mary,Corporate,Hanford,CA,EE. UU.
7278,Mary,Corporate,Tucson,AZ,EE. UU.
2603,Mary,Corporate,Costa Mesa,CA,EE. UU.
9915,Mary,Corporate,Highland Park,MI,EE. UU.
9157,Nicholas,Corporate,Federal Way,WA,EE. UU.
9991,Philip,Corporate,Danbury,CT,EE. UU.
2161,Mary,Corporate,Bellflower,CA,EE. UU.
5789,Katherine,Consumer,Caguas,PR,Puerto Rico
1991,Lori,Consumer,Caguas,PR,Puerto Rico
2360,Denise,Home Office,San Antonio,TX,EE. UU.
1209,Mary,Consumer,San Marcos,TX,EE. UU.
11032,Mary,Corporate,Garden Grove,CA,EE. UU.
3421,Kathryn,Corporate,Caguas,PR,Puerto Rico
11830,Mary,Corporate,Pico Rivera,CA,EE. UU.
34,Mary,Corporate,Caguas,PR,Puerto Rico
1303,Mary,Corporate,Dallas,TX,EE. UU.
7648,Samantha,Consumer,Caguas,PR,Puerto Rico
736,Carol,Consumer,Longview,WA,EE. UU.
8254,Jesse,Consumer,Martinsburg,WV,EE. UU.
7774,Mary,Home Office,Caguas,PR,Puerto Rico
8412,Tiffany,Home Office,Carson,CA,EE. UU.
11837,Stephanie,Consumer,Norwalk,CA,EE. UU.
186,Diane,Home Office,Caguas,PR,Puerto Rico
369,Madison,Corporate,Chicago,IL,EE. UU.
5405,Hannah,Consumer,Chicago,IL,EE. UU.
12163,Mary,Consumer,Caguas,PR,Puerto Rico
4011,Victoria,Corporate,Caguas,PR,Puerto Rico
5216,Mary,Corporate,Caguas,PR,Puerto Rico
7475,Joan,Corporate,Bridgeton,NJ,EE. UU.
7291,Mary,Corporate,Detroit,MI,EE. UU.
7590,Robert,Home Office,Los Angeles,CA,EE. UU.
12373,Mary,Home Office,Chicago,IL,EE. UU.
9792,Judith,Home Office,Caguas,PR,Puerto Rico
797,Carl,Consumer,Caguas,PR,Puerto Rico
11132,Jonathan,Home Office,Caguas,PR,Puerto Rico
9682,Johnny,Corporate,Caguas,PR,Puerto Rico
4153,Kathleen,Consumer,Sugar Land,TX,EE. UU.
7479,Emma,Corporate,Caguas,PR,Puerto Rico
2069,Alice,Corporate,Caguas,PR,Puerto Rico
5715,Kelly,Corporate,Caguas,PR,Puerto Rico
11699,Mary,Consumer,Hampton,VA,EE. UU.
7892,Michael,Consumer,Dallas,TX,EE. UU.
8042,Mary,Corporate,Lakewood,NJ,EE. UU.
11072,Nathan,Home Office,Wheaton,IL,EE. UU.
6800,Christine,Corporate,West Covina,CA,EE. UU.
8124,Peter,Consumer,Glendale,AZ,EE. UU.
9059,Michael,Home Office,Caguas,PR,Puerto Rico
8451,Janice,Corporate,Houston,TX,EE. UU.
10960,Danielle,Corporate,Van Nuys,CA,EE. UU.
6662,Mary,Consumer,Troy,NY,EE. UU.
8116,Melissa,Consumer,Dallas,TX,EE. UU.
9925,Mary,Consumer,Redmond,WA,EE. UU.
7129,Mary,Corporate,Caguas,PR,Puerto Rico
6660,Christine,Home Office,Spring Valley,CA,EE. UU.
8063,Mary,Consumer,Brooklyn,NY,EE. UU.
3304,Amanda,Consumer,Chicago,IL,EE. UU.
2948,Mary,Consumer,Los Angeles,CA,EE. UU.
1970,Mary,Corporate,Caguas,PR,Puerto Rico
11020,Laura,Consumer,Federal Way,WA,EE. UU.
11311,Julie,Home Office,Chicago,IL,EE. UU.
4106,Angela,Consumer,North Hills,CA,EE. UU.
1588,Mary,Corporate,Caguas,PR,Puerto Rico
1976,Jacqueline,Corporate,Caguas,PR,Puerto Rico
7352,Debra,Consumer,Anaheim,CA,EE. UU.
2263,Mary,Consumer,Parkville,MD,EE. UU.
7315,Mary,Home Office,Elgin,IL,EE. UU.
11444,Kathleen,Corporate,San Diego,CA,EE. UU.
12293,Mary,Consumer,Las Vegas,NV,EE. UU.
6922,Mary,Consumer,Frankfort,KY,EE. UU.
1602,Stephen,Home Office,Santa Ana,CA,EE. UU.
11415,George,Corporate,Oxnard,CA,EE. UU.
6311,Mary,Home Office,Cordova,TN,EE. UU.
7974,Mary,Consumer,Baltimore,MD,EE. UU.
4388,Richard,Consumer,Holland,MI,EE. UU.
3889,Mary,Consumer,Caguas,PR,Puerto Rico
5612,Mary,Corporate,Caguas,PR,Puerto Rico
4863,Elizabeth,Corporate,Caguas,PR,Puerto Rico
11565,Rose,Consumer,Harlingen,TX,EE. UU.
11880,Mary,Consumer,Honolulu,HI,EE. UU.
5603,David,Corporate,Charlotte,NC,EE. UU.
5763,Mary,Home Office,Clovis,CA,EE. UU.
1603,Mary,Consumer,Laredo,TX,EE. UU.
10436,Eric,Consumer,New York,NY,EE. UU.
3756,Mary,Corporate,Caguas,PR,Puerto Rico
2575,Mary,Consumer,Pomona,CA,EE. UU.
10269,Mary,Consumer,Caguas,PR,Puerto Rico
277,Roger,Corporate,Caguas,PR,Puerto Rico
3979,Mary,Corporate,Caguas,PR,Puerto Rico
11390,Mary,Corporate,Caguas,PR,Puerto Rico
2102,Mary,Corporate,Tustin,CA,EE. UU.
3833,Robert,Consumer,Greeley,CO,EE. UU.
1894,Michael,Home Office,Pico Rivera,CA,EE. UU.
4809,Elizabeth,Corporate,Caguas,PR,Puerto Rico
531,Paul,Corporate,Caguas,PR,Puerto Rico
12237,Mary,Consumer,Pompano Beach,FL,EE. UU.
4847,Michael,Home Office,Caguas,PR,Puerto Rico
8536,Anthony,Consumer,Bayonne,NJ,EE. UU.
6586,Mary,Consumer,Caguas,PR,Puerto Rico
10620,Mary,Corporate,Caguas,PR,Puerto Rico
9295,Jane,Consumer,College Station,TX,EE. UU.
7982,Ronald,Corporate,Chicago,IL,EE. UU.
4619,Mary,Consumer,Richmond,TX,EE. UU.
2188,James,Corporate,Tulare,CA,EE. UU.
6525,Mary,Consumer,San Diego,CA,EE. UU.
9452,Patricia,Home Office,New York,NY,EE. UU.
6568,Mary,Consumer,Joliet,IL,EE. UU.
8486,Joseph,Consumer,Los Angeles,CA,EE. UU.
8082,Pamela,Consumer,Caguas,PR,Puerto Rico
10511,Katherine,Corporate,Caguas,PR,Puerto Rico
3913,Dennis,Consumer,Caguas,PR,Puerto Rico
11284,Sarah,Consumer,Manati,PR,Puerto Rico
8384,Robert,Consumer,Opa Locka,FL,EE. UU.
5154,Teresa,Consumer,Englewood,CO,EE. UU.
10897,Mary,Consumer,Ventura,CA,EE. UU.
8048,Debra,Consumer,Caguas,PR,Puerto Rico
6878,Betty,Corporate,Caguas,PR,Puerto Rico
3377,Ralph,Consumer,Columbia,SC,EE. UU.
2969,Mary,Consumer,Cicero,IL,EE. UU.
7751,Mary,Consumer,National City,CA,EE. UU.
3926,Ann,Home Office,Fullerton,CA,EE. UU.
8705,Patricia,Consumer,Stockton,CA,EE. UU.
8898,Mary,Home Office,Montebello,CA,EE. UU.
10965,Robert,Home Office,Caguas,PR,Puerto Rico
4531,Gary,Consumer,Laredo,TX,EE. UU.
986,Catherine,Home Office,Caguas,PR,Puerto Rico
1496,Frank,Consumer,Bridgeton,NJ,EE. UU.
12328,Mary,Consumer,Tempe,AZ,EE. UU.
7491,Sharon,Consumer,Caguas,PR,Puerto Rico
8939,Mary,Corporate,Staten Island,NY,EE. UU.
8800,John,Consumer,Caguas,PR,Puerto Rico
543,Alice,Home Office,Greenville,NC,EE. UU.
7420,Sharon,Consumer,Caguas,PR,Puerto Rico
12307,Mary,Consumer,Caguas,PR,Puerto Rico
8125,Philip,Corporate,Caguas,PR,Puerto Rico
5331,Victoria,Consumer,Bakersfield,CA,EE. UU.
10220,Gerald,Consumer,Caguas,PR,Puerto Rico
1355,Samuel,Consumer,Caguas,PR,Puerto Rico
10333,Mary,Consumer,Caguas,PR,Puerto Rico
313,Mary,Consumer,Caguas,PR,Puerto Rico
2501,Sharon,Consumer,Caguas,PR,Puerto Rico
9822,Peter,Consumer,Caguas,PR,Puerto Rico
8187,Mary,Home Office,Caguas,PR,Puerto Rico
5131,Steven,Home Office,Santee,CA,EE. UU.
7245,Mary,Home Office,Caguas,PR,Puerto Rico
12092,Mary,Consumer,Caguas,PR,Puerto Rico
10778,Mary,Consumer,Lakewood,OH,EE. UU.
2970,Kenneth,Consumer,Brownsville,TX,EE. UU.
11570,Mary,Home Office,Detroit,MI,EE. UU.
10044,Brenda,Consumer,Caguas,PR,Puerto Rico
10074,Diana,Corporate,Caguas,PR,Puerto Rico
11673,Donald,Consumer,Saginaw,MI,EE. UU.
7462,Carol,Consumer,Tucson,AZ,EE. UU.
4372,Mary,Consumer,Caguas,PR,Puerto Rico
4479,Billy,Corporate,Caguas,PR,Puerto Rico
2740,Robert,Corporate,Caguas,PR,Puerto Rico
5173,Mary,Home Office,Corona,CA,EE. UU.
988,Mary,Consumer,Pittsfield,MA,EE. UU.
4203,Eric,Consumer,Portland,OR,EE. UU.
4395,Sandra,Consumer,Caguas,PR,Puerto Rico
6607,Joan,Home Office,Caguas,PR,Puerto Rico
2512,Mary,Consumer,Caguas,PR,Puerto Rico
10509,Mary,Consumer,Columbus,OH,EE. UU.
5695,Jeffrey,Corporate,Caguas,PR,Puerto Rico
7835,Michael,Consumer,Caguas,PR,Puerto Rico
2281,Michael,Home Office,Caguas,PR,Puerto Rico
11475,Mary,Home Office,Houston,TX,EE. UU.
1837,Mary,Home Office,Caguas,PR,Puerto Rico
1614,Christine,Corporate,San Diego,CA,EE. UU.
10109,Mary,Consumer,Caguas,PR,Puerto Rico
880,Mary,Consumer,Marietta,GA,EE. UU.
1679,Maria,Consumer,Caguas,PR,Puerto Rico
9471,Mary,Consumer,Caguas,PR,Puerto Rico
6695,Lori,Corporate,Bronx,NY,EE. UU.
12246,Anthony,Consumer,Pompano Beach,FL,EE. UU.
11569,Mary,Corporate,Caguas,PR,Puerto Rico
3547,Rebecca,Consumer,South San Francisco,CA,EE. UU.
5493,Mary,Home Office,Jersey City,NJ,EE. UU.
52,Mary,Corporate,Chicago,IL,EE. UU.
9517,Angela,Consumer,Caguas,PR,Puerto Rico
6659,John,Corporate,Caguas,PR,Puerto Rico
2858,Julie,Corporate,Caguas,PR,Puerto Rico
4025,Janet,Corporate,Oceanside,CA,EE. UU.
7262,Laura,Consumer,Webster,NY,EE. UU.
3458,Henry,Corporate,Caguas,PR,Puerto Rico
7050,Mary,Consumer,Porterville,CA,EE. UU.
2634,Mary,Corporate,Caguas,PR,Puerto Rico
11081,William,Corporate,Caguas,PR,Puerto Rico
10784,Raymond,Corporate,Loveland,OH,EE. UU.
7013,Amber,Consumer,Amarillo,TX,EE. UU.
7670,Anna,Corporate,Houston,TX,EE. UU.
5656,Marilyn,Consumer,Caguas,PR,Puerto Rico
6028,Elizabeth,Corporate,Caguas,PR,Puerto Rico
4916,Larry,Consumer,Caguas,PR,Puerto Rico
1852,Thomas,Consumer,Rome,NY,EE. UU.
1103,Mary,Corporate,Mentor,OH,EE. UU.
3314,Charles,Consumer,Caguas,PR,Puerto Rico
3867,Mary,Consumer,Caguas,PR,Puerto Rico
11313,Mary,Consumer,Caguas,PR,Puerto Rico
2250,Amanda,Corporate,New York,NY,EE. UU.
1969,Ethan,Corporate,La Crosse,WI,EE. UU.
944,Stephanie,Corporate,Wyoming,MI,EE. UU.
10248,Charles,Consumer,Newburgh,NY,EE. UU.
8390,Mary,Consumer,Pompano Beach,FL,EE. UU.
3519,Nicholas,Consumer,San Antonio,TX,EE. UU.
10954,Mary,Consumer,Las Vegas,NV,EE. UU.
2131,Evelyn,Consumer,Annandale,VA,EE. UU.
3804,Andrew,Consumer,Hagerstown,MD,EE. UU.
4276,Jacqueline,Consumer,Riverside,CA,EE. UU.
6045,Mary,Consumer,Bakersfield,CA,EE. UU.
14504,Winter,Consumer,Atlanta,GA,EE. UU.
13002,Illana,Consumer,Dayton,OH,EE. UU.
13001,Hannah,Consumer,San Francisco,CA,EE. UU.
12998,Zelda,Consumer,Tracy,CA,EE. UU.
13339,Cherokee,Consumer,San Jose,CA,EE. UU.
13374,Jolene,Consumer,Madison,WI,EE. UU.
14192,Beverly,Consumer,Dallas,TX,EE. UU.
13384,Charity,Consumer,Lawrence,MA,EE. UU.
229,Mary,Consumer,Jacksonville,FL,EE. UU.
10830,Mary,Consumer,Rosemead,CA,EE. UU.
10720,Judith,Consumer,Bakersfield,CA,EE. UU.
8393,Mary,Consumer,Richmond,VA,EE. UU.
14041,Ursa,Consumer,Chandler,AZ,EE. UU.
6664,Mary,Consumer,Portland,OR,EE. UU.
5640,Matthew,Consumer,Cumberland,MD,EE. UU.
13733,Kylynn,Consumer,San Diego,CA,EE. UU.
7441,Linda,Consumer,Joliet,IL,EE. UU.
4588,Melissa,Consumer,Tampa,FL,EE. UU.
11621,Kyle,Consumer,Los Angeles,CA,EE. UU.
3454,Christopher,Consumer,Brooklyn,NY,EE. UU.
13601,Camilla,Consumer,Houston,TX,EE. UU.
2015,Mary,Consumer,San Antonio,TX,EE. UU.
11645,Mary,Consumer,Summerville,SC,EE. UU.
8247,Mary,Consumer,Philadelphia,PA,EE. UU.
2120,Jeremy,Consumer,Brooklyn,NY,EE. UU.
10987,Stephen,Consumer,Escondido,CA,EE. UU.
3297,Bryan,Consumer,Moreno Valley,CA,EE. UU.
3580,Jessica,Consumer,Palatine,IL,EE. UU.
13576,Iris,Consumer,Highland,CA,EE. UU.
3923,Mary,Consumer,Albuquerque,NM,EE. UU.
7376,Mary,Consumer,Lombard,IL,EE. UU.
7551,Robert,Consumer,El Paso,TX,EE. UU.
13935,Sylvia,Consumer,Fort Lauderdale,FL,EE. UU.
3403,Evelyn,Consumer,Philadelphia,PA,EE. UU.
7204,Kathleen,Consumer,Fresno,CA,EE. UU.
10722,Donna,Consumer,Lake Forest,CA,EE. UU.
4997,Roy,Consumer,Valrico,FL,EE. UU.
1768,Arthur,Consumer,Las Vegas,NV,EE. UU.
5445,Alexander,Consumer,Hilliard,OH,EE. UU.
9193,Marie,Consumer,Carlsbad,CA,EE. UU.
10092,Mary,Consumer,Philadelphia,PA,EE. UU.
1034,Mary,Consumer,Merced,CA,EE. UU.
6834,Mary,Consumer,Fresno,CA,EE. UU.
440,Mary,Consumer,Brooklyn,NY,EE. UU.
4559,Margaret,Consumer,Tucson,AZ,EE. UU.
3238,Benjamin,Consumer,Brooklyn,NY,EE. UU.
11583,Mary,Consumer,Blacksburg,VA,EE. UU.
2255,Cheryl,Consumer,Philadelphia,PA,EE. UU.
4995,Mary,Consumer,Lawrenceville,GA,EE. UU.
10145,Mary,Consumer,Chicago,IL,EE. UU.
12648,Maryam,Consumer,South Ozone Park,NY,EE. UU.
12697,Bell,Consumer,Cerritos,CA,EE. UU.
14986,Ila,Consumer,Elgin,IL,EE. UU.
15019,Chanda,Consumer,Mchenry,IL,EE. UU.
9403,Mary,Consumer,Fountain Valley,CA,EE. UU.
1176,Julia,Consumer,Chula Vista,CA,EE. UU.
12419,Jane,Consumer,Greensburg,PA,EE. UU.
5503,Tiffany,Consumer,Escondido,CA,EE. UU.
11559,Mary,Consumer,Long Beach,CA,EE. UU.
2779,Andrea,Consumer,Mentor,OH,EE. UU.
11358,Shirley,Consumer,Salt Lake City,UT,EE. UU.
11239,Debra,Consumer,New Albany,IN,EE. UU.
7805,Joe,Consumer,Hickory,NC,EE. UU.
12417,Mary,Consumer,Massapequa,NY,EE. UU.
3911,Margaret,Consumer,El Paso,TX,EE. UU.
3840,Mary,Consumer,Salinas,CA,EE. UU.
8437,Rachel,Consumer,Atlanta,GA,EE. UU.
1771,Carol,Consumer,Bridgeton,NJ,EE. UU.
5116,Doris,Consumer,Brockton,MA,EE. UU.
5369,Mary,Consumer,North Richland Hills,TX,EE. UU.
4137,Roy,Consumer,Tucson,AZ,EE. UU.
8298,Theresa,Consumer,Scottsdale,AZ,EE. UU.
8427,Cynthia,Consumer,Chicago,IL,EE. UU.
7828,Mary,Consumer,Oak Lawn,IL,EE. UU.
3239,Mary,Consumer,Olathe,KS,EE. UU.
6362,Ethan,Consumer,Plano,TX,EE. UU.
500,Nicholas,Consumer,Michigan City,IN,EE. UU.
7090,Mary,Consumer,Van Nuys,CA,EE. UU.
7700,Mary,Consumer,Decatur,GA,EE. UU.
9705,Patricia,Consumer,Washington,DC,EE. UU.
2177,Mary,Consumer,Norwalk,CA,EE. UU.
4763,Mary,Consumer,Martinsburg,WV,EE. UU.
231,Mary,Consumer,Wyoming,MI,EE. UU.
7501,Christopher,Consumer,Las Vegas,NV,EE. UU.
5665,Mary,Consumer,Virginia Beach,VA,EE. UU.
6796,Jeremy,Consumer,Lenoir,NC,EE. UU.
8708,Jane,Consumer,Dallas,TX,EE. UU.
9458,Mary,Consumer,Bronx,NY,EE. UU.
7173,Mary,Consumer,Salem,OR,EE. UU.
4706,Mary,Consumer,Ballwin,MO,EE. UU.
10229,Madison,Consumer,Detroit,MI,EE. UU.
112,Mary,Consumer,Middletown,OH,EE. UU.
7642,Mary,Consumer,San Jose,CA,EE. UU.
523,Christopher,Consumer,Mission Viejo,CA,EE. UU.
1099,Maria,Consumer,Washington,DC,EE. UU.
294,Mary,Consumer,Newark,DE,EE. UU.
6030,Alexander,Consumer,Brooklyn,NY,EE. UU.
18167,McKenzie,Consumer,Oxnard,CA,EE. UU.
17889,Medge,Consumer,Carrollton,TX,EE. UU.
16625,Tara,Consumer,Los Angeles,CA,EE. UU.
19084,Kiayada,Consumer,Austin,TX,EE. UU.
19165,Jolene,Consumer,Augusta,GA,EE. UU.
16540,Sacha,Consumer,Pekin,IL,EE. UU.
15827,Geraldine,Consumer,Carson,CA,EE. UU.
3704,Mary,Consumer,Chandler,AZ,EE. UU.
5916,Karen,Consumer,Hayward,CA,EE. UU.
2589,Nathan,Consumer,Wayne,NJ,EE. UU.
7027,Mary,Consumer,Joliet,IL,EE. UU.
3379,Peter,Consumer,Union City,NJ,EE. UU.
3539,Richard,Consumer,Washington,DC,EE. UU.
17717,Emily,Consumer,Brooklyn,NY,EE. UU.
20495,Cora,Consumer,Tucson,AZ,EE. UU.
18512,Rhiannon,Consumer,Richmond,VA,EE. UU.
2774,Sandra,Consumer,Lockport,IL,EE. UU.
9314,Olivia,Consumer,Chula Vista,CA,EE. UU.
9159,Christopher,Consumer,Los Angeles,CA,EE. UU.
3344,Mary,Consumer,Virginia Beach,VA,EE. UU.
17316,Lilah,Consumer,Baltimore,MD,EE. UU.
9571,Lori,Consumer,Hyattsville,MD,EE. UU.
17439,Bo,Consumer,Chicago,IL,EE. UU.
12197,Daniel,Consumer,Pawtucket,RI,EE. UU.
15917,Deanna,Consumer,Wyoming,MI,EE. UU.
10918,James,Consumer,Mechanicsburg,PA,EE. UU.
18411,Lesley,Consumer,Portland,OR,EE. UU.
4650,Mary,Consumer,Hanover,PA,EE. UU.
8215,David,Consumer,Eagle Pass,TX,EE. UU.
671,Anthony,Consumer,Tucson,AZ,EE. UU.
11519,Karen,Consumer,Howell,MI,EE. UU.
15353,Brenda,Consumer,San Jose,CA,EE. UU.
15582,Patricia,Consumer,Opa Locka,FL,EE. UU.
4234,Dorothy,Consumer,Lilburn,GA,EE. UU.
7436,Megan,Consumer,Fairfield,CA,EE. UU.
674,Jose,Consumer,Morrisville,PA,EE. UU.
683,Mary,Consumer,Harlingen,TX,EE. UU.
7954,Danielle,Consumer,York,PA,EE. UU.
4256,Mary,Consumer,Bronx,NY,EE. UU.
4832,Raymond,Consumer,Vallejo,CA,EE. UU.
4514,Carl,Consumer,West Covina,CA,EE. UU.
6364,Megan,Consumer,San Bernardino,CA,EE. UU.
12187,Mary,Consumer,Fayetteville,NC,EE. UU.
8273,Theresa,Consumer,New Orleans,LA,EE. UU.
17572,Genevieve,Consumer,Memphis,TN,EE. UU.
19955,Ina,Consumer,Las Vegas,NV,EE. UU.
17155,Darryl,Consumer,Bend,OR,EE. UU.
18982,Mia,Consumer,Tucson,AZ,EE. UU.
17077,Candice,Consumer,Tracy,CA,EE. UU.
19030,Anika,Consumer,Memphis,TN,EE. UU.
20360,Charity,Consumer,San Benito,TX,EE. UU.
17181,Regan,Consumer,Decatur,GA,EE. UU.
5993,Austin,Consumer,Carson,CA,EE. UU.
1255,Richard,Consumer,New York,NY,EE. UU.
10763,Angela,Consumer,Miami,FL,EE. UU.
515,Helen,Consumer,Stockbridge,GA,EE. UU.
1517,James,Consumer,Philadelphia,PA,EE. UU.
11767,Joshua,Consumer,West Haven,CT,EE. UU.
2596,Mary,Consumer,Yuma,AZ,EE. UU.
6098,Mary,Consumer,Westland,MI,EE. UU.
3717,Mary,Consumer,Lakewood,OH,EE. UU.
1368,Donna,Consumer,Miami,FL,EE. UU.
7692,Lawrence,Consumer,Orlando,FL,EE. UU.
4892,Mary,Consumer,Canton,MI,EE. UU.
4394,Christopher,Consumer,Provo,UT,EE. UU.
7549,Timothy,Consumer,Phoenix,AZ,EE. UU.
438,Diane,Consumer,Carlsbad,CA,EE. UU.
7812,Madison,Consumer,Hickory,NC,EE. UU.
10765,Mary,Consumer,Milford,CT,EE. UU.
145,Joan,Consumer,Dayton,OH,EE. UU.
1352,William,Consumer,Lawrence,MA,EE. UU.
10179,Samantha,Consumer,Jersey City,NJ,EE. UU.
481,Ann,Consumer,Los Angeles,CA,EE. UU.
9580,Mary,Consumer,Las Vegas,NV,EE. UU.
9336,Janice,Consumer,Spring Valley,CA,EE. UU.
9740,Mary,Consumer,San Jose,CA,EE. UU.
10432,Mary,Consumer,Bristol,CT,EE. UU.
11186,Betty,Consumer,Winnetka,CA,EE. UU.
7673,Matthew,Consumer,Chicago,IL,EE. UU.
11024,Philip,Consumer,San Diego,CA,EE. UU.
12321,Helen,Consumer,Pasadena,MD,EE. UU.
1573,Aaron,Consumer,Phoenix,AZ,EE. UU.
2303,Brittany,Consumer,Chicago,IL,EE. UU.
7246,Peter,Consumer,Raleigh,NC,EE. UU.
9165,Judith,Consumer,San Diego,CA,EE. UU.
6249,Mary,Consumer,Middletown,CT,EE. UU.
7777,Evelyn,Consumer,Rowland Heights,CA,EE. UU.
666,Amanda,Consumer,Orange Park,FL,EE. UU.
2081,Mary,Consumer,Rio Rancho,NM,EE. UU.
18393,Avye,Home Office,Caguas,PR,Puerto Rico
9436,Mary,Home Office,Caguas,PR,Puerto Rico
17944,Emi,Home Office,Caguas,PR,Puerto Rico
20519,Whilemina,Home Office,Caguas,PR,Puerto Rico
6350,Mary,Home Office,Caguas,PR,Puerto Rico
4989,Mary,Home Office,Caguas,PR,Puerto Rico
4766,Thomas,Home Office,Caguas,PR,Puerto Rico
5654,Jerry,Home Office,Caguas,PR,Puerto Rico
4028,Rose,Home Office,Caguas,PR,Puerto Rico
15368,Lisandra,Home Office,Caguas,PR,Puerto Rico
15436,Kelsey,Home Office,Caguas,PR,Puerto Rico
662,Michelle,Home Office,Caguas,PR,Puerto Rico
2261,Mary,Home Office,Aguadilla,PR,Puerto Rico
4488,Frances,Home Office,Caguas,PR,Puerto Rico
738,Mary,Home Office,Caguas,PR,Puerto Rico
9544,Hannah,Home Office,Caguas,PR,Puerto Rico
2801,Mary,Home Office,Caguas,PR,Puerto Rico
10986,Mary,Home Office,Caguas,PR,Puerto Rico
10733,Mary,Home Office,Caguas,PR,Puerto Rico
268,Mary,Home Office,Caguas,PR,Puerto Rico
5762,Crystal,Home Office,Trujillo Alto,PR,Puerto Rico
8179,Julia,Home Office,Caguas,PR,Puerto Rico
10655,Larry,Home Office,Caguas,PR,Puerto Rico
5063,Frank,Home Office,Caguas,PR,Puerto Rico
9079,Mildred,Home Office,Caguas,PR,Puerto Rico
8137,Janet,Home Office,Caguas,PR,Puerto Rico
601,Patricia,Home Office,Caguas,PR,Puerto Rico
17610,Guinevere,Home Office,Caguas,PR,Puerto Rico
17616,Ivana,Home Office,Caguas,PR,Puerto Rico
17614,Velma,Home Office,Caguas,PR,Puerto Rico
20207,Chastity,Home Office,Caguas,PR,Puerto Rico
18966,Rhea,Home Office,Caguas,PR,Puerto Rico
16134,Heidi,Home Office,Caguas,PR,Puerto Rico
16097,Demetria,Home Office,Caguas,PR,Puerto Rico
15249,Aileen,Home Office,Caguas,PR,Puerto Rico
17836,Xerxes,Home Office,Caguas,PR,Puerto Rico
16203,Xaviera,Home Office,Caguas,PR,Puerto Rico
19033,Remedios,Home Office,Caguas,PR,Puerto Rico
18623,Fatima,Home Office,Caguas,PR,Puerto Rico
19855,Isabella,Home Office,Caguas,PR,Puerto Rico
15221,Cassady,Home Office,Caguas,PR,Puerto Rico
16141,Renee,Home Office,Caguas,PR,Puerto Rico
20088,Ria,Home Office,Caguas,PR,Puerto Rico
18919,Dora,Home Office,Caguas,PR,Puerto Rico
16285,Cassandra,Home Office,Caguas,PR,Puerto Rico
20212,Rosalyn,Home Office,Caguas,PR,Puerto Rico
19977,Lael,Home Office,Caguas,PR,Puerto Rico
16354,Echo,Home Office,Caguas,PR,Puerto Rico
18598,Kyra,Home Office,Caguas,PR,Puerto Rico
16281,Gloria,Home Office,Caguas,PR,Puerto Rico
19922,May,Home Office,Caguas,PR,Puerto Rico
17194,Margaret,Home Office,Caguas,PR,Puerto Rico
4431,Mary,Home Office,Caguas,PR,Puerto Rico
5578,Sarah,Home Office,Caguas,PR,Puerto Rico
4374,Mary,Home Office,Caguas,PR,Puerto Rico
780,Heather,Home Office,Caguas,PR,Puerto Rico
9418,Debra,Home Office,Caguas,PR,Puerto Rico
10809,Brandon,Home Office,Caguas,PR,Puerto Rico
10147,Mary,Home Office,Caguas,PR,Puerto Rico
6533,Patrick,Home Office,Caguas,PR,Puerto Rico
1051,Mary,Home Office,Caguas,PR,Puerto Rico
8112,Mary,Home Office,Caguas,PR,Puerto Rico
4983,Hannah,Home Office,Caguas,PR,Puerto Rico
8514,Mary,Home Office,Caguas,PR,Puerto Rico
8605,Johnny,Home Office,Caguas,PR,Puerto Rico
1247,Robert,Home Office,Caguas,PR,Puerto Rico
5795,Mary,Home Office,Caguas,PR,Puerto Rico
8015,Mary,Home Office,Caguas,PR,Puerto Rico
1883,Mary,Home Office,Caguas,PR,Puerto Rico
4905,Mary,Home Office,Caguas,PR,Puerto Rico
452,Carl,Home Office,Caguas,PR,Puerto Rico
2903,Mary,Home Office,Caguas,PR,Puerto Rico
6055,Carol,Home Office,Caguas,PR,Puerto Rico
5308,Mary,Home Office,Caguas,PR,Puerto Rico
4576,Deborah,Home Office,Caguas,PR,Puerto Rico
66,Mary,Home Office,Caguas,PR,Puerto Rico
9055,Karen,Home Office,Caguas,PR,Puerto Rico
6390,Joe,Home Office,Caguas,PR,Puerto Rico
3358,Anthony,Home Office,Caguas,PR,Puerto Rico
2260,Laura,Home Office,Caguas,PR,Puerto Rico
3305,Sara,Home Office,Caguas,PR,Puerto Rico
2310,Mary,Home Office,Bayamon,PR,Puerto Rico
9410,Mary,Home Office,Caguas,PR,Puerto Rico
10868,Helen,Home Office,Caguas,PR,Puerto Rico
9599,Barbara,Home Office,Caguas,PR,Puerto Rico
3194,Keith,Home Office,Caguas,PR,Puerto Rico
3140,Charles,Home Office,Caguas,PR,Puerto Rico
2164,Ethan,Home Office,Caguas,PR,Puerto Rico
7265,Eric,Home Office,Caguas,PR,Puerto Rico
1938,Charles,Home Office,Caguas,PR,Puerto Rico
1934,Christina,Home Office,Caguas,PR,Puerto Rico
3412,Pamela,Home Office,Caguas,PR,Puerto Rico
1604,Brandon,Home Office,Caguas,PR,Puerto Rico
6205,Jason,Home Office,Caguas,PR,Puerto Rico
1724,Joyce,Home Office,Caguas,PR,Puerto Rico
1058,Martha,Home Office,Caguas,PR,Puerto Rico
9670,Mary,Home Office,Caguas,PR,Puerto Rico
5766,Mary,Home Office,Caguas,PR,Puerto Rico
10507,Nancy,Home Office,Caguas,PR,Puerto Rico
11676,Anna,Home Office,Caguas,PR,Puerto Rico
1470,Ann,Home Office,Caguas,PR,Puerto Rico
11745,George,Home Office,Caguas,PR,Puerto Rico
11261,Robert,Home Office,Caguas,PR,Puerto Rico
8782,Barbara,Home Office,Caguas,PR,Puerto Rico
3437,Mary,Home Office,Caguas,PR,Puerto Rico
5085,Janet,Home Office,Caguas,PR,Puerto Rico
9038,Mary,Home Office,Caguas,PR,Puerto Rico
2111,Joan,Home Office,Caguas,PR,Puerto Rico
11276,Mary,Home Office,Caguas,PR,Puerto Rico
12079,Donna,Home Office,Caguas,PR,Puerto Rico
9393,Mary,Home Office,Caguas,PR,Puerto Rico
4227,Mary,Home Office,Caguas,PR,Puerto Rico
7361,James,Home Office,Carolina,PR,Puerto Rico
7716,David,Home Office,Caguas,PR,Puerto Rico
7398,Sarah,Home Office,Caguas,PR,Puerto Rico
2287,David,Home Office,Caguas,PR,Puerto Rico
4141,Mary,Home Office,Caguas,PR,Puerto Rico
6762,Mary,Home Office,Caguas,PR,Puerto Rico
4523,Madison,Home Office,Caguas,PR,Puerto Rico
12434,Mary,Home Office,Caguas,PR,Puerto Rico
3652,Ann,Home Office,Caguas,PR,Puerto Rico
10962,David,Home Office,Caguas,PR,Puerto Rico
2437,Juan,Home Office,Caguas,PR,Puerto Rico
11962,Diana,Home Office,Caguas,PR,Puerto Rico
3382,Donald,Home Office,Caguas,PR,Puerto Rico
1477,Mary,Home Office,Caguas,PR,Puerto Rico
644,Mary,Home Office,Caguas,PR,Puerto Rico
12059,Shawn,Home Office,Caguas,PR,Puerto Rico
11121,Ronald,Home Office,Caguas,PR,Puerto Rico
3894,Benjamin,Home Office,Caguas,PR,Puerto Rico
9444,Mary,Home Office,Caguas,PR,Puerto Rico
5,Robert,Home Office,Caguas,PR,Puerto Rico
1677,Virginia,Home Office,Caguas,PR,Puerto Rico
6224,Scott,Home Office,Caguas,PR,Puerto Rico
1432,Nathan,Home Office,Caguas,PR,Puerto Rico
6169,Mary,Home Office,Caguas,PR,Puerto Rico
9607,Mary,Home Office,Caguas,PR,Puerto Rico
8629,Mary,Home Office,Caguas,PR,Puerto Rico
6949,Charles,Home Office,Caguas,PR,Puerto Rico
9720,Julia,Home Office,Caguas,PR,Puerto Rico
11796,Mary,Home Office,Caguas,PR,Puerto Rico
11678,Olivia,Home Office,Caguas,PR,Puerto Rico
3944,James,Home Office,Caguas,PR,Puerto Rico
5848,Tammy,Home Office,Caguas,PR,Puerto Rico
8967,Donald,Home Office,Caguas,PR,Puerto Rico
4223,Betty,Home Office,Caguas,PR,Puerto Rico
3291,Mary,Home Office,Caguas,PR,Puerto Rico
8315,Mary,Home Office,Caguas,PR,Puerto Rico
2227,Mary,Home Office,Caguas,PR,Puerto Rico
10202,Mary,Home Office,Caguas,PR,Puerto Rico
931,Robert,Home Office,Caguas,PR,Puerto Rico
11005,Christian,Home Office,Caguas,PR,Puerto Rico
10595,Mary,Home Office,Caguas,PR,Puerto Rico
8288,Olivia,Consumer,Caguas,PR,Puerto Rico
10375,Joan,Consumer,Caguas,PR,Puerto Rico
12301,John,Consumer,Caguas,PR,Puerto Rico
10888,Mary,Consumer,Caguas,PR,Puerto Rico
113,Patricia,Consumer,Caguas,PR,Puerto Rico
11124,Mary,Consumer,Humacao,PR,Puerto Rico
326,Shirley,Consumer,Caguas,PR,Puerto Rico
12090,Mary,Consumer,Caguas,PR,Puerto Rico
1774,Mary,Consumer,Caguas,PR,Puerto Rico
10413,Mary,Consumer,Caguas,PR,Puerto Rico
19811,Darryl,Consumer,Caguas,PR,Puerto Rico
20116,Ivana,Consumer,Caguas,PR,Puerto Rico
18626,Aphrodite,Consumer,Caguas,PR,Puerto Rico
19915,Barbara,Consumer,Caguas,PR,Puerto Rico
15227,Whoopi,Consumer,Caguas,PR,Puerto Rico
18588,Rhoda,Consumer,Caguas,PR,Puerto Rico
17239,Lareina,Consumer,Caguas,PR,Puerto Rico
20219,Jana,Consumer,Caguas,PR,Puerto Rico
20055,Minerva,Consumer,Caguas,PR,Puerto Rico
17237,Skyler,Consumer,Caguas,PR,Puerto Rico
20072,Jenna,Consumer,Caguas,PR,Puerto Rico
18937,Ainsley,Consumer,Caguas,PR,Puerto Rico
19799,Kelsie,Consumer,Caguas,PR,Puerto Rico
20375,Tamekah,Consumer,Caguas,PR,Puerto Rico
17787,Inga,Consumer,Caguas,PR,Puerto Rico
16119,Farrah,Consumer,Caguas,PR,Puerto Rico
19831,Raya,Consumer,Bayamon,PR,Puerto Rico
19939,Quemby,Consumer,Caguas,PR,Puerto Rico
17803,Abra,Consumer,Caguas,PR,Puerto Rico
17156,Leigh,Consumer,Caguas,PR,Puerto Rico
10119,Sara,Consumer,Caguas,PR,Puerto Rico
17309,Blythe,Consumer,Caguas,PR,Puerto Rico
17504,Azalia,Consumer,Caguas,PR,Puerto Rico
3705,Lisa,Consumer,Caguas,PR,Puerto Rico
56,Mary,Consumer,Caguas,PR,Puerto Rico
20477,Quincy,Consumer,Caguas,PR,Puerto Rico
475,Brittany,Consumer,Caguas,PR,Puerto Rico
16047,Maisie,Consumer,Caguas,PR,Puerto Rico
10264,Keith,Consumer,Caguas,PR,Puerto Rico
754,Jacqueline,Consumer,Caguas,PR,Puerto Rico
10761,David,Consumer,Caguas,PR,Puerto Rico
17366,Cynthia,Consumer,Caguas,PR,Puerto Rico
17311,Kendall,Consumer,Caguas,PR,Puerto Rico
15347,Rae,Consumer,Caguas,PR,Puerto Rico
12191,Michael,Consumer,Caguas,PR,Puerto Rico
20349,Brenna,Consumer,Caguas,PR,Puerto Rico
7290,Brittany,Consumer,Caguas,PR,Puerto Rico
2718,Henry,Consumer,Caguas,PR,Puerto Rico
8193,Mary,Consumer,Caguas,PR,Puerto Rico
7711,Mary,Consumer,Caguas,PR,Puerto Rico
2461,Maria,Consumer,Caguas,PR,Puerto Rico
6529,Aaron,Consumer,Caguas,PR,Puerto Rico
804,William,Consumer,Caguas,PR,Puerto Rico
6733,Dorothy,Consumer,Caguas,PR,Puerto Rico
7074,Mary,Consumer,Caguas,PR,Puerto Rico
8053,Mary,Consumer,Caguas,PR,Puerto Rico
1113,Mary,Consumer,Caguas,PR,Puerto Rico
2357,Pamela,Consumer,Caguas,PR,Puerto Rico
10880,Mary,Consumer,Caguas,PR,Puerto Rico
8447,Michael,Consumer,Caguas,PR,Puerto Rico
8901,Mary,Consumer,Guayama,PR,Puerto Rico
10700,John,Consumer,Caguas,PR,Puerto Rico
10898,James,Consumer,Caguas,PR,Puerto Rico
5994,Mary,Consumer,Caguas,PR,Puerto Rico
6847,Mary,Consumer,Caguas,PR,Puerto Rico
7182,Mary,Consumer,Caguas,PR,Puerto Rico
11504,Mary,Consumer,Caguas,PR,Puerto Rico
1613,Mary,Consumer,Caguas,PR,Puerto Rico
11074,Roy,Consumer,Caguas,PR,Puerto Rico
3476,Kathy,Consumer,Caguas,PR,Puerto Rico
6294,Thomas,Consumer,Caguas,PR,Puerto Rico
3879,Melissa,Consumer,Caguas,PR,Puerto Rico
10027,Robert,Consumer,Caguas,PR,Puerto Rico
9593,Alexander,Consumer,Caguas,PR,Puerto Rico
4597,Linda,Consumer,Caguas,PR,Puerto Rico
6702,Christina,Consumer,Caguas,PR,Puerto Rico
1282,Mary,Consumer,Caguas,PR,Puerto Rico
1732,Mary,Consumer,Caguas,PR,Puerto Rico
978,Nicholas,Consumer,Caguas,PR,Puerto Rico
11230,Sara,Consumer,Caguas,PR,Puerto Rico
4322,Mary,Consumer,Caguas,PR,Puerto Rico
2374,Scott,Consumer,Caguas,PR,Puerto Rico
8211,Ronald,Consumer,Caguas,PR,Puerto Rico
4589,Mary,Consumer,Caguas,PR,Puerto Rico
3378,Mary,Consumer,Caguas,PR,Puerto Rico
3799,Mary,Consumer,Caguas,PR,Puerto Rico
3722,Russell,Consumer,Caguas,PR,Puerto Rico
6590,Mary,Consumer,Caguas,PR,Puerto Rico
12413,Amy,Consumer,Caguas,PR,Puerto Rico
9560,Mary,Consumer,Caguas,PR,Puerto Rico
11982,Ethan,Consumer,Caguas,PR,Puerto Rico
758,Mary,Consumer,Caguas,PR,Puerto Rico
9860,Mary,Consumer,Caguas,PR,Puerto Rico
5761,Mary,Consumer,Caguas,PR,Puerto Rico
3200,Mary,Consumer,Caguas,PR,Puerto Rico
3145,Rose,Consumer,Caguas,PR,Puerto Rico
6774,Lauren,Consumer,Caguas,PR,Puerto Rico
8555,Mary,Consumer,Caguas,PR,Puerto Rico
2005,Mary,Consumer,Caguas,PR,Puerto Rico
5277,James,Consumer,Caguas,PR,Puerto Rico
10191,Victoria,Consumer,Caguas,PR,Puerto Rico
8733,Danielle,Consumer,Caguas,PR,Puerto Rico
10343,Melissa,Consumer,Caguas,PR,Puerto Rico
3901,Julia,Consumer,Caguas,PR,Puerto Rico
5236,Jessica,Consumer,Caguas,PR,Puerto Rico
2838,Mary,Consumer,Caguas,PR,Puerto Rico
11116,Mary,Consumer,Caguas,PR,Puerto Rico
9905,Mary,Consumer,Caguas,PR,Puerto Rico
3891,Mary,Consumer,Caguas,PR,Puerto Rico
6539,Mary,Consumer,Caguas,PR,Puerto Rico
6547,Melissa,Consumer,Caguas,PR,Puerto Rico
8929,David,Consumer,Caguas,PR,Puerto Rico
2060,Johnny,Consumer,Caguas,PR,Puerto Rico
1619,Laura,Consumer,Caguas,PR,Puerto Rico
2277,Ruth,Consumer,Caguas,PR,Puerto Rico
1175,Mary,Consumer,Caguas,PR,Puerto Rico
11319,Ronald,Consumer,Arecibo,PR,Puerto Rico
10866,Mary,Consumer,Caguas,PR,Puerto Rico
2625,Betty,Consumer,Caguas,PR,Puerto Rico
10321,Shirley,Consumer,Caguas,PR,Puerto Rico
9073,Thomas,Consumer,Bayamon,PR,Puerto Rico
6334,Dylan,Consumer,Caguas,PR,Puerto Rico
9815,Cheryl,Consumer,Caguas,PR,Puerto Rico
5441,Sharon,Consumer,Caguas,PR,Puerto Rico
12273,Mary,Consumer,Caguas,PR,Puerto Rico
4016,Mary,Consumer,Caguas,PR,Puerto Rico
1488,Mary,Consumer,Caguas,PR,Puerto Rico
4076,Mary,Consumer,Trujillo Alto,PR,Puerto Rico
10015,Hannah,Consumer,Caguas,PR,Puerto Rico
4132,Thomas,Consumer,Caguas,PR,Puerto Rico
8191,Barbara,Consumer,Caguas,PR,Puerto Rico
2469,Shawn,Consumer,Caguas,PR,Puerto Rico
11826,Barbara,Consumer,Caguas,PR,Puerto Rico
949,Mary,Consumer,Caguas,PR,Puerto Rico
10757,James,Consumer,Caguas,PR,Puerto Rico
3920,Zachary,Consumer,Caguas,PR,Puerto Rico
4567,Rose,Consumer,Caguas,PR,Puerto Rico
1807,Mary,Consumer,Caguas,PR,Puerto Rico
1907,Mary,Consumer,Caguas,PR,Puerto Rico
4042,Marilyn,Consumer,Caguas,PR,Puerto Rico
7811,Mary,Consumer,Caguas,PR,Puerto Rico
7538,Mary,Consumer,Caguas,PR,Puerto Rico
7522,David,Consumer,Caguas,PR,Puerto Rico
1751,George,Consumer,Caguas,PR,Puerto Rico
7878,Helen,Consumer,Caguas,PR,Puerto Rico
9118,Karen,Consumer,Caguas,PR,Puerto Rico
1373,Mary,Consumer,Caguas,PR,Puerto Rico
3439,Pamela,Consumer,Caguas,PR,Puerto Rico
6699,Mary,Consumer,Caguas,PR,Puerto Rico
2457,Carl,Consumer,Caguas,PR,Puerto Rico
2771,Mary,Consumer,Caguas,PR,Puerto Rico
4569,Charles,Consumer,Caguas,PR,Puerto Rico
2572,Mary,Consumer,Caguas,PR,Puerto Rico
3987,Alice,Consumer,Caguas,PR,Puerto Rico
1757,Mary,Consumer,Caguas,PR,Puerto Rico
9986,Rose,Consumer,Caguas,PR,Puerto Rico
5777,Mary,Consumer,Caguas,PR,Puerto Rico
429,Mary,Consumer,Caguas,PR,Puerto Rico
9848,Patrick,Consumer,Caguas,PR,Puerto Rico
9590,Adam,Consumer,Caguas,PR,Puerto Rico
3478,Alan,Consumer,Caguas,PR,Puerto Rico
7227,Mary,Consumer,Caguas,PR,Puerto Rico
1216,Mary,Consumer,Caguas,PR,Puerto Rico
2406,Mary,Consumer,Caguas,PR,Puerto Rico
98,William,Consumer,Caguas,PR,Puerto Rico
8272,Justin,Consumer,Caguas,PR,Puerto Rico
7056,Mary,Consumer,Caguas,PR,Puerto Rico
3095,Patricia,Consumer,Caguas,PR,Puerto Rico
9535,Jesse,Consumer,Caguas,PR,Puerto Rico
5893,Mary,Consumer,Caguas,PR,Puerto Rico
10691,Charles,Consumer,Caguas,PR,Puerto Rico
4579,William,Consumer,Caguas,PR,Puerto Rico
2016,Jonathan,Consumer,Caguas,PR,Puerto Rico
6208,Emma,Consumer,Caguas,PR,Puerto Rico
4662,Mary,Consumer,Caguas,PR,Puerto Rico
9087,Alice,Consumer,Caguas,PR,Puerto Rico
10538,Evelyn,Consumer,Caguas,PR,Puerto Rico
419,James,Consumer,Caguas,PR,Puerto Rico
1502,Alan,Consumer,Caguas,PR,Puerto Rico
5238,Frank,Consumer,Caguas,PR,Puerto Rico
6484,George,Consumer,Caguas,PR,Puerto Rico
4511,Mary,Consumer,Caguas,PR,Puerto Rico
1315,Victoria,Consumer,Caguas,PR,Puerto Rico
4436,Janice,Consumer,Caguas,PR,Puerto Rico
2723,Mary,Consumer,Caguas,PR,Puerto Rico
2932,Mary,Consumer,Caguas,PR,Puerto Rico
3102,Ralph,Consumer,Caguas,PR,Puerto Rico
3599,Mary,Consumer,Caguas,PR,Puerto Rico
4095,Mary,Consumer,Caguas,PR,Puerto Rico
9041,Michael,Consumer,Caguas,PR,Puerto Rico
4059,Alexander,Consumer,Caguas,PR,Puerto Rico
119,Mary,Consumer,Caguas,PR,Puerto Rico
2660,Mary,Consumer,Caguas,PR,Puerto Rico
12112,Mary,Consumer,Caguas,PR,Puerto Rico
8902,Roger,Consumer,Caguas,PR,Puerto Rico
4751,Brandon,Consumer,Caguas,PR,Puerto Rico
5232,Zachary,Consumer,Caguas,PR,Puerto Rico
7314,Bruce,Consumer,Caguas,PR,Puerto Rico
6245,Margaret,Consumer,Caguas,PR,Puerto Rico
8812,Mary,Consumer,Caguas,PR,Puerto Rico
5145,James,Consumer,Caguas,PR,Puerto Rico
10102,Matthew,Consumer,Caguas,PR,Puerto Rico
2092,Mary,Consumer,Caguas,PR,Puerto Rico
8006,Michael,Consumer,San Juan,PR,Puerto Rico
10975,Martha,Consumer,Caguas,PR,Puerto Rico
8914,Mary,Consumer,Yauco,PR,Puerto Rico
1369,Mary,Consumer,Caguas,PR,Puerto Rico
1468,Robert,Consumer,Caguas,PR,Puerto Rico
9199,Tammy,Consumer,Caguas,PR,Puerto Rico
10738,Joshua,Consumer,Caguas,PR,Puerto Rico
9665,Shawn,Consumer,Caguas,PR,Puerto Rico
9089,Jessica,Consumer,Caguas,PR,Puerto Rico
11383,Elizabeth,Consumer,Caguas,PR,Puerto Rico
6663,Susan,Consumer,Caguas,PR,Puerto Rico
5169,Tiffany,Consumer,Caguas,PR,Puerto Rico
5841,Mary,Consumer,Caguas,PR,Puerto Rico
8497,Mary,Consumer,Caguas,PR,Puerto Rico
5461,Mary,Consumer,Caguas,PR,Puerto Rico
10859,Jean,Consumer,Caguas,PR,Puerto Rico
9325,Mary,Consumer,Caguas,PR,Puerto Rico
6983,Mary,Consumer,Caguas,PR,Puerto Rico
568,Sean,Consumer,Caguas,PR,Puerto Rico
559,Paul,Consumer,Caguas,PR,Puerto Rico
4246,Mary,Consumer,Caguas,PR,Puerto Rico
4853,Mary,Consumer,Caguas,PR,Puerto Rico
3341,Carol,Consumer,Caguas,PR,Puerto Rico
11206,Kevin,Consumer,Caguas,PR,Puerto Rico
3983,Mary,Corporate,Caguas,PR,Puerto Rico
6041,Daniel,Corporate,Caguas,PR,Puerto Rico
3160,Charles,Corporate,Caguas,PR,Puerto Rico
8658,Mary,Corporate,Caguas,PR,Puerto Rico
7337,Mary,Corporate,Caguas,PR,Puerto Rico
1346,Mary,Corporate,Caguas,PR,Puerto Rico
12472,Leila,Corporate,Caguas,PR,Puerto Rico
3611,Mary,Corporate,Caguas,PR,Puerto Rico
23,Benjamin,Corporate,San Juan,PR,Puerto Rico
7568,Justin,Corporate,Caguas,PR,Puerto Rico
6345,David,Corporate,Rio Grande,PR,Puerto Rico
6413,Michelle,Corporate,Caguas,PR,Puerto Rico
8268,Joe,Corporate,Caguas,PR,Puerto Rico
8388,Kimberly,Corporate,Caguas,PR,Puerto Rico
11852,Scott,Corporate,Caguas,PR,Puerto Rico
3169,Lawrence,Corporate,Caguas,PR,Puerto Rico
12002,Nicholas,Corporate,Caguas,PR,Puerto Rico
4412,Mary,Corporate,Caguas,PR,Puerto Rico
10785,Mary,Corporate,Caguas,PR,Puerto Rico
2238,Billy,Corporate,Caguas,PR,Puerto Rico
2083,Mary,Corporate,Caguas,PR,Puerto Rico
1802,Cynthia,Corporate,Caguas,PR,Puerto Rico
4182,Mary,Corporate,Caguas,PR,Puerto Rico
8032,Karen,Corporate,Caguas,PR,Puerto Rico
693,Mary,Corporate,Caguas,PR,Puerto Rico
6840,Mary,Corporate,Caguas,PR,Puerto Rico
9085,Mary,Corporate,Caguas,PR,Puerto Rico
232,Gloria,Corporate,Caguas,PR,Puerto Rico
16,Tiffany,Corporate,Caguas,PR,Puerto Rico
1108,Walter,Corporate,Caguas,PR,Puerto Rico
1257,Dylan,Corporate,Caguas,PR,Puerto Rico
9659,Paul,Corporate,Caguas,PR,Puerto Rico
4819,Mary,Corporate,Caguas,PR,Puerto Rico
12430,Hannah,Corporate,Caguas,PR,Puerto Rico
8997,Mary,Corporate,Caguas,PR,Puerto Rico
4270,Charles,Corporate,Caguas,PR,Puerto Rico
19268,Zenaida,Corporate,Caguas,PR,Puerto Rico
19058,Xandra,Corporate,Caguas,PR,Puerto Rico
19054,Octavia,Corporate,Caguas,PR,Puerto Rico
18786,Alea,Corporate,Caguas,PR,Puerto Rico
1715,Mary,Corporate,Caguas,PR,Puerto Rico
8565,Mary,Corporate,Caguas,PR,Puerto Rico
2994,Mary,Corporate,Caguas,PR,Puerto Rico
158,Mary,Corporate,Caguas,PR,Puerto Rico
5371,Emma,Corporate,Caguas,PR,Puerto Rico
10490,Brenda,Corporate,Caguas,PR,Puerto Rico
20473,Rossy,Corporate,Caguas,PR,Puerto Rico
17950,Amity,Corporate,Caguas,PR,Puerto Rico
1184,Mary,Corporate,Caguas,PR,Puerto Rico
20395,Maryam,Corporate,Caguas,PR,Puerto Rico
11354,Lauren,Corporate,Caguas,PR,Puerto Rico
180,Juan,Corporate,Caguas,PR,Puerto Rico
10521,Mary,Corporate,Caguas,PR,Puerto Rico
1988,Mary,Corporate,Rio Grande,PR,Puerto Rico
4759,Charles,Corporate,Caguas,PR,Puerto Rico
15491,Rhoda,Corporate,Caguas,PR,Puerto Rico
15432,Regan,Corporate,Caguas,PR,Puerto Rico
9212,Mary,Corporate,Caguas,PR,Puerto Rico
6958,Michael,Corporate,Caguas,PR,Puerto Rico
2384,Mary,Corporate,Caguas,PR,Puerto Rico
5799,Keith,Corporate,Caguas,PR,Puerto Rico
20297,Constance,Corporate,Caguas,PR,Puerto Rico
16349,Charly,Corporate,Caguas,PR,Puerto Rico
16325,Iona,Corporate,Caguas,PR,Puerto Rico
17805,Ignacia,Corporate,Caguas,PR,Puerto Rico
10527,Billy,Corporate,Caguas,PR,Puerto Rico
5838,Mary,Corporate,Caguas,PR,Puerto Rico
4994,Anthony,Corporate,Caguas,PR,Puerto Rico
7655,Mary,Corporate,Caguas,PR,Puerto Rico
5180,Raymond,Corporate,Caguas,PR,Puerto Rico
2830,Maria,Corporate,Caguas,PR,Puerto Rico
32,Alice,Corporate,Caguas,PR,Puerto Rico
7319,Samuel,Corporate,Caguas,PR,Puerto Rico
6935,Debra,Corporate,Caguas,PR,Puerto Rico
3425,Andrea,Corporate,Caguas,PR,Puerto Rico
8842,Mary,Corporate,Caguas,PR,Puerto Rico
4667,Cheryl,Corporate,Caguas,PR,Puerto Rico
7260,Nathan,Corporate,Caguas,PR,Puerto Rico
1064,Aaron,Corporate,Caguas,PR,Puerto Rico
5955,Mildred,Corporate,Carolina,PR,Puerto Rico
11958,Barbara,Corporate,Caguas,PR,Puerto Rico
5918,Jeffrey,Corporate,Caguas,PR,Puerto Rico
10089,Mary,Corporate,Caguas,PR,Puerto Rico
1867,Cheryl,Corporate,Caguas,PR,Puerto Rico
8009,Steven,Corporate,Caguas,PR,Puerto Rico
10377,Anna,Corporate,Caguas,PR,Puerto Rico
11923,Harry,Corporate,Caguas,PR,Puerto Rico
4924,Mary,Corporate,Caguas,PR,Puerto Rico
497,Amanda,Corporate,Caguas,PR,Puerto Rico
3553,Mary,Corporate,Caguas,PR,Puerto Rico
9967,Linda,Corporate,Caguas,PR,Puerto Rico
10457,Elizabeth,Corporate,Caguas,PR,Puerto Rico
11984,Richard,Corporate,Caguas,PR,Puerto Rico
10134,Mary,Corporate,Caguas,PR,Puerto Rico
9506,Madison,Corporate,Caguas,PR,Puerto Rico
3736,Brian,Corporate,Caguas,PR,Puerto Rico
11398,Brian,Corporate,Caguas,PR,Puerto Rico
11430,Mary,Corporate,Caguas,PR,Puerto Rico
11624,Rachel,Corporate,Caguas,PR,Puerto Rico
7179,Olivia,Corporate,Caguas,PR,Puerto Rico
10877,Mary,Corporate,Juana Diaz,PR,Puerto Rico
8915,James,Corporate,Caguas,PR,Puerto Rico
5317,Mary,Corporate,Caguas,PR,Puerto Rico
3849,Carol,Corporate,Caguas,PR,Puerto Rico
11576,Richard,Corporate,Caguas,PR,Puerto Rico
8656,Melissa,Corporate,Caguas,PR,Puerto Rico
4606,Carol,Corporate,Caguas,PR,Puerto Rico
7938,Joseph,Corporate,Caguas,PR,Puerto Rico
1842,Mary,Corporate,Caguas,PR,Puerto Rico
14075,Ila,Corporate,Caguas,PR,Puerto Rico
14609,Basia,Corporate,Caguas,PR,Puerto Rico
14480,Rosalyn,Corporate,Caguas,PR,Puerto Rico
13447,Iris,Corporate,Caguas,PR,Puerto Rico
14424,Deanna,Corporate,Rio Grande,PR,Puerto Rico
13086,Alma,Corporate,Caguas,PR,Puerto Rico
14635,Sydnee,Corporate,Caguas,PR,Puerto Rico
14653,Larissa,Corporate,Caguas,PR,Puerto Rico
13332,Petra,Corporate,Caguas,PR,Puerto Rico
14331,Blossom,Corporate,Caguas,PR,Puerto Rico
14403,Noel,Corporate,Caguas,PR,Puerto Rico
3410,Brandon,Corporate,Caguas,PR,Puerto Rico
7353,Mary,Corporate,Caguas,PR,Puerto Rico
6446,Mary,Corporate,Caguas,PR,Puerto Rico
8341,Mary,Corporate,Caguas,PR,Puerto Rico
10163,Theresa,Corporate,Caguas,PR,Puerto Rico
10187,Victoria,Corporate,Caguas,PR,Puerto Rico
266,Mary,Corporate,Caguas,PR,Puerto Rico
10861,Barbara,Corporate,Caguas,PR,Puerto Rico
3024,Robert,Corporate,Caguas,PR,Puerto Rico
1080,Raymond,Corporate,Caguas,PR,Puerto Rico
13571,Mariam,Corporate,Caguas,PR,Puerto Rico
11920,Mary,Corporate,Caguas,PR,Puerto Rico
3750,Mary,Corporate,Caguas,PR,Puerto Rico
2336,Kathy,Corporate,Caguas,PR,Puerto Rico
6424,Mary,Corporate,Caguas,PR,Puerto Rico
3670,Anna,Corporate,Caguas,PR,Puerto Rico
10892,David,Corporate,Caguas,PR,Puerto Rico
6230,Kenneth,Corporate,Caguas,PR,Puerto Rico
14855,Hollee,Corporate,Caguas,PR,Puerto Rico
12031,Ashley,Corporate,Caguas,PR,Puerto Rico
10156,Christine,Corporate,Caguas,PR,Puerto Rico
1744,Anna,Corporate,Caguas,PR,Puerto Rico
599,Doris,Corporate,Caguas,PR,Puerto Rico
14817,Blythe,Corporate,Caguas,PR,Puerto Rico
11908,Judith,Corporate,Caguas,PR,Puerto Rico
3589,Mary,Corporate,Caguas,PR,Puerto Rico
5638,Tyler,Corporate,Caguas,PR,Puerto Rico
11934,Mary,Corporate,Caguas,PR,Puerto Rico
1591,Charles,Corporate,Caguas,PR,Puerto Rico
4290,Lori,Corporate,Caguas,PR,Puerto Rico
11820,Walter,Corporate,Caguas,PR,Puerto Rico
4348,Mary,Corporate,Caguas,PR,Puerto Rico
1904,Henry,Corporate,Caguas,PR,Puerto Rico
9541,Richard,Corporate,Caguas,PR,Puerto Rico
4179,Nicole,Corporate,Caguas,PR,Puerto Rico
13648,Marcia,Corporate,Caguas,PR,Puerto Rico
8043,Mary,Corporate,Caguas,PR,Puerto Rico
5873,Jerry,Corporate,Caguas,PR,Puerto Rico
5733,Randy,Corporate,Caguas,PR,Puerto Rico
1617,Melissa,Corporate,Caguas,PR,Puerto Rico
11640,Jose,Corporate,Caguas,PR,Puerto Rico
14862,Stella,Corporate,Caguas,PR,Puerto Rico
14736,Athena,Corporate,Caguas,PR,Puerto Rico
10232,Kenneth,Corporate,Caguas,PR,Puerto Rico
6690,Mary,Corporate,Caguas,PR,Puerto Rico
8155,Mary,Corporate,Caguas,PR,Puerto Rico
4967,Mary,Corporate,Caguas,PR,Puerto Rico
3083,Timothy,Corporate,Caguas,PR,Puerto Rico
272,Mary,Corporate,Caguas,PR,Puerto Rico
11285,Christian,Corporate,Caguas,PR,Puerto Rico
4770,Andrea,Corporate,Caguas,PR,Puerto Rico
7696,John,Corporate,Caguas,PR,Puerto Rico
9632,Mary,Corporate,Caguas,PR,Puerto Rico
1181,Donald,Corporate,Caguas,PR,Puerto Rico
4469,Ruth,Corporate,Caguas,PR,Puerto Rico
5811,Mary,Corporate,Caguas,PR,Puerto Rico
7035,Mary,Corporate,Caguas,PR,Puerto Rico
1167,Mary,Corporate,Caguas,PR,Puerto Rico
6781,Mary,Corporate,Caguas,PR,Puerto Rico
10362,Mary,Corporate,Caguas,PR,Puerto Rico
2251,Gregory,Corporate,Caguas,PR,Puerto Rico
2410,Mary,Corporate,Caguas,PR,Puerto Rico
12702,TaShya,Corporate,Caguas,PR,Puerto Rico
15081,Meghan,Corporate,Caguas,PR,Puerto Rico
15074,Florence,Corporate,Caguas,PR,Puerto Rico
14929,Lara,Corporate,Caguas,PR,Puerto Rico
15090,Callie,Corporate,Caguas,PR,Puerto Rico
9765,Charles,Corporate,Caguas,PR,Puerto Rico
8838,Phillip,Corporate,Caguas,PR,Puerto Rico
7161,Joseph,Corporate,Caguas,PR,Puerto Rico
2341,Mary,Corporate,Caguas,PR,Puerto Rico
6273,Steven,Corporate,Caguas,PR,Puerto Rico
9469,Donald,Corporate,Caguas,PR,Puerto Rico
10616,Mary,Corporate,Caguas,PR,Puerto Rico
4299,Mary,Corporate,Caguas,PR,Puerto Rico
6184,James,Corporate,Caguas,PR,Puerto Rico
6270,Julia,Corporate,Caguas,PR,Puerto Rico
3027,Mary,Corporate,Caguas,PR,Puerto Rico
911,Peter,Corporate,Caguas,PR,Puerto Rico
597,Samantha,Corporate,Caguas,PR,Puerto Rico
11370,James,Corporate,Caguas,PR,Puerto Rico
9051,Nicole,Corporate,Caguas,PR,Puerto Rico
2181,Christina,Corporate,Caguas,PR,Puerto Rico
6638,Diane,Corporate,Caguas,PR,Puerto Rico
5535,Andrea,Corporate,Caguas,PR,Puerto Rico
10940,Mary,Corporate,Caguas,PR,Puerto Rico
4541,Margaret,Corporate,Caguas,PR,Puerto Rico
8548,Mary,Corporate,Caguas,PR,Puerto Rico
9635,Billy,Corporate,Caguas,PR,Puerto Rico
2556,Samuel,Corporate,Caguas,PR,Puerto Rico
12104,Joseph,Corporate,Caguas,PR,Puerto Rico
3634,Emily,Corporate,Caguas,PR,Puerto Rico
1692,Rachel,Corporate,Mayaguez,PR,Puerto Rico
1863,Mary,Corporate,Caguas,PR,Puerto Rico
3460,Linda,Corporate,Caguas,PR,Puerto Rico
7217,Carl,Corporate,Caguas,PR,Puerto Rico
9321,Mary,Corporate,Caguas,PR,Puerto Rico
6155,Christine,Corporate,Caguas,PR,Puerto Rico
679,Grace,Corporate,Caguas,PR,Puerto Rico
12011,Olivia,Corporate,Caguas,PR,Puerto Rico
5526,Mary,Corporate,Caguas,PR,Puerto Rico
752,Mary,Corporate,Caguas,PR,Puerto Rico
5973,Michael,Corporate,Caguas,PR,Puerto Rico
6052,Mary,Corporate,Caguas,PR,Puerto Rico
6067,Mary,Corporate,Caguas,PR,Puerto Rico
5466,Carl,Corporate,Caguas,PR,Puerto Rico
1102,Lisa,Corporate,Caguas,PR,Puerto Rico
2328,Victoria,Corporate,Caguas,PR,Puerto Rico
10303,Shawn,Corporate,Caguas,PR,Puerto Rico
5759,Mary,Corporate,Caguas,PR,Puerto Rico
10885,Mary,Corporate,Caguas,PR,Puerto Rico
9111,Mary,Corporate,Caguas,PR,Puerto Rico
11183,Mary,Corporate,San Juan,PR,Puerto Rico
6787,Kathy,Corporate,Caguas,PR,Puerto Rico
2025,Mary,Corporate,Caguas,PR,Puerto Rico
5560,Mary,Corporate,Caguas,PR,Puerto Rico
2668,Mary,Corporate,Caguas,PR,Puerto Rico
9741,Judith,Corporate,Caguas,PR,Puerto Rico
11416,Mary,Corporate,Caguas,PR,Puerto Rico
8580,Kelly,Corporate,Caguas,PR,Puerto Rico
11158,Andrew,Corporate,Caguas,PR,Puerto Rico
11970,Matthew,Corporate,Caguas,PR,Puerto Rico
9605,Mary,Corporate,Bayamon,PR,Puerto Rico
8586,Mary,Corporate,Caguas,PR,Puerto Rico
2578,Mary,Corporate,Caguas,PR,Puerto Rico
6564,Mary,Corporate,Caguas,PR,Puerto Rico
1941,Mary,Corporate,Caguas,PR,Puerto Rico
2408,Rachel,Corporate,Caguas,PR,Puerto Rico
11050,Karen,Corporate,Caguas,PR,Puerto Rico
3596,Mary,Corporate,Caguas,PR,Puerto Rico
4026,Mary,Corporate,Caguas,PR,Puerto Rico
6048,Mary,Corporate,Caguas,PR,Puerto Rico
9903,Jessica,Corporate,Caguas,PR,Puerto Rico
4084,Brenda,Corporate,Caguas,PR,Puerto Rico
8163,Mary,Corporate,Caguas,PR,Puerto Rico
5940,Mary,Corporate,Caguas,PR,Puerto Rico
18109,Donna,Corporate,Caguas,PR,Puerto Rico
18106,Hillary,Corporate,Caguas,PR,Puerto Rico
18267,Mariam,Corporate,Caguas,PR,Puerto Rico
16531,Darryl,Corporate,Caguas,PR,Puerto Rico
19128,Ariel,Corporate,Caguas,PR,Puerto Rico
15809,Blythe,Corporate,Caguas,PR,Puerto Rico
18799,Charlotte,Corporate,Caguas,PR,Puerto Rico
8183,Ryan,Corporate,Caguas,PR,Puerto Rico
6602,Robert,Corporate,Caguas,PR,Puerto Rico
4008,Diana,Corporate,Caguas,PR,Puerto Rico
3263,Brian,Corporate,Caguas,PR,Puerto Rico
1435,Mary,Corporate,Caguas,PR,Puerto Rico
6302,Christina,Corporate,Caguas,PR,Puerto Rico
3346,Walter,Corporate,Arecibo,PR,Puerto Rico
20446,Freya,Corporate,Caguas,PR,Puerto Rico
3883,Marie,Corporate,Caguas,PR,Puerto Rico
4987,Mary,Corporate,Caguas,PR,Puerto Rico
4342,David,Corporate,Caguas,PR,Puerto Rico
8796,Mary,Corporate,Caguas,PR,Puerto Rico
9366,Mary,Corporate,Caguas,PR,Puerto Rico
18316,Yen,Corporate,Caguas,PR,Puerto Rico
10104,Mary,Corporate,Caguas,PR,Puerto Rico
17939,Rowan,Corporate,Caguas,PR,Puerto Rico
3994,Susan,Corporate,Caguas,PR,Puerto Rico
12379,Mary,Corporate,Caguas,PR,Puerto Rico
17393,Lana,Corporate,Caguas,PR,Puerto Rico
3325,Danielle,Corporate,Caguas,PR,Puerto Rico
4585,Lauren,Corporate,Caguas,PR,Puerto Rico
10541,Howard,Corporate,Caguas,PR,Puerto Rico
8460,Nicole,Corporate,Aguadilla,PR,Puerto Rico
18346,Olympia,Corporate,Caguas,PR,Puerto Rico
740,Brandon,Corporate,Caguas,PR,Puerto Rico
8354,John,Corporate,Caguas,PR,Puerto Rico
3020,Mary,Corporate,Caguas,PR,Puerto Rico
7658,Mary,Corporate,Caguas,PR,Puerto Rico
16063,Whoopi,Corporate,Caguas,PR,Puerto Rico
20703,Xaviera,Corporate,Caguas,PR,Puerto Rico
18019,Chanda,Corporate,Caguas,PR,Puerto Rico
7669,Richard,Corporate,Caguas,PR,Puerto Rico
3771,David,Corporate,Caguas,PR,Puerto Rico
17725,Danielle,Corporate,Caguas,PR,Puerto Rico
10576,Richard,Corporate,Caguas,PR,Puerto Rico
11542,Mary,Corporate,Caguas,PR,Puerto Rico
16006,Imani,Corporate,Caguas,PR,Puerto Rico
12134,Mary,Corporate,Caguas,PR,Puerto Rico
10766,Rose,Corporate,Caguas,PR,Puerto Rico
2072,Mary,Corporate,Caguas,PR,Puerto Rico
2799,Mary,Corporate,Caguas,PR,Puerto Rico
5414,Helen,Corporate,Caguas,PR,Puerto Rico
12173,Adam,Corporate,Caguas,PR,Puerto Rico
7039,Samuel,Corporate,Caguas,PR,Puerto Rico
7883,Deborah,Corporate,Caguas,PR,Puerto Rico
15394,Tatum,Corporate,Caguas,PR,Puerto Rico
15300,Stella,Corporate,Caguas,PR,Puerto Rico
15624,Wynter,Corporate,Caguas,PR,Puerto Rico
1742,Emma,Corporate,Caguas,PR,Puerto Rico
10951,Austin,Corporate,Caguas,PR,Puerto Rico
5040,Emily,Corporate,Caguas,PR,Puerto Rico
4382,Mary,Corporate,Caguas,PR,Puerto Rico
10873,Mary,Corporate,Caguas,PR,Puerto Rico
11612,Mary,Corporate,Caguas,PR,Puerto Rico
7250,Jacob,Corporate,Caguas,PR,Puerto Rico
9110,Tammy,Corporate,Mount Pleasant,MI,EE. UU.
8655,John,Corporate,San Bernardino,CA,EE. UU.
8150,Mary,Corporate,Los Angeles,CA,EE. UU.
8088,Mary,Corporate,San Marcos,TX,EE. UU.
12168,Christine,Corporate,Bronx,NY,EE. UU.
3086,Barbara,Corporate,Tampa,FL,EE. UU.
8156,Hannah,Corporate,Los Angeles,CA,EE. UU.
608,Carol,Corporate,Fairfield,OH,EE. UU.
563,Harry,Corporate,Los Angeles,CA,EE. UU.
7320,Theresa,Corporate,Salina,KS,EE. UU.
1835,Mary,Corporate,Buffalo,NY,EE. UU.
1864,Deborah,Corporate,Chicago,IL,EE. UU.
4689,Sandra,Corporate,Baltimore,MD,EE. UU.
2026,Robert,Corporate,Colorado Springs,CO,EE. UU.
10615,Angela,Corporate,Escondido,CA,EE. UU.
10833,Mary,Corporate,Dundalk,MD,EE. UU.
5043,Mary,Corporate,Bronx,NY,EE. UU.
4083,Betty,Corporate,Wyandotte,MI,EE. UU.
7338,Maria,Corporate,Santee,CA,EE. UU.
5311,Mary,Corporate,Brighton,MA,EE. UU.
10392,Robert,Corporate,Gardena,CA,EE. UU.
10151,Doris,Corporate,Oxnard,CA,EE. UU.
917,Andrew,Corporate,Palatine,IL,EE. UU.
1761,Mary,Corporate,Bend,OR,EE. UU.
2559,Donna,Corporate,Orlando,FL,EE. UU.
8890,Mary,Corporate,York,PA,EE. UU.
4684,Ann,Corporate,San Ramon,CA,EE. UU.
10804,Austin,Corporate,Ridgewood,NY,EE. UU.
8963,Ruth,Corporate,Los Angeles,CA,EE. UU.
2885,Mark,Corporate,New York,NY,EE. UU.
787,Amanda,Corporate,Piscataway,NJ,EE. UU.
4604,Mary,Corporate,Brooklyn,NY,EE. UU.
935,Melissa,Corporate,New York,NY,EE. UU.
7559,Janice,Corporate,Chandler,AZ,EE. UU.
10470,Crystal,Corporate,Greensboro,NC,EE. UU.
4383,Nicholas,Corporate,Taylor,MI,EE. UU.
9658,Mary,Corporate,Houston,TX,EE. UU.
9261,Patrick,Corporate,Fond Du Lac,WI,EE. UU.
4823,Diana,Corporate,Compton,CA,EE. UU.
4403,Mary,Corporate,Bismarck,ND,EE. UU.
7015,Andrew,Corporate,Rosemead,CA,EE. UU.
8940,Linda,Corporate,Greensboro,NC,EE. UU.
3243,Julia,Corporate,Hamilton,OH,EE. UU.
3986,Mary,Corporate,Ewa Beach,HI,EE. UU.
11611,Margaret,Corporate,Metairie,LA,EE. UU.
7249,Mary,Corporate,Apex,NC,EE. UU.
3487,Tyler,Corporate,Findlay,OH,EE. UU.
3362,Mary,Corporate,Denver,CO,EE. UU.
3505,Kevin,Corporate,Chicago,IL,EE. UU.
10265,Mary,Corporate,Wyoming,MI,EE. UU.
7879,Michelle,Corporate,Aurora,CO,EE. UU.
948,Michelle,Corporate,Lawrence,MA,EE. UU.
3737,Kevin,Corporate,Chapel Hill,NC,EE. UU.
9434,Danielle,Corporate,Merced,CA,EE. UU.
9582,Mary,Corporate,Cleveland,OH,EE. UU.
7476,Benjamin,Corporate,Austin,TX,EE. UU.
9838,Mary,Corporate,La Mirada,CA,EE. UU.
1711,Jason,Corporate,Salem,OR,EE. UU.
589,Mary,Corporate,Oxnard,CA,EE. UU.
10290,Jacob,Corporate,Watsonville,CA,EE. UU.
3406,Mary,Corporate,El Paso,TX,EE. UU.
9040,Mary,Corporate,Bowling Green,KY,EE. UU.
2667,Tammy,Corporate,Sun Valley,CA,EE. UU.
5741,Mary,Corporate,Los Angeles,CA,EE. UU.
11092,Mary,Corporate,Rochester,NY,EE. UU.
264,Mary,Corporate,Goleta,CA,EE. UU.
990,Mary,Corporate,Merced,CA,EE. UU.
6593,Mary,Corporate,Miami,FL,EE. UU.
10318,Joan,Corporate,Columbus,OH,EE. UU.
6093,Douglas,Corporate,Santa Ana,CA,EE. UU.
2154,Mary,Corporate,Laredo,TX,EE. UU.
6868,Johnny,Corporate,Detroit,MI,EE. UU.
4810,Mary,Corporate,El Paso,TX,EE. UU.
5213,Betty,Corporate,South Gate,CA,EE. UU.
8611,William,Corporate,Wichita,KS,EE. UU.
4637,Mary,Corporate,Folsom,CA,EE. UU.
5198,Mary,Corporate,Warren,MI,EE. UU.
8090,Mary,Corporate,Clarksville,TN,EE. UU.
4610,Mary,Corporate,North Tonawanda,NY,EE. UU.
8687,Mary,Corporate,Brooklyn,NY,EE. UU.
8162,Phillip,Corporate,Fort Worth,TX,EE. UU.
10258,Joyce,Corporate,Cleveland,OH,EE. UU.
11389,Eugene,Corporate,Saint Louis,MO,EE. UU.
10460,Mary,Corporate,New Braunfels,TX,EE. UU.
9513,Brian,Corporate,Denver,CO,EE. UU.
7770,Kenneth,Corporate,South Gate,CA,EE. UU.
5465,Mary,Corporate,Alameda,CA,EE. UU.
7509,Mary,Corporate,Brooklyn,NY,EE. UU.
4156,Mary,Corporate,Fairfield,CA,EE. UU.
3489,Larry,Corporate,Austin,TX,EE. UU.
6454,Kathleen,Corporate,Albuquerque,NM,EE. UU.
8538,Mary,Corporate,Laredo,TX,EE. UU.
5558,Mary,Corporate,Kaneohe,HI,EE. UU.
779,Kenneth,Corporate,New Haven,CT,EE. UU.
1590,Mary,Corporate,Katy,TX,EE. UU.
7647,Susan,Corporate,Muskegon,MI,EE. UU.
6779,Richard,Corporate,Pacoima,CA,EE. UU.
8362,Ann,Corporate,Hampton,VA,EE. UU.
7212,Mary,Corporate,Fort Worth,TX,EE. UU.
1721,Jeremy,Corporate,Ventura,CA,EE. UU.
1000,James,Corporate,Freeport,NY,EE. UU.
97,Mary,Corporate,Phoenix,AZ,EE. UU.
4636,Karen,Corporate,Yonkers,NY,EE. UU.
3001,Maria,Corporate,Compton,CA,EE. UU.
2317,Mary,Corporate,Santa Cruz,CA,EE. UU.
2539,Mary,Corporate,Brooklyn,NY,EE. UU.
1730,Mary,Corporate,Lake Forest,CA,EE. UU.
5133,Grace,Corporate,Jacksonville,NC,EE. UU.
9206,Nancy,Corporate,Pomona,CA,EE. UU.
6623,Christian,Corporate,Aurora,CO,EE. UU.
6439,Mary,Corporate,Lancaster,SC,EE. UU.
11000,Mary,Corporate,Elmhurst,NY,EE. UU.
4258,Charles,Corporate,San Diego,CA,EE. UU.
12351,Jose,Corporate,Bowling Green,KY,EE. UU.
7645,Brandon,Corporate,Laredo,TX,EE. UU.
7069,Mary,Corporate,Santa Clara,CA,EE. UU.
8322,Donna,Corporate,Vista,CA,EE. UU.
7528,Mary,Corporate,Brooklyn,NY,EE. UU.
3276,Mary,Corporate,Lancaster,PA,EE. UU.
2391,Mary,Corporate,Westland,MI,EE. UU.
7211,Kathleen,Corporate,Littleton,CO,EE. UU.
6601,Mary,Corporate,Fort Lauderdale,FL,EE. UU.
2145,Ashley,Corporate,Tempe,AZ,EE. UU.
2666,Mary,Corporate,Los Angeles,CA,EE. UU.
11747,Mary,Corporate,Las Vegas,NV,EE. UU.
12313,Andrea,Corporate,Chandler,AZ,EE. UU.
3514,Walter,Corporate,Danbury,CT,EE. UU.
8830,Melissa,Corporate,Bensalem,PA,EE. UU.
1441,Mary,Corporate,Houston,TX,EE. UU.
3896,Alexander,Corporate,Orlando,FL,EE. UU.
5997,Jonathan,Corporate,Lynn,MA,EE. UU.
1869,Mark,Corporate,Summerville,SC,EE. UU.
8667,Michael,Corporate,Alameda,CA,EE. UU.
4224,Mary,Corporate,Brooklyn,NY,EE. UU.
9688,Frances,Corporate,Tucson,AZ,EE. UU.
9994,Adam,Corporate,Encinitas,CA,EE. UU.
7305,David,Corporate,Brooklyn,NY,EE. UU.
5814,Debra,Corporate,Washington,DC,EE. UU.
5639,Mary,Corporate,Tampa,FL,EE. UU.
11871,Mary,Corporate,Clarksville,TN,EE. UU.
1140,Amber,Corporate,Highland,CA,EE. UU.
7630,Judith,Corporate,Opelousas,LA,EE. UU.
8366,Rose,Corporate,Las Vegas,NV,EE. UU.
2084,Edward,Corporate,Compton,CA,EE. UU.
2526,Helen,Corporate,Seattle,WA,EE. UU.
3008,Mary,Corporate,Salina,KS,EE. UU.
943,John,Corporate,Tucson,AZ,EE. UU.
5563,Paul,Corporate,West Chester,PA,EE. UU.
9898,Mary,Corporate,Pasadena,MD,EE. UU.
5259,Dennis,Corporate,Houston,TX,EE. UU.
10579,Mary,Corporate,Fontana,CA,EE. UU.
5223,Mary,Corporate,Rowland Heights,CA,EE. UU.
7140,Samantha,Corporate,San Jose,CA,EE. UU.
4870,Pamela,Corporate,Decatur,GA,EE. UU.
8959,Amy,Corporate,Dearborn,MI,EE. UU.
1225,Mary,Corporate,Scottsdale,AZ,EE. UU.
2769,Mary,Corporate,Honolulu,HI,EE. UU.
2699,Kathleen,Corporate,Fairfield,OH,EE. UU.
10361,Barbara,Corporate,Corona,CA,EE. UU.
8336,Mary,Corporate,Hesperia,CA,EE. UU.
2163,Nicholas,Corporate,Irving,TX,EE. UU.
476,Mary,Corporate,Eugene,OR,EE. UU.
1119,Bryan,Corporate,North Richland Hills,TX,EE. UU.
3552,Kathleen,Corporate,La Mesa,CA,EE. UU.
4010,Michael,Corporate,Honolulu,HI,EE. UU.
1274,Mary,Corporate,Virginia Beach,VA,EE. UU.
9912,David,Corporate,Houston,TX,EE. UU.
3308,Aaron,Corporate,Annandale,VA,EE. UU.
11387,Larry,Corporate,San Antonio,TX,EE. UU.
12311,Mary,Corporate,Los Angeles,CA,EE. UU.
11342,Steven,Corporate,Salem,OR,EE. UU.
2335,Harold,Corporate,Riverside,CA,EE. UU.
11501,Larry,Corporate,Buena Park,CA,EE. UU.
3411,Mary,Corporate,Salina,KS,EE. UU.
10623,Joshua,Corporate,Mililani,HI,EE. UU.
2246,Mary,Corporate,Ontario,CA,EE. UU.
6241,Mary,Corporate,Arlington Heights,IL,EE. UU.
8620,Mary,Corporate,Philadelphia,PA,EE. UU.
154,Emily,Corporate,Brandon,FL,EE. UU.
7768,Howard,Corporate,Winnetka,CA,EE. UU.
2468,Mary,Corporate,Enfield,CT,EE. UU.
10407,William,Corporate,West Chester,PA,EE. UU.
10854,Mary,Corporate,Diamond Bar,CA,EE. UU.
5960,Margaret,Corporate,Round Rock,TX,EE. UU.
9537,Jason,Corporate,East Lansing,MI,EE. UU.
5221,Amanda,Corporate,Ballwin,MO,EE. UU.
4678,Mary,Corporate,La Mirada,CA,EE. UU.
10252,Carolyn,Corporate,Honolulu,HI,EE. UU.
575,Mary,Corporate,Rancho Cucamonga,CA,EE. UU.
2622,Jennifer,Corporate,Fayetteville,NC,EE. UU.
3477,Mary,Corporate,Wheeling,WV,EE. UU.
517,John,Corporate,Brooklyn,NY,EE. UU.
2936,Edward,Corporate,Visalia,CA,EE. UU.
4747,Janice,Corporate,Chicago,IL,EE. UU.
3426,Douglas,Corporate,Fort Lauderdale,FL,EE. UU.
5716,Mary,Corporate,Longview,WA,EE. UU.
6655,Ashley,Corporate,Pekin,IL,EE. UU.
2767,Matthew,Corporate,Webster,NY,EE. UU.
6051,Gregory,Corporate,Ewa Beach,HI,EE. UU.
8501,Elizabeth,Corporate,Bloomfield,NJ,EE. UU.
7984,Mary,Corporate,Chillicothe,OH,EE. UU.
7966,John,Corporate,Elgin,IL,EE. UU.
1310,Mary,Corporate,Indianapolis,IN,EE. UU.
2075,Sarah,Corporate,Lansdale,PA,EE. UU.
4818,Stephanie,Corporate,Gardena,CA,EE. UU.
2910,Timothy,Corporate,Mount Prospect,IL,EE. UU.
1696,Mary,Corporate,Los Angeles,CA,EE. UU.
2478,Gerald,Corporate,Las Vegas,NV,EE. UU.
286,Mary,Corporate,Santa Cruz,CA,EE. UU.
12048,Richard,Corporate,Hamtramck,MI,EE. UU.
3668,Judy,Corporate,Salem,OR,EE. UU.
8371,Christopher,Corporate,San Jose,CA,EE. UU.
1709,Matthew,Corporate,Westland,MI,EE. UU.
3190,Mary,Corporate,Sandusky,OH,EE. UU.
8557,Mary,Corporate,Lansdale,PA,EE. UU.
7185,Amber,Corporate,Wichita,KS,EE. UU.
1189,Mary,Corporate,Detroit,MI,EE. UU.
9208,John,Corporate,Hempstead,NY,EE. UU.
3690,Brittany,Corporate,Virginia Beach,VA,EE. UU.
10650,Donna,Corporate,Redmond,WA,EE. UU.
10010,Patrick,Corporate,Phoenix,AZ,EE. UU.
8768,Evelyn,Corporate,Hamtramck,MI,EE. UU.
3422,Julia,Corporate,Atlanta,GA,EE. UU.
7503,Mary,Corporate,Union City,CA,EE. UU.
7842,Melissa,Corporate,Murfreesboro,TN,EE. UU.
11910,Donna,Corporate,Woodbridge,VA,EE. UU.
2892,Mary,Corporate,San Antonio,TX,EE. UU.
10746,Laura,Corporate,Winter Park,FL,EE. UU.
436,Mary,Corporate,Tampa,FL,EE. UU.
1028,Virginia,Corporate,Austin,TX,EE. UU.
3955,Bryan,Corporate,Yonkers,NY,EE. UU.
907,Samantha,Corporate,North Las Vegas,NV,EE. UU.
8175,Mary,Corporate,Santa Maria,CA,EE. UU.
7498,Marie,Corporate,Milpitas,CA,EE. UU.
5095,Louis,Corporate,Doylestown,PA,EE. UU.
9496,Mary,Corporate,Parkville,MD,EE. UU.
7672,Mary,Corporate,Chicago,IL,EE. UU.
3566,Mary,Corporate,Chicago,IL,EE. UU.
10512,Mary,Corporate,Brooklyn,NY,EE. UU.
10555,Mary,Corporate,Van Nuys,CA,EE. UU.
2561,Angela,Corporate,Jersey City,NJ,EE. UU.
7316,Marilyn,Corporate,Baytown,TX,EE. UU.
4170,Debra,Corporate,Amarillo,TX,EE. UU.
6215,Mary,Corporate,Painesville,OH,EE. UU.
8030,Mary,Corporate,Virginia Beach,VA,EE. UU.
4772,Robert,Corporate,Rochester,NY,EE. UU.
7541,Donna,Corporate,Pompano Beach,FL,EE. UU.
6342,Kimberly,Corporate,El Paso,TX,EE. UU.
1974,Joe,Corporate,Wheaton,IL,EE. UU.
5327,Mary,Corporate,Raleigh,NC,EE. UU.
11904,Mary,Corporate,Washington,DC,EE. UU.
6229,Mary,Corporate,Richmond,IN,EE. UU.
5488,Mary,Corporate,Ontario,CA,EE. UU.
11190,Billy,Corporate,Toms River,NJ,EE. UU.
8152,Nicholas,Corporate,Colton,CA,EE. UU.
7303,Mary,Corporate,Madison,WI,EE. UU.
4868,Andrea,Corporate,Austin,TX,EE. UU.
5863,Amy,Corporate,Cordova,TN,EE. UU.
7162,Paul,Corporate,Brooklyn,NY,EE. UU.
1196,Mary,Corporate,Bronx,NY,EE. UU.
6027,Mary,Corporate,Hollister,CA,EE. UU.
9936,Scott,Corporate,Anaheim,CA,EE. UU.
10437,Mary,Corporate,San Francisco,CA,EE. UU.
7814,Nicole,Corporate,Dallas,TX,EE. UU.
1640,Mary,Corporate,Bell Gardens,CA,EE. UU.
1258,Mary,Corporate,Houston,TX,EE. UU.
932,Virginia,Corporate,Middletown,OH,EE. UU.
462,Sean,Corporate,Newark,NJ,EE. UU.
8975,Nancy,Corporate,Fort Worth,TX,EE. UU.
2232,Paul,Corporate,Louisville,KY,EE. UU.
713,James,Corporate,Moreno Valley,CA,EE. UU.
9235,Mary,Corporate,Buffalo,NY,EE. UU.
8610,Mary,Corporate,Federal Way,WA,EE. UU.
5637,Mary,Corporate,New Orleans,LA,EE. UU.
10687,George,Corporate,Hialeah,FL,EE. UU.
1127,Bobby,Corporate,Chicago,IL,EE. UU.
6081,Lauren,Corporate,Chicago,IL,EE. UU.
7605,Henry,Corporate,San Marcos,TX,EE. UU.
6729,Janice,Corporate,Bridgeton,NJ,EE. UU.
1038,Christine,Corporate,Highland,CA,EE. UU.
7738,Mary,Corporate,Pharr,TX,EE. UU.
9946,Bryan,Corporate,Simi Valley,CA,EE. UU.
2057,Kathy,Corporate,Bountiful,UT,EE. UU.
6375,Mary,Corporate,Levittown,NY,EE. UU.
11028,Mary,Corporate,Tampa,FL,EE. UU.
4250,Sharon,Corporate,Dallas,TX,EE. UU.
8961,Jeremy,Corporate,Huntington Beach,CA,EE. UU.
6968,Mary,Corporate,Elyria,OH,EE. UU.
1845,Mary,Corporate,York,PA,EE. UU.
5812,Angela,Corporate,New York,NY,EE. UU.
1142,Albert,Corporate,Columbia,SC,EE. UU.
9256,Tiffany,Corporate,New Orleans,LA,EE. UU.
8839,Mary,Corporate,Campbell,CA,EE. UU.
5528,Nathan,Corporate,Fresno,CA,EE. UU.
1101,Mary,Corporate,Rowland Heights,CA,EE. UU.
8767,Timothy,Corporate,Pasadena,MD,EE. UU.
2420,Mary,Corporate,Weslaco,TX,EE. UU.
8757,Tyler,Corporate,Aurora,CO,EE. UU.
7729,Jane,Corporate,Las Vegas,NV,EE. UU.
4698,Mary,Corporate,College Station,TX,EE. UU.
8688,Michelle,Corporate,Eagle Pass,TX,EE. UU.
786,Mary,Corporate,Chicago,IL,EE. UU.
11087,Mary,Corporate,Wichita,KS,EE. UU.
10472,Margaret,Corporate,Bakersfield,CA,EE. UU.
5211,Brian,Corporate,New Brunswick,NJ,EE. UU.
7474,Ronald,Corporate,Memphis,TN,EE. UU.
9757,Madison,Corporate,Santa Maria,CA,EE. UU.
10061,Christopher,Corporate,South San Francisco,CA,EE. UU.
10715,Mary,Corporate,Philadelphia,PA,EE. UU.
7214,Mary,Corporate,Memphis,TN,EE. UU.
8369,Mark,Corporate,Garden Grove,CA,EE. UU.
624,Mary,Corporate,Oceanside,CA,EE. UU.
5619,Mary,Corporate,Potomac,MD,EE. UU.
8527,Steven,Corporate,Orlando,FL,EE. UU.
3908,Alexander,Corporate,Lakewood,NJ,EE. UU.
10363,Charles,Corporate,Riverside,CA,EE. UU.
10095,Michelle,Corporate,New York,NY,EE. UU.
6221,Andrew,Corporate,San Jose,CA,EE. UU.
10661,Mary,Corporate,Fremont,CA,EE. UU.
985,Mary,Consumer,Richmond,IN,EE. UU.
10350,James,Consumer,Freeport,NY,EE. UU.
10261,Bobby,Consumer,Jamaica,NY,EE. UU.
8231,Mary,Consumer,Marietta,GA,EE. UU.
7359,Alexander,Consumer,Jackson,MI,EE. UU.
1997,Amy,Consumer,Hanford,CA,EE. UU.
3330,Mary,Consumer,Hagerstown,MD,EE. UU.
1422,Edward,Consumer,Compton,CA,EE. UU.
5972,Mary,Consumer,Pomona,CA,EE. UU.
3595,Joshua,Consumer,Catonsville,MD,EE. UU.
3177,Mary,Consumer,Irvington,NJ,EE. UU.
2,Mary,Consumer,Littleton,CO,EE. UU.
6337,Mary,Consumer,Madison,WI,EE. UU.
2330,Sharon,Consumer,Corona,CA,EE. UU.
6467,Mary,Consumer,Tucson,AZ,EE. UU.
4672,Mary,Consumer,Detroit,MI,EE. UU.
5756,Mary,Consumer,Charlotte,NC,EE. UU.
5725,Mary,Consumer,Brooklyn,NY,EE. UU.
5778,Evelyn,Consumer,Eagle Pass,TX,EE. UU.
9271,Christopher,Consumer,Fort Worth,TX,EE. UU.
1503,Mary,Consumer,Las Vegas,NV,EE. UU.
8016,Patricia,Consumer,Carson,CA,EE. UU.
7470,Catherine,Consumer,Orlando,FL,EE. UU.
1,Richard,Consumer,Brownsville,TX,EE. UU.
8147,Mary,Consumer,Muskegon,MI,EE. UU.
10839,Mary,Consumer,Detroit,MI,EE. UU.
2837,Michael,Consumer,Roswell,GA,EE. UU.
11262,Laura,Consumer,Long Beach,CA,EE. UU.
3328,Mary,Consumer,Chicago,IL,EE. UU.
11471,Christopher,Consumer,Round Rock,TX,EE. UU.
8790,Mary,Consumer,Toms River,NJ,EE. UU.
12290,Mary,Consumer,Enfield,CT,EE. UU.
8979,Mary,Consumer,Albuquerque,NM,EE. UU.
11381,Mary,Consumer,Bronx,NY,EE. UU.
6536,Mary,Consumer,San Francisco,CA,EE. UU.
851,Mary,Consumer,El Centro,CA,EE. UU.
4097,Russell,Consumer,Aurora,CO,EE. UU.
578,Dylan,Consumer,Kaneohe,HI,EE. UU.
4754,Mary,Consumer,Freeport,NY,EE. UU.
2444,Kenneth,Consumer,Moline,IL,EE. UU.
4190,Mary,Consumer,Woonsocket,RI,EE. UU.
3168,Mary,Consumer,Chicago,IL,EE. UU.
12180,Mary,Consumer,Zanesville,OH,EE. UU.
10889,Sarah,Consumer,Houston,TX,EE. UU.
458,Charles,Consumer,San Francisco,CA,EE. UU.
11788,Dennis,Consumer,Florissant,MO,EE. UU.
5616,Mary,Consumer,Oxnard,CA,EE. UU.
6296,Mary,Consumer,Bakersfield,CA,EE. UU.
8352,Teresa,Consumer,San Diego,CA,EE. UU.
6637,Eric,Consumer,Saint Paul,MN,EE. UU.
4492,Pamela,Consumer,Lawrence,MA,EE. UU.
6879,Mark,Consumer,Sanford,NC,EE. UU.
5567,Mary,Consumer,New York,NY,EE. UU.
9317,Mary,Consumer,Brooklyn,NY,EE. UU.
7362,Nicholas,Consumer,Lakewood,OH,EE. UU.
2443,Mary,Consumer,Stone Mountain,GA,EE. UU.
421,Mary,Consumer,San Ramon,CA,EE. UU.
8107,Mary,Consumer,Denver,CO,EE. UU.
12318,Mary,Consumer,Saint Paul,MN,EE. UU.
4481,Mary,Consumer,Doylestown,PA,EE. UU.
3692,James,Consumer,Los Angeles,CA,EE. UU.
2951,Steven,Consumer,El Monte,CA,EE. UU.
1813,Carol,Consumer,Katy,TX,EE. UU.
12414,Mary,Consumer,Chicago,IL,EE. UU.
4,Mary,Consumer,San Marcos,CA,EE. UU.
7030,Mary,Consumer,Alpharetta,GA,EE. UU.
10641,Mary,Consumer,Irving,TX,EE. UU.
4498,Mary,Consumer,Los Angeles,CA,EE. UU.
7780,Steven,Consumer,Richardson,TX,EE. UU.
435,Joan,Consumer,Chicago,IL,EE. UU.
5780,Mary,Consumer,Bronx,NY,EE. UU.
5245,Mary,Consumer,Elyria,OH,EE. UU.
9924,Christine,Consumer,Daly City,CA,EE. UU.
9591,Mary,Consumer,Sunnyvale,CA,EE. UU.
5661,Christopher,Consumer,Indio,CA,EE. UU.
7499,Mary,Consumer,Seattle,WA,EE. UU.
11998,Mary,Consumer,Montebello,CA,EE. UU.
9771,Mary,Consumer,Virginia Beach,VA,EE. UU.
938,Cheryl,Consumer,Madison,WI,EE. UU.
4599,Mary,Consumer,Newark,NJ,EE. UU.
9775,Katherine,Consumer,Chicago,IL,EE. UU.
641,Mary,Consumer,Plainfield,NJ,EE. UU.
7785,Amy,Consumer,Fort Washington,MD,EE. UU.
4496,Joseph,Consumer,Newark,NJ,EE. UU.
9104,Mary,Consumer,Apex,NC,EE. UU.
6193,Mary,Consumer,Quincy,MA,EE. UU.
10874,Judy,Consumer,San Diego,CA,EE. UU.
3811,Mary,Consumer,Lancaster,CA,EE. UU.
9018,Mary,Consumer,Dallas,TX,EE. UU.
3550,Mary,Consumer,Philadelphia,PA,EE. UU.
1707,Mary,Consumer,Kaneohe,HI,EE. UU.
12335,Mary,Consumer,Knoxville,TN,EE. UU.
4815,Jerry,Consumer,Los Angeles,CA,EE. UU.
10799,Jane,Consumer,Brockton,MA,EE. UU.
7355,Mary,Consumer,San Diego,CA,EE. UU.
10921,Jerry,Consumer,Wyoming,MI,EE. UU.
3569,Jeremy,Consumer,West Jordan,UT,EE. UU.
4945,Mary,Consumer,Brownsville,TX,EE. UU.
11523,Mary,Consumer,Tampa,FL,EE. UU.
9108,Kathryn,Consumer,Methuen,MA,EE. UU.
1480,Jacob,Consumer,Chicago,IL,EE. UU.
6465,Mary,Consumer,Massapequa,NY,EE. UU.
10263,Katherine,Consumer,Germantown,MD,EE. UU.
953,Mary,Consumer,Philadelphia,PA,EE. UU.
8472,Mary,Consumer,Findlay,OH,EE. UU.
11122,Mary,Consumer,Troy,MI,EE. UU.
6986,Judith,Consumer,North Hollywood,CA,EE. UU.
11059,Mary,Consumer,Brooklyn,NY,EE. UU.
2316,Heather,Consumer,West Orange,NJ,EE. UU.
2003,Mary,Consumer,Lancaster,PA,EE. UU.
5135,Harold,Consumer,Tempe,AZ,EE. UU.
5127,Mary,Consumer,Tempe,AZ,EE. UU.
7756,Mary,Consumer,Daly City,CA,EE. UU.
79,Mary,Consumer,Knoxville,TN,EE. UU.
4783,Shirley,Consumer,South Richmond Hill,NY,EE. UU.
8793,Michelle,Consumer,Bellingham,WA,EE. UU.
4643,Louis,Consumer,South San Francisco,CA,EE. UU.
1035,Nancy,Consumer,Milford,CT,EE. UU.
2619,Danielle,Consumer,Warren,MI,EE. UU.
883,Margaret,Consumer,Santa Clara,CA,EE. UU.
1076,Tyler,Consumer,Fort Worth,TX,EE. UU.
9195,George,Consumer,Fresno,CA,EE. UU.
8198,Mary,Consumer,New Orleans,LA,EE. UU.
7411,Stephen,Consumer,Fresno,CA,EE. UU.
818,Mary,Consumer,San Diego,CA,EE. UU.
6079,Bruce,Consumer,Plymouth,MA,EE. UU.
11727,Mary,Consumer,Staten Island,NY,EE. UU.
9614,Patricia,Consumer,Rosemead,CA,EE. UU.
10111,Mary,Consumer,Westerville,OH,EE. UU.
9281,Ann,Consumer,Los Angeles,CA,EE. UU.
7248,Marilyn,Consumer,Houston,TX,EE. UU.
1927,Laura,Consumer,Los Angeles,CA,EE. UU.
5146,Harry,Consumer,Santa Ana,CA,EE. UU.
7434,Mary,Consumer,Cordova,TN,EE. UU.
7354,Judith,Consumer,Flushing,NY,EE. UU.
4494,Mary,Consumer,Orange Park,FL,EE. UU.
10762,Stephanie,Consumer,Antioch,TN,EE. UU.
504,Cheryl,Consumer,Orange Park,FL,EE. UU.
8788,Mary,Consumer,Chicago,IL,EE. UU.
10142,Teresa,Consumer,Cerritos,CA,EE. UU.
3909,Amber,Consumer,Mount Prospect,IL,EE. UU.
5914,Nicholas,Consumer,Chicago,IL,EE. UU.
10452,Mary,Consumer,Gilroy,CA,EE. UU.
6308,Mary,Consumer,Huntington Beach,CA,EE. UU.
8324,Michael,Consumer,South Gate,CA,EE. UU.
2963,Martha,Consumer,Los Angeles,CA,EE. UU.
7511,Mary,Consumer,Miami,FL,EE. UU.
8918,Zachary,Consumer,Bakersfield,CA,EE. UU.
8376,Catherine,Consumer,Silver Spring,MD,EE. UU.
3376,Rose,Consumer,Tonawanda,NY,EE. UU.
10459,Jason,Consumer,El Paso,TX,EE. UU.
8725,Ashley,Consumer,New York,NY,EE. UU.
746,Christopher,Consumer,Santa Ana,CA,EE. UU.
12063,Larry,Consumer,Fort Worth,TX,EE. UU.
3721,Melissa,Consumer,Mount Pleasant,MI,EE. UU.
6323,Gerald,Consumer,Brighton,MA,EE. UU.
1540,Mary,Consumer,Pittsfield,MA,EE. UU.
11936,Mary,Consumer,Laguna Niguel,CA,EE. UU.
8808,Kenneth,Consumer,Glen Burnie,MD,EE. UU.
6164,Juan,Consumer,Los Angeles,CA,EE. UU.
3100,Mary,Consumer,Huntington Park,CA,EE. UU.
8972,Willie,Consumer,Bismarck,ND,EE. UU.
10769,Mary,Consumer,Los Angeles,CA,EE. UU.
9968,Brandon,Consumer,Saint Louis,MO,EE. UU.
10114,Gregory,Consumer,Los Angeles,CA,EE. UU.
2424,Mary,Consumer,Jacksonville,FL,EE. UU.
10005,Zachary,Consumer,Clearfield,UT,EE. UU.
5194,Mary,Consumer,Chandler,AZ,EE. UU.
7228,Joseph,Consumer,Wayne,NJ,EE. UU.
7414,Dorothy,Consumer,Laredo,TX,EE. UU.
4941,Mary,Consumer,Chicago,IL,EE. UU.
1930,Mary,Consumer,Saint Paul,MN,EE. UU.
1278,Mary,Consumer,San Antonio,TX,EE. UU.
4336,David,Consumer,Azusa,CA,EE. UU.
1474,Mark,Consumer,Milpitas,CA,EE. UU.
3679,Mary,Consumer,New York,NY,EE. UU.
2685,Denise,Consumer,La Crosse,WI,EE. UU.
973,Linda,Consumer,Cleveland,OH,EE. UU.
4602,Karen,Consumer,East Lansing,MI,EE. UU.
3772,Mary,Consumer,Brooklyn,NY,EE. UU.
840,Mary,Consumer,Sylmar,CA,EE. UU.
2276,Mary,Consumer,Bowling Green,KY,EE. UU.
2210,Mary,Consumer,Saint Charles,MO,EE. UU.
8664,Mary,Consumer,El Cajon,CA,EE. UU.
12040,Thomas,Consumer,Harlingen,TX,EE. UU.
3855,Amy,Consumer,New York,NY,EE. UU.
2651,Thomas,Consumer,Salem,OR,EE. UU.
9569,Mary,Consumer,Napa,CA,EE. UU.
5831,Patricia,Consumer,Hesperia,CA,EE. UU.
1307,Austin,Consumer,Highland,CA,EE. UU.
8214,Mary,Consumer,North Hills,CA,EE. UU.
708,Mary,Consumer,Phoenix,AZ,EE. UU.
6751,Mary,Consumer,Los Angeles,CA,EE. UU.
11478,Pamela,Consumer,Jackson,MI,EE. UU.
4233,Matthew,Consumer,Parkville,MD,EE. UU.
1018,Mary,Consumer,Metairie,LA,EE. UU.
2414,Lisa,Consumer,Mesa,AZ,EE. UU.
9523,Dylan,Consumer,Sun Valley,CA,EE. UU.
10405,Mary,Consumer,Houston,TX,EE. UU.
2912,William,Consumer,Simi Valley,CA,EE. UU.
5657,Mary,Consumer,Lakewood,OH,EE. UU.
8330,Kimberly,Consumer,Mchenry,IL,EE. UU.
10506,Mary,Consumer,Wayne,NJ,EE. UU.
10905,Lisa,Consumer,Hayward,CA,EE. UU.
9127,Mary,Consumer,Dallas,TX,EE. UU.
11312,Gregory,Consumer,New York,NY,EE. UU.
9856,Andrea,Consumer,Albuquerque,NM,EE. UU.
8189,Mary,Consumer,Portland,OR,EE. UU.
6812,Sharon,Consumer,Cleveland,OH,EE. UU.
6714,Christina,Consumer,Smyrna,GA,EE. UU.
12300,Mary,Consumer,Roswell,GA,EE. UU.
9618,Rose,Consumer,Brandon,FL,EE. UU.
10796,Debra,Consumer,Potomac,MD,EE. UU.
8726,Mary,Consumer,New Brunswick,NJ,EE. UU.
8991,Mary,Consumer,Rancho Cucamonga,CA,EE. UU.
8307,Kimberly,Consumer,Dallas,TX,EE. UU.
10596,David,Consumer,Milford,CT,EE. UU.
12013,Katherine,Consumer,Daly City,CA,EE. UU.
4229,Barbara,Consumer,Lockport,NY,EE. UU.
1498,Peter,Consumer,Houston,TX,EE. UU.
10056,Ruth,Consumer,Salt Lake City,UT,EE. UU.
3978,Barbara,Consumer,Walnut,CA,EE. UU.
8018,Ruth,Consumer,Grove City,OH,EE. UU.
6578,Roger,Consumer,Laredo,TX,EE. UU.
9944,Mary,Consumer,Lawrenceville,GA,EE. UU.
8851,Mary,Consumer,Long Beach,CA,EE. UU.
3026,Diane,Consumer,Augusta,GA,EE. UU.
8576,Amanda,Consumer,Fremont,CA,EE. UU.
10367,Mary,Consumer,Fort Lauderdale,FL,EE. UU.
4183,Kathleen,Consumer,Chicago,IL,EE. UU.
2642,Mary,Consumer,Lindenhurst,NY,EE. UU.
91,Ashley,Consumer,Spring,TX,EE. UU.
9100,Beverly,Consumer,La Habra,CA,EE. UU.
9852,William,Consumer,Cincinnati,OH,EE. UU.
7839,Emma,Consumer,Hamtramck,MI,EE. UU.
6901,Mary,Consumer,Garland,TX,EE. UU.
8692,Vincent,Consumer,Summerville,SC,EE. UU.
3643,Donald,Consumer,Los Angeles,CA,EE. UU.
3334,Amber,Consumer,Mount Pleasant,MI,EE. UU.
5152,Mary,Consumer,El Monte,CA,EE. UU.
11033,Matthew,Consumer,Laredo,TX,EE. UU.
11712,Edward,Consumer,Woodbridge,VA,EE. UU.
2034,Ruth,Consumer,Fort Lauderdale,FL,EE. UU.
12097,Mary,Consumer,San Jose,CA,EE. UU.
1148,Mary,Consumer,Augusta,GA,EE. UU.
6791,Philip,Consumer,Orlando,FL,EE. UU.
1797,Carolyn,Consumer,Memphis,TN,EE. UU.
1680,Mary,Consumer,Bloomfield,NJ,EE. UU.
6927,Mary,Consumer,Summerville,SC,EE. UU.
10685,Amy,Consumer,San Jose,CA,EE. UU.
6127,Debra,Consumer,Pompano Beach,FL,EE. UU.
2734,Louis,Consumer,Valrico,FL,EE. UU.
9553,Sandra,Consumer,Florissant,MO,EE. UU.
5709,Shirley,Consumer,Strongsville,OH,EE. UU.
11550,Nathan,Consumer,Ventura,CA,EE. UU.
5046,Mary,Consumer,Astoria,NY,EE. UU.
10212,Mary,Consumer,Irving,TX,EE. UU.
2508,Brandon,Consumer,Ann Arbor,MI,EE. UU.
6313,Zachary,Consumer,Phoenix,AZ,EE. UU.
5886,Ann,Consumer,Hampton,VA,EE. UU.
12186,Gloria,Consumer,Flushing,NY,EE. UU.
1489,Robert,Consumer,New York,NY,EE. UU.
10378,Mary,Consumer,Forest Hills,NY,EE. UU.
3973,Sharon,Consumer,Alhambra,CA,EE. UU.
7061,Evelyn,Consumer,Marietta,GA,EE. UU.
13172,Shannon,Consumer,Longview,WA,EE. UU.
868,Mary,Consumer,Irvington,NJ,EE. UU.
5168,Mary,Consumer,Fort Worth,TX,EE. UU.
5797,Roy,Consumer,La Mirada,CA,EE. UU.
6850,Russell,Consumer,Albuquerque,NM,EE. UU.
14467,Zoe,Consumer,Los Angeles,CA,EE. UU.
13182,Zenaida,Consumer,Santa Ana,CA,EE. UU.
13287,Lee,Consumer,El Centro,CA,EE. UU.
14159,Constance,Consumer,Moreno Valley,CA,EE. UU.
13123,Halee,Consumer,Garden Grove,CA,EE. UU.
14339,Morgan,Consumer,Blacksburg,VA,EE. UU.
13248,Ivory,Consumer,Bronx,NY,EE. UU.
13464,Lara,Consumer,Austin,TX,EE. UU.
13356,Nita,Consumer,New Braunfels,TX,EE. UU.
13517,Ayanna,Consumer,Sacramento,CA,EE. UU.
13138,Constance,Consumer,Bend,OR,EE. UU.
13442,Farrah,Consumer,Laredo,TX,EE. UU.
13136,Aphrodite,Consumer,Chula Vista,CA,EE. UU.
14153,Martha,Consumer,Porterville,CA,EE. UU.
13277,Melissa,Consumer,Bronx,NY,EE. UU.
13276,Carissa,Consumer,Sylmar,CA,EE. UU.
11684,Denise,Consumer,Rego Park,NY,EE. UU.
10159,Rebecca,Consumer,Hollywood,FL,EE. UU.
2237,Mary,Consumer,West New York,NJ,EE. UU.
8271,Mary,Consumer,North Hollywood,CA,EE. UU.
744,Gary,Consumer,North Hollywood,CA,EE. UU.
5964,Mary,Consumer,Saint Louis,MO,EE. UU.
7009,Mary,Consumer,Lancaster,CA,EE. UU.
11214,Joseph,Consumer,Santa Ana,CA,EE. UU.
1179,Donald,Consumer,Broken Arrow,OK,EE. UU.
3062,Mary,Consumer,Columbus,OH,EE. UU.
5502,Mary,Consumer,Brooklyn,NY,EE. UU.
1859,Charles,Consumer,Milwaukee,WI,EE. UU.
10522,Andrew,Consumer,Chicago,IL,EE. UU.
418,Mary,Consumer,Gardena,CA,EE. UU.
11874,Mary,Consumer,Elyria,OH,EE. UU.
11227,Mary,Consumer,Orlando,FL,EE. UU.
1708,Margaret,Consumer,Arlington,TX,EE. UU.
5013,Mary,Consumer,Reynoldsburg,OH,EE. UU.
13606,Renee,Consumer,Morristown,NJ,EE. UU.
8285,Eric,Consumer,Brooklyn,NY,EE. UU.
9397,Mary,Consumer,Fontana,CA,EE. UU.
8200,Mary,Consumer,Muskegon,MI,EE. UU.
1994,Mary,Consumer,Cleveland,OH,EE. UU.
7895,Mary,Consumer,Milford,CT,EE. UU.
1145,Mary,Consumer,Columbus,OH,EE. UU.
2605,Catherine,Consumer,Livermore,CA,EE. UU.
9389,Adam,Consumer,Miami,FL,EE. UU.
1843,Frank,Consumer,Lawton,OK,EE. UU.
9042,Linda,Consumer,Ogden,UT,EE. UU.
7431,Mary,Consumer,Houston,TX,EE. UU.
5719,Mary,Consumer,Virginia Beach,VA,EE. UU.
10748,Mark,Consumer,Aurora,IL,EE. UU.
7800,Mary,Consumer,Bronx,NY,EE. UU.
4409,Mary,Consumer,Garden Grove,CA,EE. UU.
3270,Alexander,Consumer,National City,CA,EE. UU.
12787,Kimberly,Consumer,Stockton,CA,EE. UU.
14886,Barbara,Consumer,Newark,DE,EE. UU.
8987,Kathleen,Consumer,Chicago,IL,EE. UU.
12768,Madonna,Consumer,Placentia,CA,EE. UU.
8671,Cheryl,Consumer,Santa Fe,NM,EE. UU.
5457,Mary,Consumer,Mesa,AZ,EE. UU.
7234,Mary,Consumer,San Antonio,TX,EE. UU.
3011,Howard,Consumer,Wichita,KS,EE. UU.
14811,Cherokee,Consumer,Bronx,NY,EE. UU.
8718,Mary,Consumer,Seattle,WA,EE. UU.
1147,Judy,Consumer,Brooklyn,NY,EE. UU.
1309,Mildred,Consumer,Roswell,NM,EE. UU.
2711,Alice,Consumer,Bronx,NY,EE. UU.
13736,Demetria,Consumer,Mission,TX,EE. UU.
7413,Mary,Consumer,San Bernardino,CA,EE. UU.
6618,Julie,Consumer,Huntington Beach,CA,EE. UU.
998,Steven,Consumer,Anaheim,CA,EE. UU.
1116,Mary,Consumer,Warren,MI,EE. UU.
4765,Mary,Consumer,Milford,CT,EE. UU.
7403,Jason,Consumer,Honolulu,HI,EE. UU.
10182,Andrew,Consumer,San Diego,CA,EE. UU.
4093,Mary,Consumer,Brockton,MA,EE. UU.
4922,Robert,Consumer,Bronx,NY,EE. UU.
8396,Mary,Consumer,San Jose,CA,EE. UU.
11508,Mary,Consumer,Newark,DE,EE. UU.
10698,Bobby,Consumer,La Mirada,CA,EE. UU.
3402,Mary,Consumer,Moreno Valley,CA,EE. UU.
3658,Mary,Consumer,Huntington Beach,CA,EE. UU.
4002,Mary,Consumer,Columbus,GA,EE. UU.
7110,Thomas,Consumer,Beaverton,OR,EE. UU.
8305,Robert,Consumer,Jackson,MI,EE. UU.
706,Olivia,Consumer,Brighton,MA,EE. UU.
1643,Mary,Consumer,Staten Island,NY,EE. UU.
2814,Debra,Consumer,Chicago,IL,EE. UU.
1626,Wayne,Consumer,Garden Grove,CA,EE. UU.
1458,Nicholas,Consumer,Philadelphia,PA,EE. UU.
11718,Scott,Consumer,Chino,CA,EE. UU.
5494,Rose,Consumer,Oceanside,CA,EE. UU.
2555,Mary,Consumer,Costa Mesa,CA,EE. UU.
1567,Danielle,Consumer,San Diego,CA,EE. UU.
7099,Mary,Consumer,Orlando,FL,EE. UU.
2872,Mary,Corporate,Bronx,NY,EE. UU.
6802,Mary,Corporate,Alpharetta,GA,EE. UU.
3192,Mary,Corporate,Panorama City,CA,EE. UU.
9348,Eric,Corporate,Wyoming,MI,EE. UU.
4540,Mary,Corporate,Wichita,KS,EE. UU.
9613,Mary,Corporate,Phoenix,AZ,EE. UU.
10705,Mary,Corporate,Orlando,FL,EE. UU.
11259,John,Corporate,Palo Alto,CA,EE. UU.
5727,Mary,Corporate,Cleveland,OH,EE. UU.
8761,Brian,Corporate,Bronx,NY,EE. UU.
3629,Mary,Corporate,North Tonawanda,NY,EE. UU.
4478,Mary,Corporate,West Jordan,UT,EE. UU.
9904,Nicholas,Corporate,Chicago,IL,EE. UU.
4339,Ruth,Corporate,Astoria,NY,EE. UU.
11912,Mary,Corporate,Glendale,AZ,EE. UU.
64,Mary,Corporate,Chicago,IL,EE. UU.
6305,Mary,Corporate,Mount Pleasant,MI,EE. UU.
5561,Jerry,Corporate,Martinsburg,WV,EE. UU.
6043,Amanda,Corporate,Detroit,MI,EE. UU.
2452,Mary,Corporate,Santa Fe,NM,EE. UU.
6789,Jessica,Corporate,Pompano Beach,FL,EE. UU.
1170,Daniel,Corporate,Morristown,NJ,EE. UU.
12,Christopher,Corporate,San Antonio,TX,EE. UU.
325,Mary,Corporate,Washington,DC,EE. UU.
7886,Kenneth,Corporate,Salem,OR,EE. UU.
1265,Albert,Corporate,San Francisco,CA,EE. UU.
3267,Teresa,Corporate,Henrico,VA,EE. UU.
12378,Sara,Corporate,Eugene,OR,EE. UU.
6261,David,Corporate,Corona,CA,EE. UU.
6688,Mary,Corporate,Los Angeles,CA,EE. UU.
7732,Jerry,Corporate,Bronx,NY,EE. UU.
1870,Tiffany,Corporate,Amarillo,TX,EE. UU.
2705,Mary,Corporate,Hanover,PA,EE. UU.
8683,Samantha,Corporate,Brighton,MA,EE. UU.
7794,Jennifer,Corporate,Chicago,IL,EE. UU.
11702,Tiffany,Corporate,Lawrence,MA,EE. UU.
7792,Zachary,Corporate,La Mirada,CA,EE. UU.
6386,Mary,Corporate,Folsom,CA,EE. UU.
371,Adam,Corporate,San Antonio,TX,EE. UU.
10184,John,Corporate,Holland,MI,EE. UU.
1081,Mary,Corporate,Sacramento,CA,EE. UU.
4696,Mary,Corporate,Ballwin,MO,EE. UU.
3623,Scott,Corporate,Bayonne,NJ,EE. UU.
1537,Linda,Corporate,Pompano Beach,FL,EE. UU.
2187,Mary,Corporate,Westminster,CA,EE. UU.
4139,Michelle,Corporate,Antioch,CA,EE. UU.
11992,Mary,Corporate,Mentor,OH,EE. UU.
4736,Zachary,Corporate,New Orleans,LA,EE. UU.
10218,Mary,Corporate,Vallejo,CA,EE. UU.
1985,Lisa,Corporate,San Antonio,TX,EE. UU.
1741,Joseph,Corporate,Mission Viejo,CA,EE. UU.
9003,Judy,Corporate,Lancaster,SC,EE. UU.
3862,Jordan,Corporate,Watsonville,CA,EE. UU.
3274,Mary,Corporate,Des Plaines,IL,EE. UU.
9654,Judy,Corporate,Mentor,OH,EE. UU.
10540,Virginia,Corporate,Virginia Beach,VA,EE. UU.
3075,Jonathan,Corporate,Algonquin,IL,EE. UU.
567,Donna,Corporate,Las Vegas,NV,EE. UU.
7598,Mary,Corporate,San Benito,TX,EE. UU.
11819,Jerry,Corporate,Honolulu,HI,EE. UU.
6343,Nicole,Corporate,Virginia Beach,VA,EE. UU.
1385,Catherine,Corporate,Littleton,CO,EE. UU.
3609,James,Corporate,Hollywood,FL,EE. UU.
6046,Brandon,Corporate,Denton,TX,EE. UU.
8126,Mary,Corporate,Philadelphia,PA,EE. UU.
11719,Kelly,Corporate,Chicago,IL,EE. UU.
11695,Kathryn,Corporate,Chicago,IL,EE. UU.
10037,Kenneth,Corporate,Weslaco,TX,EE. UU.
7542,Mary,Corporate,Buffalo,NY,EE. UU.
5433,Mary,Corporate,Columbus,OH,EE. UU.
3482,Mary,Corporate,Richmond,VA,EE. UU.
9899,Eric,Corporate,Elk Grove,CA,EE. UU.
5572,Richard,Corporate,San Jose,CA,EE. UU.
5069,Mary,Corporate,Hialeah,FL,EE. UU.
12376,Mary,Corporate,San Francisco,CA,EE. UU.
3361,Virginia,Corporate,San Diego,CA,EE. UU.
4266,Mary,Corporate,Miami,FL,EE. UU.
6957,James,Corporate,Los Angeles,CA,EE. UU.
9063,Dylan,Corporate,New York,NY,EE. UU.
6731,Carol,Corporate,Norwalk,CA,EE. UU.
4757,George,Corporate,New Orleans,LA,EE. UU.
3541,Jeremy,Corporate,Atlanta,GA,EE. UU.
1682,Mary,Corporate,Woodside,NY,EE. UU.
11411,Kyle,Corporate,Glendale,AZ,EE. UU.
8592,Justin,Corporate,Carol Stream,IL,EE. UU.
5219,Patrick,Corporate,Fort Lauderdale,FL,EE. UU.
6888,Cynthia,Corporate,San Jose,CA,EE. UU.
5999,Randy,Corporate,Cupertino,CA,EE. UU.
5041,Mary,Corporate,Massillon,OH,EE. UU.
8033,Timothy,Corporate,Miami,FL,EE. UU.
2156,Mary,Corporate,Livermore,CA,EE. UU.
8877,Crystal,Corporate,Livermore,CA,EE. UU.
2889,Tyler,Corporate,Hialeah,FL,EE. UU.
9707,Mary,Corporate,Brooklyn,NY,EE. UU.
1589,Matthew,Corporate,Cleveland,OH,EE. UU.
11115,Michelle,Corporate,Williamsport,PA,EE. UU.
4710,Mary,Corporate,Daly City,CA,EE. UU.
1917,Mary,Corporate,Moreno Valley,CA,EE. UU.
2296,Robert,Corporate,Phoenix,AZ,EE. UU.
11287,Richard,Corporate,Houston,TX,EE. UU.
6053,David,Corporate,Elmhurst,NY,EE. UU.
5704,Matthew,Corporate,Medford,MA,EE. UU.
8653,Amanda,Corporate,Saint Louis,MO,EE. UU.
8321,Kenneth,Corporate,Sugar Land,TX,EE. UU.
2765,Donald,Corporate,Woodbridge,VA,EE. UU.
9448,David,Corporate,Grand Prairie,TX,EE. UU.
812,Mary,Corporate,Bronx,NY,EE. UU.
2839,Carol,Corporate,Stockbridge,GA,EE. UU.
5431,Judith,Corporate,Oceanside,CA,EE. UU.
4988,Michelle,Corporate,Washington,DC,EE. UU.
9045,Christopher,Corporate,Chicago,IL,EE. UU.
11488,Mary,Corporate,Salem,OR,EE. UU.
12135,Danielle,Corporate,Chicago,IL,EE. UU.
626,Mary,Corporate,Dallas,TX,EE. UU.
6962,Jerry,Corporate,Elgin,IL,EE. UU.
5803,Rebecca,Corporate,Jamaica,NY,EE. UU.
2094,Mary,Corporate,Portland,OR,EE. UU.
3957,Thomas,Corporate,Cumberland,MD,EE. UU.
11001,Jean,Corporate,Sylmar,CA,EE. UU.
5958,Mary,Corporate,Garden Grove,CA,EE. UU.
7157,Joseph,Corporate,Vallejo,CA,EE. UU.
9763,Mary,Corporate,Irving,TX,EE. UU.
11295,Mary,Corporate,Chula Vista,CA,EE. UU.
10980,Victoria,Corporate,Chicago,IL,EE. UU.
224,Mary,Corporate,Wheeling,WV,EE. UU.
4411,Kathy,Corporate,Brighton,MA,EE. UU.
10696,Mary,Corporate,Waipahu,HI,EE. UU.
1652,Mary,Corporate,Raleigh,NC,EE. UU.
3159,Mary,Corporate,Cleveland,OH,EE. UU.
11173,Kathleen,Corporate,Enfield,CT,EE. UU.
12133,Nicholas,Corporate,Mililani,HI,EE. UU.
5362,Brenda,Corporate,Milford,CT,EE. UU.
4915,Matthew,Corporate,Fort Lauderdale,FL,EE. UU.
10117,Julie,Corporate,Waipahu,HI,EE. UU.
11794,Anthony,Corporate,Brooklyn,NY,EE. UU.
7187,Karen,Corporate,Apex,NC,EE. UU.
6354,Matthew,Corporate,Visalia,CA,EE. UU.
8694,Nancy,Corporate,Winter Park,FL,EE. UU.
682,Emma,Corporate,Salinas,CA,EE. UU.
11071,Mary,Corporate,Brooklyn,NY,EE. UU.
3005,Michael,Corporate,San Diego,CA,EE. UU.
2562,Mary,Corporate,Apex,NC,EE. UU.
213,Mary,Corporate,Enfield,CT,EE. UU.
10138,Louis,Corporate,Brighton,MA,EE. UU.
11314,Ashley,Corporate,Encinitas,CA,EE. UU.
8657,Raymond,Corporate,Douglasville,GA,EE. UU.
6963,Mary,Corporate,Harlingen,TX,EE. UU.
10676,Madison,Corporate,Quincy,IL,EE. UU.
9930,Nathan,Corporate,Detroit,MI,EE. UU.
3310,Robert,Corporate,Glenview,IL,EE. UU.
8500,Mary,Corporate,Brooklyn,NY,EE. UU.
10812,Mary,Corporate,Albuquerque,NM,EE. UU.
7657,Christian,Corporate,Goleta,CA,EE. UU.
8008,Mary,Corporate,Oxnard,CA,EE. UU.
5148,Grace,Corporate,Findlay,OH,EE. UU.
2050,Mary,Corporate,Doylestown,PA,EE. UU.
1703,Hannah,Corporate,Birmingham,AL,EE. UU.
2184,Randy,Corporate,Hollister,CA,EE. UU.
10566,John,Corporate,Los Angeles,CA,EE. UU.
8367,Mary,Corporate,Newark,DE,EE. UU.
783,Cheryl,Corporate,Broomfield,CO,EE. UU.
6896,Donna,Corporate,Santa Ana,CA,EE. UU.
946,Mary,Corporate,La Mesa,CA,EE. UU.
12302,Donald,Corporate,Austin,TX,EE. UU.
7978,Amber,Corporate,Chicago,IL,EE. UU.
53,Katherine,Corporate,Roswell,GA,EE. UU.
742,Mary,Corporate,Santa Maria,CA,EE. UU.
2926,Donald,Corporate,Levittown,NY,EE. UU.
11888,Frank,Corporate,Fullerton,CA,EE. UU.
5629,Mary,Corporate,Glendale,AZ,EE. UU.
12106,Mary,Corporate,Los Angeles,CA,EE. UU.
413,Mary,Corporate,Potomac,MD,EE. UU.
5876,Kevin,Corporate,Costa Mesa,CA,EE. UU.
821,Daniel,Corporate,Piscataway,NJ,EE. UU.
2992,Mary,Corporate,Newark,OH,EE. UU.
4291,Mary,Corporate,Corona,NY,EE. UU.
10843,Cynthia,Corporate,Saint Louis,MO,EE. UU.
9542,Mary,Corporate,Chicago,IL,EE. UU.
7510,Kathryn,Corporate,Albuquerque,NM,EE. UU.
8621,Cynthia,Corporate,Salem,OR,EE. UU.
3757,Matthew,Corporate,Rosemead,CA,EE. UU.
11331,Mary,Corporate,Ypsilanti,MI,EE. UU.
11320,Mary,Corporate,Tracy,CA,EE. UU.
2436,Kevin,Corporate,Albuquerque,NM,EE. UU.
1141,Mary,Corporate,Howell,MI,EE. UU.
10619,Shirley,Corporate,North Tonawanda,NY,EE. UU.
5527,Joshua,Corporate,Sacramento,CA,EE. UU.
3149,Edward,Corporate,Dallas,TX,EE. UU.
10207,Janet,Corporate,Nashville,TN,EE. UU.
7848,Jessica,Corporate,Hickory,NC,EE. UU.
3434,Jane,Corporate,Greensboro,NC,EE. UU.
933,Mary,Corporate,Bridgeton,NJ,EE. UU.
7983,Heather,Corporate,New York,NY,EE. UU.
5463,Mary,Corporate,Fond Du Lac,WI,EE. UU.
4860,Mary,Corporate,Aurora,CO,EE. UU.
11735,Mary,Corporate,Richmond,TX,EE. UU.
11460,Richard,Corporate,New York,NY,EE. UU.
592,Mary,Corporate,Detroit,MI,EE. UU.
6672,Mary,Corporate,Fort Lauderdale,FL,EE. UU.
2613,Mary,Corporate,Chicago,IL,EE. UU.
4888,Mary,Corporate,Modesto,CA,EE. UU.
7841,Joseph,Corporate,Brooklyn,NY,EE. UU.
1776,Mary,Corporate,Glendale,AZ,EE. UU.
7287,Russell,Home Office,Caguas,PR,Puerto Rico
3196,Diane,Home Office,Caguas,PR,Puerto Rico
5162,Mary,Home Office,Caguas,PR,Puerto Rico
10683,Mary,Home Office,Caguas,PR,Puerto Rico
1710,Mary,Home Office,Caguas,PR,Puerto Rico
10871,Teresa,Home Office,Caguas,PR,Puerto Rico
7589,Mary,Home Office,Caguas,PR,Puerto Rico
7426,Stephen,Home Office,Caguas,PR,Puerto Rico
11619,Mary,Home Office,Caguas,PR,Puerto Rico
73,Mary,Home Office,Caguas,PR,Puerto Rico
5486,Mary,Home Office,Caguas,PR,Puerto Rico
3981,Mary,Home Office,Caguas,PR,Puerto Rico
5684,Mary,Home Office,Caguas,PR,Puerto Rico
7417,Mary,Home Office,Caguas,PR,Puerto Rico
11316,Jonathan,Home Office,Caguas,PR,Puerto Rico
4056,Mary,Home Office,Caguas,PR,Puerto Rico
11458,Rachel,Home Office,Caguas,PR,Puerto Rico
1822,Charles,Home Office,Caguas,PR,Puerto Rico
14846,Jolene,Home Office,Caguas,PR,Puerto Rico
13273,Cathleen,Home Office,Caguas,PR,Puerto Rico
13216,Helen,Home Office,Caguas,PR,Puerto Rico
14570,Whoopi,Home Office,Caguas,PR,Puerto Rico
1104,Linda,Home Office,Caguas,PR,Puerto Rico
13667,Gisela,Home Office,Caguas,PR,Puerto Rico
8046,Mary,Home Office,Caguas,PR,Puerto Rico
5304,Mary,Home Office,Caguas,PR,Puerto Rico
10351,Teresa,Home Office,Caguas,PR,Puerto Rico
12686,Sybill,Home Office,Caguas,PR,Puerto Rico
13129,Signe,Home Office,Caguas,PR,Puerto Rico
13016,Simone,Home Office,Caguas,PR,Puerto Rico
14584,Kyla,Home Office,Caguas,PR,Puerto Rico
7267,Benjamin,Home Office,Caguas,PR,Puerto Rico
921,Mary,Home Office,Caguas,PR,Puerto Rico
5264,Mary,Home Office,Caguas,PR,Puerto Rico
7142,Jacqueline,Home Office,Caguas,PR,Puerto Rico
14844,Ainsley,Home Office,Caguas,PR,Puerto Rico
4378,William,Home Office,Caguas,PR,Puerto Rico
5568,Eric,Home Office,Caguas,PR,Puerto Rico
9711,Denise,Home Office,Caguas,PR,Puerto Rico
96,Virginia,Home Office,Caguas,PR,Puerto Rico
12557,Xandra,Home Office,Caguas,PR,Puerto Rico
15101,Lesley,Home Office,Trujillo Alto,PR,Puerto Rico
12915,Madeline,Home Office,Caguas,PR,Puerto Rico
9360,Scott,Home Office,Caguas,PR,Puerto Rico
390,Mary,Home Office,Caguas,PR,Puerto Rico
11052,Jason,Home Office,Caguas,PR,Puerto Rico
890,Danielle,Home Office,Caguas,PR,Puerto Rico
7891,James,Home Office,Caguas,PR,Puerto Rico
9504,Mary,Home Office,Caguas,PR,Puerto Rico
8833,Mary,Home Office,Caguas,PR,Puerto Rico
8418,Nathan,Home Office,Caguas,PR,Puerto Rico
3778,Robert,Home Office,Caguas,PR,Puerto Rico
5436,Mary,Home Office,Caguas,PR,Puerto Rico
202,Sharon,Home Office,Caguas,PR,Puerto Rico
2179,Mary,Home Office,Caguas,PR,Puerto Rico
8306,Sarah,Home Office,Caguas,PR,Puerto Rico
9362,Jason,Home Office,Caguas,PR,Puerto Rico
9715,Mary,Home Office,Caguas,PR,Puerto Rico
1161,Justin,Home Office,Caguas,PR,Puerto Rico
20634,Heidi,Home Office,Caguas,PR,Puerto Rico
16108,Macy,Home Office,Caguas,PR,Puerto Rico
19257,Sacha,Home Office,Caguas,PR,Puerto Rico
5191,Elizabeth,Home Office,Caguas,PR,Puerto Rico
10988,Mary,Home Office,Caguas,PR,Puerto Rico
5349,Kenneth,Home Office,Caguas,PR,Puerto Rico
20533,Iris,Home Office,Caguas,PR,Puerto Rico
8971,Mary,Home Office,Caguas,PR,Puerto Rico
3356,Lori,Home Office,Caguas,PR,Puerto Rico
9845,Mary,Home Office,Caguas,PR,Puerto Rico
17933,Kessie,Home Office,Caguas,PR,Puerto Rico
20740,Aphrodite,Home Office,Caguas,PR,Puerto Rico
214,Lauren,Home Office,Caguas,PR,Puerto Rico
11879,Andrea,Home Office,Caguas,PR,Puerto Rico
17554,Donna,Home Office,Caguas,PR,Puerto Rico
20295,Imelda,Home Office,Caguas,PR,Puerto Rico
16216,Maggy,Home Office,Caguas,PR,Puerto Rico
18902,Lacy,Home Office,Caguas,PR,Puerto Rico
17896,Melyssa,Home Office,Caguas,PR,Puerto Rico
18216,Sacha,Home Office,Caguas,PR,Puerto Rico
18085,Dakota,Home Office,Caguas,PR,Puerto Rico
19101,Rosalyn,Home Office,Caguas,PR,Puerto Rico
18871,Aretha,Home Office,Caguas,PR,Puerto Rico
17946,Chloe,Home Office,Caguas,PR,Puerto Rico
15291,Dawn,Home Office,Carolina,PR,Puerto Rico
20153,Illana,Home Office,Caguas,PR,Puerto Rico
20149,Courtney,Home Office,Caguas,PR,Puerto Rico
16214,Elaine,Home Office,Caguas,PR,Puerto Rico
20031,Sophia,Home Office,Caguas,PR,Puerto Rico
15799,Orli,Home Office,Caguas,PR,Puerto Rico
10815,Dennis,Home Office,Caguas,PR,Puerto Rico
11091,Joan,Home Office,Caguas,PR,Puerto Rico
7156,Mary,Home Office,Caguas,PR,Puerto Rico
9728,Hannah,Home Office,Caguas,PR,Puerto Rico
1285,Ruth,Home Office,Caguas,PR,Puerto Rico
3899,Brandon,Home Office,Caguas,PR,Puerto Rico
11026,Ashley,Home Office,Caguas,PR,Puerto Rico
5590,Frank,Home Office,Caguas,PR,Puerto Rico
8459,Mary,Home Office,Caguas,PR,Puerto Rico
6675,Mary,Home Office,Caguas,PR,Puerto Rico
61,Margaret,Home Office,Caguas,PR,Puerto Rico
11950,Daniel,Home Office,Caguas,PR,Puerto Rico
9732,Nancy,Home Office,Caguas,PR,Puerto Rico
6820,Kenneth,Home Office,Caguas,PR,Puerto Rico
5594,Mary,Home Office,Caguas,PR,Puerto Rico
10906,Mary,Home Office,Caguas,PR,Puerto Rico
11250,Mary,Home Office,Caguas,PR,Puerto Rico
7888,Elizabeth,Home Office,Caguas,PR,Puerto Rico
4979,Emily,Home Office,Caguas,PR,Puerto Rico
4286,Mary,Home Office,Caguas,PR,Puerto Rico
2419,Rachel,Home Office,Caguas,PR,Puerto Rico
12821,Xyla,Home Office,Caguas,PR,Puerto Rico
6379,Virginia,Home Office,Caguas,PR,Puerto Rico
9730,Grace,Home Office,Caguas,PR,Puerto Rico
15063,Kyra,Home Office,Caguas,PR,Puerto Rico
12071,Henry,Home Office,Caguas,PR,Puerto Rico
9952,Jacqueline,Home Office,Caguas,PR,Puerto Rico
4031,Mary,Home Office,Caguas,PR,Puerto Rico
3464,Zachary,Home Office,Caguas,PR,Puerto Rico
8951,Mary,Home Office,Caguas,PR,Puerto Rico
6629,Mary,Home Office,Caguas,PR,Puerto Rico
20644,Ila,Home Office,Caguas,PR,Puerto Rico
20460,Zoe,Home Office,Caguas,PR,Puerto Rico
15423,Deanna,Home Office,Caguas,PR,Puerto Rico
9135,Mary,Home Office,Caguas,PR,Puerto Rico
17201,Illiana,Home Office,Caguas,PR,Puerto Rico
15420,Leigh,Home Office,Caguas,PR,Puerto Rico
1639,Walter,Home Office,Caguas,PR,Puerto Rico
17595,Stella,Home Office,Caguas,PR,Puerto Rico
129,Crystal,Home Office,Caguas,PR,Puerto Rico
12242,Thomas,Home Office,Caguas,PR,Puerto Rico
10289,Virginia,Home Office,Caguas,PR,Puerto Rico
5491,Sharon,Home Office,Caguas,PR,Puerto Rico
872,Keith,Home Office,Caguas,PR,Puerto Rico
5764,William,Home Office,Caguas,PR,Puerto Rico
8662,Paul,Home Office,Caguas,PR,Puerto Rico
348,Mary,Home Office,Caguas,PR,Puerto Rico
352,Gregory,Home Office,Caguas,PR,Puerto Rico
15022,Xaviera,Home Office,Caguas,PR,Puerto Rico
13073,Marah,Home Office,Caguas,PR,Puerto Rico
14289,Quail,Home Office,Caguas,PR,Puerto Rico
9974,Olivia,Home Office,Caguas,PR,Puerto Rico
9457,Timothy,Home Office,Caguas,PR,Puerto Rico
9945,Mary,Home Office,Caguas,PR,Puerto Rico
13670,Rose,Home Office,Caguas,PR,Puerto Rico
1288,Evelyn,Home Office,Caguas,PR,Puerto Rico
13075,Winifred,Home Office,Caguas,PR,Puerto Rico
13337,Meredith,Home Office,Caguas,PR,Puerto Rico
2965,Mary,Home Office,Caguas,PR,Puerto Rico
7796,Jason,Home Office,Caguas,PR,Puerto Rico
2361,Mary,Home Office,Caguas,PR,Puerto Rico
14905,Christine,Home Office,Caguas,PR,Puerto Rico
11137,Mary,Home Office,Caguas,PR,Puerto Rico
13706,Lilah,Home Office,Caguas,PR,Puerto Rico
9116,Mary,Home Office,Caguas,PR,Puerto Rico
12077,Thomas,Home Office,Caguas,PR,Puerto Rico
10638,Laura,Home Office,Caguas,PR,Puerto Rico
1923,Kathryn,Home Office,Caguas,PR,Puerto Rico
2258,Dorothy,Home Office,Caguas,PR,Puerto Rico
11142,Sharon,Home Office,Caguas,PR,Puerto Rico
8818,Ruth,Home Office,Caguas,PR,Puerto Rico
8784,Jonathan,Home Office,Caguas,PR,Puerto Rico
2580,Carolyn,Home Office,Caguas,PR,Puerto Rico
12266,Cynthia,Home Office,Caguas,PR,Puerto Rico
10346,Shawn,Home Office,Caguas,PR,Puerto Rico
4985,Deborah,Home Office,Caguas,PR,Puerto Rico
861,Mary,Home Office,Caguas,PR,Puerto Rico
7346,Mary,Home Office,Caguas,PR,Puerto Rico
7591,Frances,Home Office,Caguas,PR,Puerto Rico
4633,Mary,Home Office,Caguas,PR,Puerto Rico
19906,Ocean,Home Office,Caguas,PR,Puerto Rico
18175,Xerxes,Home Office,Caguas,PR,Puerto Rico
16462,Ocean,Home Office,Caguas,PR,Puerto Rico
15696,Jolene,Home Office,Caguas,PR,Puerto Rico
5354,William,Home Office,Caguas,PR,Puerto Rico
3516,Elizabeth,Home Office,Caguas,PR,Puerto Rico
15209,Kylynn,Home Office,Caguas,PR,Puerto Rico
19820,Brenna,Home Office,Caguas,PR,Puerto Rico
16599,Josephine,Home Office,Caguas,PR,Puerto Rico
15775,Destiny,Home Office,Caguas,PR,Puerto Rico
7833,Patrick,Home Office,Caguas,PR,Puerto Rico
20667,Illana,Home Office,Caguas,PR,Puerto Rico
15952,Kimberly,Home Office,Caguas,PR,Puerto Rico
18651,Emma,Home Office,Caguas,PR,Puerto Rico
5376,Mary,Home Office,Caguas,PR,Puerto Rico
10123,Andrea,Home Office,Caguas,PR,Puerto Rico
8856,Donald,Home Office,Caguas,PR,Puerto Rico
10168,Mary,Home Office,Caguas,PR,Puerto Rico
19861,Iona,Home Office,Caguas,PR,Puerto Rico
16306,Melanie,Home Office,Caguas,PR,Puerto Rico
19818,Mariko,Home Office,Caguas,PR,Puerto Rico
17628,Sydnee,Home Office,Caguas,PR,Puerto Rico
24,Mary,Home Office,Caguas,PR,Puerto Rico
5344,Jacqueline,Home Office,Caguas,PR,Puerto Rico
3743,Mary,Home Office,Caguas,PR,Puerto Rico
4962,Arthur,Home Office,Caguas,PR,Puerto Rico
10406,Michael,Home Office,Caguas,PR,Puerto Rico
3165,Nancy,Home Office,Caguas,PR,Puerto Rico
2283,Doris,Home Office,Caguas,PR,Puerto Rico
1687,Jerry,Home Office,Caguas,PR,Puerto Rico
11662,Mary,Home Office,Caguas,PR,Puerto Rico
5009,Aaron,Home Office,Caguas,PR,Puerto Rico
10626,Emma,Home Office,Caguas,PR,Puerto Rico
4188,Mary,Home Office,Caguas,PR,Puerto Rico
3501,Rachel,Home Office,Caguas,PR,Puerto Rico
10185,Austin,Home Office,Caguas,PR,Puerto Rico
10504,Mary,Home Office,Caguas,PR,Puerto Rico
1684,Anna,Home Office,Caguas,PR,Puerto Rico
9694,Kimberly,Home Office,Caguas,PR,Puerto Rico
1349,John,Home Office,Caguas,PR,Puerto Rico
5315,Tammy,Home Office,Caguas,PR,Puerto Rico
3568,Madison,Home Office,Caguas,PR,Puerto Rico
1890,Margaret,Home Office,Caguas,PR,Puerto Rico
8946,Ryan,Home Office,Caguas,PR,Puerto Rico
6822,Diana,Home Office,Caguas,PR,Puerto Rico
6358,Mary,Home Office,Caguas,PR,Puerto Rico
10300,Daniel,Home Office,Caguas,PR,Puerto Rico
8129,Jesse,Home Office,Caguas,PR,Puerto Rico
9296,Christian,Home Office,Caguas,PR,Puerto Rico
5681,Heather,Home Office,Caguas,PR,Puerto Rico
8462,Helen,Home Office,Caguas,PR,Puerto Rico
13748,Renee,Home Office,Caguas,PR,Puerto Rico
9772,Terry,Home Office,Caguas,PR,Puerto Rico
3782,Mary,Home Office,Caguas,PR,Puerto Rico
14292,Daria,Home Office,Caguas,PR,Puerto Rico
14395,Kylynn,Home Office,Caguas,PR,Puerto Rico
14080,Shay,Home Office,Caguas,PR,Puerto Rico
13168,Maite,Home Office,Caguas,PR,Puerto Rico
13150,Mary,Home Office,Caguas,PR,Puerto Rico
12026,George,Home Office,Caguas,PR,Puerto Rico
6806,Catherine,Home Office,Caguas,PR,Puerto Rico
2077,Ann,Home Office,Caguas,PR,Puerto Rico
1704,Tammy,Home Office,Caguas,PR,Puerto Rico
11479,Debra,Home Office,Caguas,PR,Puerto Rico
13906,Anjolie,Home Office,Caguas,PR,Puerto Rico
14833,Signe,Home Office,Caguas,PR,Puerto Rico
10024,Mary,Home Office,Caguas,PR,Puerto Rico
3607,Marie,Home Office,Caguas,PR,Puerto Rico
11666,Johnny,Home Office,Caguas,PR,Puerto Rico
14719,Brianna,Home Office,Caguas,PR,Puerto Rico
11798,Ralph,Home Office,Caguas,PR,Puerto Rico
1895,George,Home Office,Caguas,PR,Puerto Rico
1412,Johnny,Home Office,Caguas,PR,Puerto Rico
2201,Benjamin,Home Office,Caguas,PR,Puerto Rico
858,Robert,Home Office,Caguas,PR,Puerto Rico
6173,Amanda,Home Office,Caguas,PR,Puerto Rico
15012,Camilla,Home Office,Caguas,PR,Puerto Rico
15076,Melodie,Home Office,Caguas,PR,Puerto Rico
14364,Phyllis,Home Office,Caguas,PR,Puerto Rico
14256,Olympia,Home Office,Caguas,PR,Puerto Rico
14398,Rylee,Home Office,Caguas,PR,Puerto Rico
14245,Violet,Home Office,Caguas,PR,Puerto Rico
13494,Reagan,Home Office,Caguas,PR,Puerto Rico
12365,Mary,Home Office,Caguas,PR,Puerto Rico
12780,Melinda,Home Office,Caguas,PR,Puerto Rico
2032,Douglas,Home Office,Caguas,PR,Puerto Rico
3780,Mary,Home Office,Caguas,PR,Puerto Rico
14746,Frances,Home Office,Bayamon,PR,Puerto Rico
12790,Fatima,Home Office,Caguas,PR,Puerto Rico
2848,Mary,Home Office,Caguas,PR,Puerto Rico
12788,Dacey,Home Office,Caguas,PR,Puerto Rico
3217,Mary,Home Office,Caguas,PR,Puerto Rico
7428,Mary,Home Office,Caguas,PR,Puerto Rico
5748,Shawn,Home Office,Caguas,PR,Puerto Rico
2604,Betty,Home Office,Caguas,PR,Puerto Rico
10384,Mary,Home Office,Caguas,PR,Puerto Rico
7400,Benjamin,Home Office,Caguas,PR,Puerto Rico
765,Diane,Home Office,Caguas,PR,Puerto Rico
1110,Kimberly,Consumer,Caguas,PR,Puerto Rico
8436,Mary,Consumer,Caguas,PR,Puerto Rico
8724,Michael,Consumer,Caguas,PR,Puerto Rico
11717,Larry,Consumer,Caguas,PR,Puerto Rico
2950,Mary,Consumer,Caguas,PR,Puerto Rico
3284,Mary,Consumer,Caguas,PR,Puerto Rico
2128,Mary,Consumer,Caguas,PR,Puerto Rico
9344,Kelly,Consumer,Caguas,PR,Puerto Rico
5771,Mary,Consumer,Caguas,PR,Puerto Rico
11269,Mary,Consumer,Caguas,PR,Puerto Rico
12088,Mary,Consumer,Caguas,PR,Puerto Rico
7001,Mary,Consumer,Caguas,PR,Puerto Rico
1486,Mary,Consumer,Caguas,PR,Puerto Rico
7572,Mary,Consumer,Caguas,PR,Puerto Rico
12099,Mary,Consumer,Caguas,PR,Puerto Rico
7487,Angela,Consumer,Caguas,PR,Puerto Rico
3431,Mary,Consumer,Caguas,PR,Puerto Rico
10622,Mary,Consumer,Caguas,PR,Puerto Rico
1931,John,Consumer,Caguas,PR,Puerto Rico
2262,Jose,Consumer,Caguas,PR,Puerto Rico
1544,Brittany,Consumer,Caguas,PR,Puerto Rico
660,Shirley,Consumer,Caguas,PR,Puerto Rico
5937,William,Consumer,San Sebastian,PR,Puerto Rico
7124,Roger,Consumer,Caguas,PR,Puerto Rico
11866,Mary,Consumer,Caguas,PR,Puerto Rico
5399,Jean,Consumer,Caguas,PR,Puerto Rico
3747,Mary,Consumer,Caguas,PR,Puerto Rico
7747,Mary,Consumer,Caguas,PR,Puerto Rico
11182,Sharon,Consumer,Caguas,PR,Puerto Rico
10136,Cynthia,Consumer,Caguas,PR,Puerto Rico
8791,Beverly,Consumer,Caguas,PR,Puerto Rico
8584,Mary,Consumer,Caguas,PR,Puerto Rico
8242,Mary,Consumer,Caguas,PR,Puerto Rico
1302,Alice,Consumer,Caguas,PR,Puerto Rico
2929,Mary,Consumer,Caguas,PR,Puerto Rico
8711,Mary,Consumer,Caguas,PR,Puerto Rico
1044,Linda,Consumer,Caguas,PR,Puerto Rico
10401,Mary,Consumer,Caguas,PR,Puerto Rico
7024,Jerry,Consumer,Caguas,PR,Puerto Rico
8493,Mark,Consumer,Caguas,PR,Puerto Rico
2793,Mary,Consumer,Caguas,PR,Puerto Rico
3288,Stephanie,Consumer,Caguas,PR,Puerto Rico
11123,Samantha,Consumer,Caguas,PR,Puerto Rico
8057,Lisa,Consumer,Caguas,PR,Puerto Rico
2004,Jeffrey,Consumer,Guaynabo,PR,Puerto Rico
11305,Mary,Consumer,Caguas,PR,Puerto Rico
12425,Mary,Consumer,Caguas,PR,Puerto Rico
8743,Douglas,Consumer,Caguas,PR,Puerto Rico
3556,Mary,Consumer,Caguas,PR,Puerto Rico
7754,Kevin,Consumer,Caguas,PR,Puerto Rico
10923,Thomas,Consumer,Caguas,PR,Puerto Rico
1871,Mary,Consumer,Caguas,PR,Puerto Rico
11839,Mary,Consumer,Caguas,PR,Puerto Rico
10946,Susan,Consumer,Caguas,PR,Puerto Rico
6584,Mary,Consumer,Caguas,PR,Puerto Rico
2365,Sara,Consumer,Caguas,PR,Puerto Rico
11302,Joyce,Consumer,Caguas,PR,Puerto Rico
152,Mary,Consumer,Caguas,PR,Puerto Rico
879,Joseph,Consumer,Caguas,PR,Puerto Rico
6444,John,Consumer,Caguas,PR,Puerto Rico
3857,Robert,Consumer,Caguas,PR,Puerto Rico
1972,Marilyn,Consumer,Caguas,PR,Puerto Rico
10829,Anthony,Consumer,Caguas,PR,Puerto Rico
9384,Mary,Consumer,Caguas,PR,Puerto Rico
6181,David,Consumer,Caguas,PR,Puerto Rico
749,Jesse,Consumer,Caguas,PR,Puerto Rico
8378,Mary,Consumer,Caguas,PR,Puerto Rico
4914,Mary,Consumer,Caguas,PR,Puerto Rico
5587,Brandon,Consumer,Bayamon,PR,Puerto Rico
1621,Grace,Consumer,Caguas,PR,Puerto Rico
12258,Kevin,Consumer,Caguas,PR,Puerto Rico
4230,Douglas,Consumer,Caguas,PR,Puerto Rico
8981,Mary,Consumer,Caguas,PR,Puerto Rico
12388,Donna,Consumer,Caguas,PR,Puerto Rico
85,Mary,Consumer,Caguas,PR,Puerto Rico
681,Mary,Consumer,Caguas,PR,Puerto Rico
2119,Angela,Consumer,Caguas,PR,Puerto Rico
6996,Justin,Consumer,Caguas,PR,Puerto Rico
3936,Mary,Consumer,Caguas,PR,Puerto Rico
12305,Stephanie,Consumer,Caguas,PR,Puerto Rico
6440,Jessica,Consumer,Caguas,PR,Puerto Rico
9482,Mary,Consumer,Caguas,PR,Puerto Rico
11010,Brittany,Consumer,Caguas,PR,Puerto Rico
7838,Margaret,Consumer,Caguas,PR,Puerto Rico
4128,Mary,Consumer,Caguas,PR,Puerto Rico
7343,Mary,Consumer,Caguas,PR,Puerto Rico
4509,Mary,Consumer,Caguas,PR,Puerto Rico
5782,Mary,Consumer,Caguas,PR,Puerto Rico
8861,Mary,Consumer,Caguas,PR,Puerto Rico
5250,Donald,Consumer,Caguas,PR,Puerto Rico
5251,Stephen,Consumer,Bayamon,PR,Puerto Rico
3672,James,Consumer,Caguas,PR,Puerto Rico
9035,Christian,Consumer,Caguas,PR,Puerto Rico
6078,Roger,Consumer,Caguas,PR,Puerto Rico
5718,Philip,Consumer,Caguas,PR,Puerto Rico
1154,Sarah,Consumer,Caguas,PR,Puerto Rico
4297,Mary,Consumer,Caguas,PR,Puerto Rico
11755,Mary,Consumer,Caguas,PR,Puerto Rico
3859,Mary,Consumer,Caguas,PR,Puerto Rico
5286,Mary,Consumer,Caguas,PR,Puerto Rico
11278,Brandon,Consumer,Caguas,PR,Puerto Rico
6928,Heather,Consumer,Caguas,PR,Puerto Rico
8277,Mary,Consumer,Caguas,PR,Puerto Rico
12217,Mary,Consumer,Caguas,PR,Puerto Rico
1193,Mary,Consumer,Caguas,PR,Puerto Rico
7257,Jacqueline,Consumer,Aguadilla,PR,Puerto Rico
4664,Mary,Consumer,Caguas,PR,Puerto Rico
1538,Mary,Consumer,Caguas,PR,Puerto Rico
10426,Patrick,Consumer,Caguas,PR,Puerto Rico
7062,Jack,Consumer,Caguas,PR,Puerto Rico
2940,Mary,Consumer,Caguas,PR,Puerto Rico
9140,Jessica,Consumer,Caguas,PR,Puerto Rico
5753,Mary,Consumer,Caguas,PR,Puerto Rico
8093,Patricia,Consumer,Caguas,PR,Puerto Rico
3167,Janice,Consumer,Caguas,PR,Puerto Rico
13275,Aphrodite,Consumer,Caguas,PR,Puerto Rico
14113,Rinah,Consumer,Caguas,PR,Puerto Rico
14184,Kirby,Consumer,Caguas,PR,Puerto Rico
14309,Whitney,Consumer,Caguas,PR,Puerto Rico
13165,Myra,Consumer,Caguas,PR,Puerto Rico
14628,Kirsten,Consumer,Caguas,PR,Puerto Rico
14466,Tatyana,Consumer,Caguas,PR,Puerto Rico
13056,Alyssa,Consumer,Caguas,PR,Puerto Rico
14663,Cally,Consumer,Caguas,PR,Puerto Rico
14109,Alea,Consumer,Caguas,PR,Puerto Rico
13378,Shelley,Consumer,Caguas,PR,Puerto Rico
13306,Chelsea,Consumer,Caguas,PR,Puerto Rico
14234,Brynne,Consumer,Caguas,PR,Puerto Rico
14162,Darryl,Consumer,Caguas,PR,Puerto Rico
14516,Simone,Consumer,Caguas,PR,Puerto Rico
13233,Winter,Consumer,Caguas,PR,Puerto Rico
14107,Iola,Consumer,Caguas,PR,Puerto Rico
14678,Zia,Consumer,Caguas,PR,Puerto Rico
13430,Remedios,Consumer,Caguas,PR,Puerto Rico
14230,Abra,Consumer,Caguas,PR,Puerto Rico
13266,Lee,Consumer,Caguas,PR,Puerto Rico
14494,Constance,Consumer,Caguas,PR,Puerto Rico
14319,Unity,Consumer,Caguas,PR,Puerto Rico
13516,Clio,Consumer,Caguas,PR,Puerto Rico
12976,Brynne,Consumer,Caguas,PR,Puerto Rico
14210,Libby,Consumer,Caguas,PR,Puerto Rico
13299,Mona,Consumer,Caguas,PR,Puerto Rico
13425,Lois,Consumer,Caguas,PR,Puerto Rico
13064,Lynn,Consumer,Caguas,PR,Puerto Rico
14370,Chloe,Consumer,Caguas,PR,Puerto Rico
14208,Illiana,Consumer,Caguas,PR,Puerto Rico
14190,Xyla,Consumer,Caguas,PR,Puerto Rico
14333,Anika,Consumer,Caguas,PR,Puerto Rico
14243,Juliet,Consumer,Caguas,PR,Puerto Rico
13387,Ainsley,Consumer,Caguas,PR,Puerto Rico
14387,Madeline,Consumer,Caguas,PR,Puerto Rico
14315,Audrey,Consumer,Caguas,PR,Puerto Rico
14117,Jade,Consumer,Caguas,PR,Puerto Rico
12972,Kellie,Consumer,Caguas,PR,Puerto Rico
13422,Blythe,Consumer,Caguas,PR,Puerto Rico
13475,Britanney,Consumer,Caguas,PR,Puerto Rico
13043,Jillian,Consumer,Caguas,PR,Puerto Rico
14133,Myra,Consumer,Caguas,PR,Puerto Rico
14384,Renee,Consumer,Caguas,PR,Puerto Rico
14168,Piper,Consumer,Caguas,PR,Puerto Rico
10113,Frances,Consumer,Caguas,PR,Puerto Rico
6881,Mary,Consumer,Caguas,PR,Puerto Rico
1847,Mary,Consumer,Caguas,PR,Puerto Rico
5663,Jennifer,Consumer,Caguas,PR,Puerto Rico
3219,Mary,Consumer,Caguas,PR,Puerto Rico
5260,Mary,Consumer,Caguas,PR,Puerto Rico
8535,Richard,Consumer,Caguas,PR,Puerto Rico
465,Shawn,Consumer,Caguas,PR,Puerto Rico
11681,Roy,Consumer,Caguas,PR,Puerto Rico
4211,Mary,Consumer,Caguas,PR,Puerto Rico
7258,Mary,Consumer,Caguas,PR,Puerto Rico
9046,Evelyn,Consumer,San Juan,PR,Puerto Rico
554,Mary,Consumer,Caguas,PR,Puerto Rico
7092,Jacob,Consumer,Caguas,PR,Puerto Rico
11104,Daniel,Consumer,Caguas,PR,Puerto Rico
10479,Mary,Consumer,Caguas,PR,Puerto Rico
10564,Ralph,Consumer,Caguas,PR,Puerto Rico
6198,Jeremy,Consumer,Caguas,PR,Puerto Rico
9388,David,Consumer,Caguas,PR,Puerto Rico
9515,Victoria,Consumer,Caguas,PR,Puerto Rico
3960,Mary,Consumer,Caguas,PR,Puerto Rico
11905,Christina,Consumer,Caguas,PR,Puerto Rico
13609,Florence,Consumer,Caguas,PR,Puerto Rico
4849,Teresa,Consumer,Carolina,PR,Puerto Rico
7940,Mary,Consumer,Caguas,PR,Puerto Rico
10449,Mary,Consumer,Caguas,PR,Puerto Rico
11228,Michael,Consumer,Caguas,PR,Puerto Rico
14040,Maxine,Consumer,Caguas,PR,Puerto Rico
11659,Steven,Consumer,Caguas,PR,Puerto Rico
7031,Virginia,Consumer,Caguas,PR,Puerto Rico
10972,Mary,Consumer,Caguas,PR,Puerto Rico
970,Mary,Consumer,Caguas,PR,Puerto Rico
9180,Dorothy,Consumer,Caguas,PR,Puerto Rico
6844,Mary,Consumer,Caguas,PR,Puerto Rico
13805,Shoshana,Consumer,Caguas,PR,Puerto Rico
8684,Tiffany,Consumer,Caguas,PR,Puerto Rico
13967,Nomlanga,Consumer,Caguas,PR,Puerto Rico
2254,Sarah,Consumer,Caguas,PR,Puerto Rico
1229,Mary,Consumer,Caguas,PR,Puerto Rico
8280,Mary,Consumer,Caguas,PR,Puerto Rico
5234,Shirley,Consumer,Caguas,PR,Puerto Rico
6609,Betty,Consumer,Caguas,PR,Puerto Rico
6643,Nicholas,Consumer,Caguas,PR,Puerto Rico
6278,Mary,Consumer,Vega Baja,PR,Puerto Rico
13840,Stella,Consumer,Caguas,PR,Puerto Rico
9487,Sandra,Consumer,Caguas,PR,Puerto Rico
10996,Mary,Consumer,Caguas,PR,Puerto Rico
5990,Mary,Consumer,Mayaguez,PR,Puerto Rico
12795,Shannon,Consumer,Caguas,PR,Puerto Rico
13732,Carolyn,Consumer,Caguas,PR,Puerto Rico
2864,Mary,Consumer,Caguas,PR,Puerto Rico
3033,Kevin,Consumer,Caguas,PR,Puerto Rico
1231,Mary,Consumer,Caguas,PR,Puerto Rico
2652,Martha,Consumer,Caguas,PR,Puerto Rico
5553,Patricia,Consumer,Caguas,PR,Puerto Rico
849,Sandra,Consumer,Caguas,PR,Puerto Rico
2594,David,Consumer,Guaynabo,PR,Puerto Rico
3496,Brittany,Consumer,Caguas,PR,Puerto Rico
13857,Freya,Consumer,Caguas,PR,Puerto Rico
8994,Janice,Consumer,Caguas,PR,Puerto Rico
11997,Jonathan,Consumer,Caguas,PR,Puerto Rico
3976,Johnny,Consumer,Carolina,PR,Puerto Rico
14713,Belle,Consumer,Caguas,PR,Puerto Rico
7506,Tammy,Consumer,Caguas,PR,Puerto Rico
10306,Mary,Consumer,Caguas,PR,Puerto Rico
21,William,Consumer,Caguas,PR,Puerto Rico
9313,Mary,Consumer,Caguas,PR,Puerto Rico
10670,Mary,Consumer,Caguas,PR,Puerto Rico
2789,Howard,Consumer,Caguas,PR,Puerto Rico
6167,Larry,Consumer,Caguas,PR,Puerto Rico
11786,Mary,Consumer,Caguas,PR,Puerto Rico
290,Mary,Consumer,Caguas,PR,Puerto Rico
1500,Carol,Consumer,Caguas,PR,Puerto Rico
10139,Mary,Consumer,Caguas,PR,Puerto Rico
14820,Kim,Consumer,Caguas,PR,Puerto Rico
4703,Shirley,Consumer,Caguas,PR,Puerto Rico
10642,James,Consumer,Caguas,PR,Puerto Rico
6018,Mary,Consumer,Caguas,PR,Puerto Rico
1457,Edward,Consumer,Caguas,PR,Puerto Rico
9538,Aaron,Consumer,Caguas,PR,Puerto Rico
11420,Pamela,Consumer,Caguas,PR,Puerto Rico
6258,Mary,Consumer,Caguas,PR,Puerto Rico
11163,Jane,Consumer,Caguas,PR,Puerto Rico
2535,Mary,Consumer,Caguas,PR,Puerto Rico
6852,Janet,Consumer,Caguas,PR,Puerto Rico
8374,Mary,Consumer,Caguas,PR,Puerto Rico
8487,Frances,Consumer,Caguas,PR,Puerto Rico
318,Samantha,Consumer,Caguas,PR,Puerto Rico
2869,Margaret,Consumer,Caguas,PR,Puerto Rico
12215,Mary,Consumer,Caguas,PR,Puerto Rico
6905,Matthew,Consumer,Caguas,PR,Puerto Rico
10552,Mary,Consumer,Caguas,PR,Puerto Rico
316,Mary,Consumer,Caguas,PR,Puerto Rico
8197,Alice,Consumer,Caguas,PR,Puerto Rico
14836,Karly,Consumer,Caguas,PR,Puerto Rico
2609,Mary,Consumer,Caguas,PR,Puerto Rico
9885,Jordan,Consumer,Caguas,PR,Puerto Rico
12754,Jana,Consumer,Caguas,PR,Puerto Rico
10973,Debra,Consumer,Mayaguez,PR,Puerto Rico
13835,Dakota,Consumer,Caguas,PR,Puerto Rico
250,Julie,Consumer,Caguas,PR,Puerto Rico
1706,Joyce,Consumer,Caguas,PR,Puerto Rico
7047,Sean,Consumer,Caguas,PR,Puerto Rico
1013,Frances,Consumer,Caguas,PR,Puerto Rico
14780,Bertha,Consumer,Caguas,PR,Puerto Rico
13762,Whoopi,Consumer,Caguas,PR,Puerto Rico
13690,Ruth,Consumer,Caguas,PR,Puerto Rico
11490,Mary,Consumer,Caguas,PR,Puerto Rico
13924,Catherine,Consumer,Caguas,PR,Puerto Rico
11418,Mary,Consumer,Caguas,PR,Puerto Rico
10953,Kevin,Consumer,Caguas,PR,Puerto Rico
6829,Mary,Consumer,Caguas,PR,Puerto Rico
8721,James,Consumer,Caguas,PR,Puerto Rico
2654,Donna,Consumer,Caguas,PR,Puerto Rico
7243,Margaret,Consumer,Caguas,PR,Puerto Rico
12752,Roanna,Consumer,Caguas,PR,Puerto Rico
8091,Emily,Consumer,Caguas,PR,Puerto Rico
12035,William,Consumer,Caguas,PR,Puerto Rico
5275,Alan,Consumer,Trujillo Alto,PR,Puerto Rico
14013,Desiree,Consumer,Caguas,PR,Puerto Rico
8816,Judith,Consumer,Caguas,PR,Puerto Rico
7500,Mary,Consumer,Caguas,PR,Puerto Rico
12389,Kimberly,Consumer,Arecibo,PR,Puerto Rico
8246,Johnny,Consumer,Caguas,PR,Puerto Rico
11537,Lori,Consumer,Caguas,PR,Puerto Rico
8776,Charles,Consumer,Caguas,PR,Puerto Rico
8926,Susan,Consumer,Caguas,PR,Puerto Rico
1439,Mary,Consumer,Caguas,PR,Puerto Rico
9479,Kelly,Consumer,Caguas,PR,Puerto Rico
8239,Mary,Consumer,Caguas,PR,Puerto Rico
9833,Jacob,Consumer,Caguas,PR,Puerto Rico
9407,Jason,Consumer,Caguas,PR,Puerto Rico
9194,Mary,Consumer,Caguas,PR,Puerto Rico
2819,Julie,Consumer,Caguas,PR,Puerto Rico
13994,Nadine,Consumer,Caguas,PR,Puerto Rico
8949,Mary,Consumer,Caguas,PR,Puerto Rico
5027,Mary,Consumer,Caguas,PR,Puerto Rico
8432,William,Consumer,Caguas,PR,Puerto Rico
11539,Mary,Consumer,Caguas,PR,Puerto Rico
13867,Camille,Consumer,Caguas,PR,Puerto Rico
8237,Emma,Consumer,Caguas,PR,Puerto Rico
12804,Jacqueline,Consumer,Caguas,PR,Puerto Rico
2791,Martha,Consumer,Caguas,PR,Puerto Rico
13759,Jaden,Consumer,Caguas,PR,Puerto Rico
13561,Piper,Consumer,Caguas,PR,Puerto Rico
14777,Katell,Consumer,Caguas,PR,Puerto Rico
11631,Jennifer,Consumer,Caguas,PR,Puerto Rico
3774,Mary,Consumer,Caguas,PR,Puerto Rico
2946,Mary,Consumer,Caguas,PR,Puerto Rico
9105,Marie,Consumer,Caguas,PR,Puerto Rico
7901,Jacob,Consumer,Caguas,PR,Puerto Rico
2638,Mary,Consumer,Caguas,PR,Puerto Rico
6455,Ethan,Consumer,Caguas,PR,Puerto Rico
4946,Howard,Consumer,Caguas,PR,Puerto Rico
2344,Danielle,Consumer,Caguas,PR,Puerto Rico
3538,Mary,Consumer,Caguas,PR,Puerto Rico
13740,Madeline,Consumer,Caguas,PR,Puerto Rico
976,Shirley,Consumer,Caguas,PR,Puerto Rico
7616,Mary,Consumer,Caguas,PR,Puerto Rico
3532,Carolyn,Consumer,Caguas,PR,Puerto Rico
5409,Ethan,Consumer,Caguas,PR,Puerto Rico
3843,Ruth,Consumer,Caguas,PR,Puerto Rico
9790,Gary,Consumer,Toa Alta,PR,Puerto Rico
6937,Betty,Consumer,Caguas,PR,Puerto Rico
14721,Elaine,Consumer,Caguas,PR,Puerto Rico
1073,Rachel,Consumer,Caguas,PR,Puerto Rico
9218,Anna,Consumer,Caguas,PR,Puerto Rico
6481,Joe,Consumer,Cayey,PR,Puerto Rico
12784,Olympia,Consumer,Caguas,PR,Puerto Rico
1037,John,Consumer,Caguas,PR,Puerto Rico
2242,Mary,Consumer,Caguas,PR,Puerto Rico
6020,Mary,Consumer,Caguas,PR,Puerto Rico
9009,Mary,Consumer,Caguas,PR,Puerto Rico
11728,Laura,Consumer,Caguas,PR,Puerto Rico
8960,Janet,Consumer,Caguas,PR,Puerto Rico
7950,Paul,Consumer,Caguas,PR,Puerto Rico
7404,Mary,Consumer,Caguas,PR,Puerto Rico
13792,Hilary,Consumer,San Juan,PR,Puerto Rico
1787,Mary,Consumer,Caguas,PR,Puerto Rico
9825,Sandra,Consumer,Caguas,PR,Puerto Rico
1364,Mary,Consumer,Caguas,PR,Puerto Rico
1115,Henry,Consumer,Caguas,PR,Puerto Rico
3723,Mary,Consumer,Humacao,PR,Puerto Rico
7409,Daniel,Consumer,Caguas,PR,Puerto Rico
12782,Nayda,Consumer,Caguas,PR,Puerto Rico
13845,Isadora,Consumer,Caguas,PR,Puerto Rico
10277,Ann,Consumer,Caguas,PR,Puerto Rico
7640,Mary,Consumer,Caguas,PR,Puerto Rico
5288,Timothy,Consumer,Caguas,PR,Puerto Rico
642,Timothy,Consumer,Caguas,PR,Puerto Rico
14024,Serina,Consumer,Caguas,PR,Puerto Rico
14790,Evelyn,Consumer,Caguas,PR,Puerto Rico
2058,Mary,Consumer,Caguas,PR,Puerto Rico
3542,Mary,Consumer,Caguas,PR,Puerto Rico
9155,Evelyn,Consumer,Caguas,PR,Puerto Rico
1979,Kimberly,Consumer,Caguas,PR,Puerto Rico
12745,Rosalyn,Consumer,Caguas,PR,Puerto Rico
13880,Oprah,Consumer,Caguas,PR,Puerto Rico
12039,Mary,Consumer,Caguas,PR,Puerto Rico
11587,Alice,Consumer,Caguas,PR,Puerto Rico
4108,Mary,Consumer,Caguas,PR,Puerto Rico
9150,Mary,Consumer,Caguas,PR,Puerto Rico
361,Alexander,Consumer,Caguas,PR,Puerto Rico
8174,Jane,Consumer,Caguas,PR,Puerto Rico
168,Eric,Consumer,Caguas,PR,Puerto Rico
11627,Mary,Consumer,Caguas,PR,Puerto Rico
2496,Mary,Consumer,Caguas,PR,Puerto Rico
4973,Alan,Consumer,Caguas,PR,Puerto Rico
11176,Rachel,Consumer,Caguas,PR,Puerto Rico
11477,Kenneth,Consumer,Caguas,PR,Puerto Rico
6192,Tyler,Consumer,Caguas,PR,Puerto Rico
8919,Mary,Consumer,Caguas,PR,Puerto Rico
11134,Robert,Consumer,Caguas,PR,Puerto Rico
2445,Mary,Consumer,Caguas,PR,Puerto Rico
9019,Carol,Consumer,Caguas,PR,Puerto Rico
335,Mary,Consumer,Caguas,PR,Puerto Rico
11705,Ann,Consumer,Caguas,PR,Puerto Rico
3462,Mary,Consumer,Caguas,PR,Puerto Rico
760,Emma,Consumer,Caguas,PR,Puerto Rico
8420,Gregory,Consumer,Caguas,PR,Puerto Rico
8516,Mary,Consumer,Caguas,PR,Puerto Rico
4307,Mary,Consumer,Caguas,PR,Puerto Rico
11689,Samantha,Consumer,Caguas,PR,Puerto Rico
9424,Amanda,Consumer,Caguas,PR,Puerto Rico
3079,Charles,Consumer,Caguas,PR,Puerto Rico
3530,Mary,Consumer,Caguas,PR,Puerto Rico
4544,Mary,Consumer,Caguas,PR,Puerto Rico
363,Jennifer,Consumer,Caguas,PR,Puerto Rico
11685,Mary,Consumer,Caguas,PR,Puerto Rico
10078,Mary,Consumer,Manati,PR,Puerto Rico
2586,Mary,Consumer,Caguas,PR,Puerto Rico
2961,Mary,Consumer,Caguas,PR,Puerto Rico
1453,Deborah,Consumer,Caguas,PR,Puerto Rico
10443,Eric,Consumer,Caguas,PR,Puerto Rico
4953,Pamela,Consumer,Caguas,PR,Puerto Rico
6171,Mary,Consumer,Caguas,PR,Puerto Rico
10663,Nathan,Consumer,Caguas,PR,Puerto Rico
12254,Donna,Consumer,Caguas,PR,Puerto Rico
648,Ashley,Consumer,Arecibo,PR,Puerto Rico
4669,Robert,Consumer,Humacao,PR,Puerto Rico
9954,Emily,Consumer,Caguas,PR,Puerto Rico
8805,Mary,Consumer,Caguas,PR,Puerto Rico
7809,Kimberly,Consumer,Caguas,PR,Puerto Rico
2044,Cynthia,Consumer,Caguas,PR,Puerto Rico
9510,Steven,Consumer,Caguas,PR,Puerto Rico
8573,Mary,Consumer,Guaynabo,PR,Puerto Rico
8989,Sarah,Consumer,Caguas,PR,Puerto Rico
5247,Mary,Consumer,Caguas,PR,Puerto Rico
12096,Amber,Consumer,Caguas,PR,Puerto Rico
6442,Amanda,Consumer,Caguas,PR,Puerto Rico
2447,Mary,Consumer,Caguas,PR,Puerto Rico
6253,Mary,Consumer,Caguas,PR,Puerto Rico
2422,Mary,Consumer,San Juan,PR,Puerto Rico
2777,Christina,Consumer,Caguas,PR,Puerto Rico
6471,Mary,Consumer,Caguas,PR,Puerto Rico
10571,Sharon,Consumer,Caguas,PR,Puerto Rico
8798,Maria,Consumer,Caguas,PR,Puerto Rico
11036,Bobby,Consumer,Caguas,PR,Puerto Rico
9767,Mary,Consumer,Caguas,PR,Puerto Rico
5151,Sarah,Consumer,Caguas,PR,Puerto Rico
6562,Mary,Consumer,Caguas,PR,Puerto Rico
11929,Amy,Consumer,Caguas,PR,Puerto Rico
6921,Willie,Consumer,Caguas,PR,Puerto Rico
7799,Susan,Consumer,Caguas,PR,Puerto Rico
10925,Marie,Consumer,Caguas,PR,Puerto Rico
270,Janet,Consumer,Caguas,PR,Puerto Rico
7695,Mary,Consumer,Caguas,PR,Puerto Rico
5401,Amber,Consumer,Caguas,PR,Puerto Rico
11653,William,Consumer,Caguas,PR,Puerto Rico
9382,Mary,Consumer,Caguas,PR,Puerto Rico
3933,Mary,Consumer,Caguas,PR,Puerto Rico
4166,Katherine,Consumer,Caguas,PR,Puerto Rico
4344,Justin,Consumer,Caguas,PR,Puerto Rico
11299,Henry,Consumer,Caguas,PR,Puerto Rico
6312,Andrew,Consumer,Caguas,PR,Puerto Rico
3727,Janet,Consumer,Caguas,PR,Puerto Rico
5566,Theresa,Consumer,Caguas,PR,Puerto Rico
1019,Benjamin,Consumer,Caguas,PR,Puerto Rico
6324,Mary,Consumer,Caguas,PR,Puerto Rico
12470,Scarlett,Consumer,Caguas,PR,Puerto Rico
12523,Shannon,Consumer,Caguas,PR,Puerto Rico
12576,Ainsley,Consumer,Caguas,PR,Puerto Rico
12737,Lareina,Consumer,Caguas,PR,Puerto Rico
12574,Zena,Consumer,Caguas,PR,Puerto Rico
12457,Felicia,Consumer,Caguas,PR,Puerto Rico
12618,Selma,Consumer,Caguas,PR,Puerto Rico
12545,Kameko,Consumer,Caguas,PR,Puerto Rico
12706,Eugenia,Consumer,Caguas,PR,Puerto Rico
12741,Alexa,Consumer,Caguas,PR,Puerto Rico
14926,Ina,Consumer,Caguas,PR,Puerto Rico
12939,Jennifer,Consumer,Caguas,PR,Puerto Rico
14996,Quintessa,Consumer,Caguas,PR,Puerto Rico
14957,Amanda,Consumer,Caguas,PR,Puerto Rico
12863,Jayme,Consumer,Caguas,PR,Puerto Rico
15045,Miranda,Consumer,Caguas,PR,Puerto Rico
12931,Noel,Consumer,Caguas,PR,Puerto Rico
12913,Hadley,Consumer,Caguas,PR,Puerto Rico
15113,Marcia,Consumer,Caguas,PR,Puerto Rico
15005,Shellie,Consumer,Caguas,PR,Puerto Rico
12875,Hermione,Consumer,Caguas,PR,Puerto Rico
14950,Amity,Consumer,Caguas,PR,Puerto Rico
15092,Nicole,Consumer,Caguas,PR,Puerto Rico
15110,Maggie,Consumer,Caguas,PR,Puerto Rico
15125,Tara,Consumer,Caguas,PR,Puerto Rico
13419,Cara,Consumer,Caguas,PR,Puerto Rico
14128,Alma,Consumer,Mayaguez,PR,Puerto Rico
12964,Evelyn,Consumer,Caguas,PR,Puerto Rico
13115,Caryn,Consumer,Caguas,PR,Puerto Rico
5501,Samuel,Consumer,Caguas,PR,Puerto Rico
6065,Thomas,Consumer,Caguas,PR,Puerto Rico
9737,Benjamin,Consumer,Caguas,PR,Puerto Rico
5946,Daniel,Consumer,Caguas,PR,Puerto Rico
10000,Mary,Consumer,Caguas,PR,Puerto Rico
230,Kimberly,Consumer,Caguas,PR,Puerto Rico
11897,Virginia,Consumer,Caguas,PR,Puerto Rico
7998,Mary,Consumer,Caguas,PR,Puerto Rico
7759,Jesse,Consumer,Caguas,PR,Puerto Rico
6866,Wayne,Consumer,Caguas,PR,Puerto Rico
4614,Mary,Consumer,Caguas,PR,Puerto Rico
8430,Gloria,Consumer,Caguas,PR,Puerto Rico
5423,Ruth,Consumer,Caguas,PR,Puerto Rico
6196,Jennifer,Consumer,Caguas,PR,Puerto Rico
3447,Sara,Consumer,Caguas,PR,Puerto Rico
4969,Mary,Consumer,Caguas,PR,Puerto Rico
13594,Mariam,Consumer,Caguas,PR,Puerto Rico
628,Margaret,Consumer,Caguas,PR,Puerto Rico
867,Catherine,Consumer,Caguas,PR,Puerto Rico
257,Mary,Consumer,Humacao,PR,Puerto Rico
7607,Scott,Consumer,Caguas,PR,Puerto Rico
6582,Mary,Consumer,Caguas,PR,Puerto Rico
6767,Brenda,Consumer,Caguas,PR,Puerto Rico
5644,Carl,Consumer,Caguas,PR,Puerto Rico
10282,Mary,Consumer,Caguas,PR,Puerto Rico
4309,Elizabeth,Consumer,Caguas,PR,Puerto Rico
5459,Mary,Consumer,Caguas,PR,Puerto Rico
10635,Donna,Consumer,Caguas,PR,Puerto Rico
4013,Gloria,Consumer,Caguas,PR,Puerto Rico
10912,Mary,Consumer,Caguas,PR,Puerto Rico
3903,Lori,Corporate,Cleveland,OH,EE. UU.
9625,Mary,Corporate,New York,NY,EE. UU.
446,Scott,Corporate,Mission Viejo,CA,EE. UU.
8261,Mary,Corporate,Dallas,TX,EE. UU.
3170,Mary,Corporate,Woodbridge,VA,EE. UU.
3175,Mary,Corporate,Tucson,AZ,EE. UU.
10339,Steven,Corporate,Carol Stream,IL,EE. UU.
10205,Mary,Corporate,Muskegon,MI,EE. UU.
4874,Mary,Corporate,Seattle,WA,EE. UU.
844,Jessica,Corporate,Las Vegas,NV,EE. UU.
3703,Christine,Corporate,Baldwin Park,CA,EE. UU.
7641,Stephen,Corporate,Houston,TX,EE. UU.
5573,Jordan,Corporate,Cleveland,OH,EE. UU.
6595,Mary,Corporate,New York,NY,EE. UU.
6990,Frank,Corporate,New York,NY,EE. UU.
9615,Charles,Corporate,Escondido,CA,EE. UU.
6553,Larry,Corporate,Waukegan,IL,EE. UU.
1779,Sarah,Corporate,South Ozone Park,NY,EE. UU.
2657,Brian,Corporate,Allentown,PA,EE. UU.
1183,Philip,Corporate,Phoenix,AZ,EE. UU.
4913,Jerry,Corporate,Amarillo,TX,EE. UU.
9489,Danielle,Corporate,Miami,FL,EE. UU.
6722,Amy,Corporate,Normal,IL,EE. UU.
4426,Mary,Corporate,Dallas,TX,EE. UU.
3820,Jessica,Corporate,Beaverton,OR,EE. UU.
1909,Mary,Corporate,Carson,CA,EE. UU.
9837,Marilyn,Corporate,Goose Creek,SC,EE. UU.
5078,Frances,Corporate,Philadelphia,PA,EE. UU.
10440,Mary,Corporate,Lakewood,NJ,EE. UU.
4202,Kimberly,Corporate,Catonsville,MD,EE. UU.
9329,Eugene,Corporate,Metairie,LA,EE. UU.
7613,James,Corporate,Pomona,CA,EE. UU.
3189,Bryan,Corporate,Atlanta,GA,EE. UU.
11883,Steven,Corporate,Albuquerque,NM,EE. UU.
10483,Barbara,Corporate,Porterville,CA,EE. UU.
11382,Richard,Corporate,Huntington Beach,CA,EE. UU.
86,John,Corporate,Fort Worth,TX,EE. UU.
9237,Mary,Corporate,Vista,CA,EE. UU.
5356,Mary,Corporate,Reynoldsburg,OH,EE. UU.
7604,Jonathan,Corporate,Phoenix,AZ,EE. UU.
9655,Mary,Corporate,San Jose,CA,EE. UU.
4219,Linda,Corporate,Hamilton,OH,EE. UU.
1332,Carolyn,Corporate,Baltimore,MD,EE. UU.
7656,Sharon,Corporate,Bakersfield,CA,EE. UU.
9862,Mary,Corporate,Highland,CA,EE. UU.
11993,Amber,Corporate,Dundalk,MD,EE. UU.
12427,Mary,Corporate,Plano,TX,EE. UU.
10152,Walter,Corporate,Houston,TX,EE. UU.
2564,Phillip,Corporate,Amarillo,TX,EE. UU.
5024,Thomas,Corporate,Flushing,NY,EE. UU.
2756,Bryan,Corporate,Bakersfield,CA,EE. UU.
4471,Daniel,Corporate,Sacramento,CA,EE. UU.
1960,Victoria,Corporate,Newark,DE,EE. UU.
2198,Thomas,Corporate,Fort Lauderdale,FL,EE. UU.
11737,Mary,Corporate,Miami,FL,EE. UU.
2770,Brittany,Corporate,Fremont,CA,EE. UU.
10,Melissa,Corporate,Stafford,VA,EE. UU.
159,John,Corporate,Corona,NY,EE. UU.
4413,James,Corporate,Sugar Land,TX,EE. UU.
3999,Sarah,Corporate,Bronx,NY,EE. UU.
5059,Deborah,Corporate,Goose Creek,SC,EE. UU.
3906,Mary,Corporate,Tucson,AZ,EE. UU.
12166,Mary,Corporate,Phoenix,AZ,EE. UU.
7659,Rose,Corporate,Fairfield,OH,EE. UU.
2204,Mary,Corporate,Hamtramck,MI,EE. UU.
10970,David,Corporate,Newark,NJ,EE. UU.
6012,Mary,Corporate,Brooklyn,NY,EE. UU.
6436,Mary,Corporate,Dallas,TX,EE. UU.
3058,Amy,Corporate,El Centro,CA,EE. UU.
7558,Lisa,Corporate,Bronx,NY,EE. UU.
11596,Mary,Corporate,Brighton,MA,EE. UU.
5685,Joshua,Corporate,Brooklyn,NY,EE. UU.
1033,Sarah,Corporate,Miami,FL,EE. UU.
5070,Dorothy,Corporate,Mililani,HI,EE. UU.
6677,Patrick,Corporate,Los Angeles,CA,EE. UU.
8364,Michael,Corporate,Brooklyn,NY,EE. UU.
10170,Mary,Corporate,Tulare,CA,EE. UU.
10594,Pamela,Corporate,Oakland,CA,EE. UU.
7233,Christine,Corporate,Chicago,IL,EE. UU.
659,Mary,Corporate,Greenville,NC,EE. UU.
10631,Frances,Corporate,Union,NJ,EE. UU.
572,Bobby,Corporate,Spring Valley,CA,EE. UU.
4168,Zachary,Corporate,Weslaco,TX,EE. UU.
9141,Ronald,Corporate,Bakersfield,CA,EE. UU.
11792,Mary,Corporate,Middletown,OH,EE. UU.
6574,Mary,Corporate,Lakewood,NJ,EE. UU.
1343,Julia,Corporate,Del Rio,TX,EE. UU.
9874,Mary,Corporate,Dallas,TX,EE. UU.
6911,Mary,Corporate,San Diego,CA,EE. UU.
6969,Mary,Corporate,Tustin,CA,EE. UU.
1982,Kathryn,Corporate,Washington,PA,EE. UU.
170,Mary,Corporate,Broomfield,CO,EE. UU.
3613,Mary,Corporate,Brooklyn,NY,EE. UU.
9895,Eugene,Corporate,La Crosse,WI,EE. UU.
6988,Wayne,Corporate,Denton,TX,EE. UU.
3860,Susan,Corporate,San Antonio,TX,EE. UU.
574,Randy,Corporate,Joliet,IL,EE. UU.
2056,Jeffrey,Corporate,Chicago Heights,IL,EE. UU.
1405,Mary,Corporate,Strongsville,OH,EE. UU.
8567,Mary,Corporate,Philadelphia,PA,EE. UU.
3592,Mary,Corporate,Richmond,KY,EE. UU.
4381,Jordan,Corporate,Chicago,IL,EE. UU.
12397,Mary,Corporate,Dearborn,MI,EE. UU.
453,Mary,Corporate,Lancaster,SC,EE. UU.
11099,Mary,Corporate,La Mirada,CA,EE. UU.
1727,Mary,Corporate,Jamaica,NY,EE. UU.
4040,Harold,Corporate,Roseville,MI,EE. UU.
4468,Mary,Corporate,Carol Stream,IL,EE. UU.
9377,Carol,Corporate,Philadelphia,PA,EE. UU.
7318,John,Corporate,Memphis,TN,EE. UU.
10786,Jose,Corporate,Stockton,CA,EE. UU.
10270,Brenda,Corporate,Hamilton,OH,EE. UU.
5818,Brandon,Corporate,El Paso,TX,EE. UU.
7908,Stephanie,Corporate,Sugar Land,TX,EE. UU.
6178,Mary,Corporate,Lancaster,SC,EE. UU.
4178,Edward,Corporate,Miami,FL,EE. UU.
5613,Michael,Corporate,Chicago,IL,EE. UU.
5390,Kimberly,Corporate,Allentown,PA,EE. UU.
5570,Mary,Corporate,Mission Viejo,CA,EE. UU.
10586,Anna,Corporate,Huntington Station,NY,EE. UU.
4865,Mary,Corporate,Bridgeton,NJ,EE. UU.
9130,Lori,Corporate,Brooklyn,NY,EE. UU.
10781,Andrea,Corporate,Hialeah,FL,EE. UU.
6923,Mark,Corporate,Miami,FL,EE. UU.
6453,Mary,Corporate,Brooklyn,NY,EE. UU.
5388,David,Corporate,Hendersonville,TN,EE. UU.
6154,Stephanie,Corporate,Miami,FL,EE. UU.
1648,Joan,Corporate,Cerritos,CA,EE. UU.
6669,Mary,Corporate,Los Angeles,CA,EE. UU.
9175,Mary,Corporate,Detroit,MI,EE. UU.
4487,Rebecca,Corporate,Diamond Bar,CA,EE. UU.
3744,Michael,Corporate,Ontario,CA,EE. UU.
1714,Sara,Corporate,Crystal Lake,IL,EE. UU.
8061,Mary,Corporate,Salt Lake City,UT,EE. UU.
478,Mary,Corporate,Plainfield,IL,EE. UU.
11226,Amanda,Corporate,Philadelphia,PA,EE. UU.
8109,Mary,Corporate,Opelousas,LA,EE. UU.
6510,Karen,Corporate,Cumberland,MD,EE. UU.
8745,Robert,Corporate,Ontario,CA,EE. UU.
5476,Lauren,Corporate,Aurora,CO,EE. UU.
7130,Alice,Corporate,Brooklyn,NY,EE. UU.
2763,Frances,Corporate,Mesa,AZ,EE. UU.
5550,Mary,Corporate,Weslaco,TX,EE. UU.
2829,Ryan,Corporate,Costa Mesa,CA,EE. UU.
8076,Mary,Corporate,Ann Arbor,MI,EE. UU.
7933,Mary,Corporate,Chicago,IL,EE. UU.
3831,Nicholas,Corporate,Bakersfield,CA,EE. UU.
1112,Robert,Corporate,Saint Paul,MN,EE. UU.
8453,Kelly,Corporate,Virginia Beach,VA,EE. UU.
1919,Mary,Corporate,Fort Worth,TX,EE. UU.
189,Angela,Corporate,San Marcos,TX,EE. UU.
1316,Mary,Corporate,Houston,TX,EE. UU.
6328,Austin,Corporate,Los Angeles,CA,EE. UU.
9176,Theresa,Corporate,Webster,NY,EE. UU.
1942,Joseph,Corporate,Honolulu,HI,EE. UU.
5266,Adam,Corporate,Brooklyn,NY,EE. UU.
5244,Alexander,Corporate,Bronx,NY,EE. UU.
9810,Kenneth,Corporate,Ogden,UT,EE. UU.
4925,Julia,Corporate,Union City,NJ,EE. UU.
4713,Jack,Corporate,Passaic,NJ,EE. UU.
9333,Angela,Corporate,Los Angeles,CA,EE. UU.
9859,Ronald,Corporate,York,PA,EE. UU.
10275,Kelly,Corporate,Forest Hills,NY,EE. UU.
3828,Janice,Corporate,El Paso,TX,EE. UU.
3106,Samantha,Corporate,Las Cruces,NM,EE. UU.
11362,Michael,Corporate,Bakersfield,CA,EE. UU.
7847,Christopher,Corporate,Saint Louis,MO,EE. UU.
963,Eugene,Corporate,Toms River,NJ,EE. UU.
6554,Mary,Corporate,Pomona,CA,EE. UU.
11439,Matthew,Corporate,El Paso,TX,EE. UU.
261,Mary,Corporate,Cerritos,CA,EE. UU.
11926,Sarah,Corporate,Saint Paul,MN,EE. UU.
8347,Tiffany,Corporate,Lynnwood,WA,EE. UU.
9322,Kevin,Corporate,New Brunswick,NJ,EE. UU.
11974,Susan,Corporate,Ventura,CA,EE. UU.
2118,Mary,Corporate,Lakewood,NJ,EE. UU.
1416,Edward,Corporate,Atlanta,GA,EE. UU.
7535,Sarah,Corporate,Honolulu,HI,EE. UU.
1505,Mary,Corporate,Santa Ana,CA,EE. UU.
9547,Mary,Corporate,Los Angeles,CA,EE. UU.
6710,Douglas,Corporate,Santa Fe,NM,EE. UU.
9843,Brandon,Corporate,Hayward,CA,EE. UU.
4443,Harold,Corporate,Long Beach,CA,EE. UU.
4057,George,Corporate,Aurora,CO,EE. UU.
5050,Susan,Corporate,Huntington Beach,CA,EE. UU.
10782,Mary,Corporate,Compton,CA,EE. UU.
7661,Linda,Corporate,Dallas,TX,EE. UU.
10806,Scott,Corporate,Fremont,CA,EE. UU.
11807,Mary,Corporate,Marietta,GA,EE. UU.
8679,Mary,Corporate,Lansdale,PA,EE. UU.
6353,Mary,Corporate,Decatur,GA,EE. UU.
10526,Margaret,Corporate,Citrus Heights,CA,EE. UU.
3287,Mary,Corporate,Kailua,HI,EE. UU.
324,Jean,Corporate,Pico Rivera,CA,EE. UU.
9660,Mary,Corporate,Pawtucket,RI,EE. UU.
11375,Mary,Corporate,Sacramento,CA,EE. UU.
2624,Mary,Corporate,Harvey,IL,EE. UU.
8258,Thomas,Corporate,Canton,MI,EE. UU.
9357,Katherine,Corporate,Encinitas,CA,EE. UU.
4463,Samuel,Corporate,Fairfield,CA,EE. UU.
10105,Carl,Corporate,Zanesville,OH,EE. UU.
1731,Michelle,Corporate,Spring,TX,EE. UU.
2836,Mary,Corporate,Chapel Hill,NC,EE. UU.
7375,Louis,Corporate,Hagerstown,MD,EE. UU.
11135,Michelle,Corporate,New York,NY,EE. UU.
11054,Henry,Corporate,Colton,CA,EE. UU.
9756,Mary,Corporate,Dallas,TX,EE. UU.
473,Jason,Corporate,Elmhurst,IL,EE. UU.
11062,Shawn,Corporate,Olathe,KS,EE. UU.
8442,Christopher,Corporate,Crown Point,IN,EE. UU.
10489,Jeffrey,Corporate,Washington,DC,EE. UU.
6863,Joshua,Corporate,Memphis,TN,EE. UU.
3326,Mary,Corporate,Elmhurst,IL,EE. UU.
11336,Lauren,Corporate,Charlotte,NC,EE. UU.
6392,Patricia,Corporate,Washington,DC,EE. UU.
10887,Gregory,Corporate,Endicott,NY,EE. UU.
1348,Mary,Corporate,Encinitas,CA,EE. UU.
3473,Mary,Corporate,Hialeah,FL,EE. UU.
10387,Mary,Corporate,New York,NY,EE. UU.
11141,Christopher,Corporate,Eugene,OR,EE. UU.
2906,Mary,Corporate,Gardena,CA,EE. UU.
11196,Willie,Corporate,Tempe,AZ,EE. UU.
3299,Laura,Corporate,Bronx,NY,EE. UU.
9827,Amy,Corporate,North Hollywood,CA,EE. UU.
8888,Brian,Corporate,Alpharetta,GA,EE. UU.
337,Mary,Corporate,New Haven,CT,EE. UU.
541,Amanda,Corporate,Lynwood,CA,EE. UU.
2441,Mary,Corporate,Jacksonville,NC,EE. UU.
3863,Mary,Corporate,Nashville,TN,EE. UU.
5439,Samuel,Corporate,Bronx,NY,EE. UU.
1030,Mary,Corporate,Colorado Springs,CO,EE. UU.
9966,Mary,Corporate,Lutz,FL,EE. UU.
8410,Jessica,Corporate,Miami,FL,EE. UU.
1017,Lawrence,Corporate,Jackson Heights,NY,EE. UU.
6982,Janice,Corporate,Canyon Country,CA,EE. UU.
7109,Mary,Corporate,Chicago,IL,EE. UU.
11821,Mary,Corporate,Bronx,NY,EE. UU.
1977,Sara,Corporate,Los Angeles,CA,EE. UU.
4693,Wayne,Corporate,Brooklyn,NY,EE. UU.
3009,Katherine,Corporate,North Tonawanda,NY,EE. UU.
929,Alan,Corporate,Pompano Beach,FL,EE. UU.
9026,Christopher,Corporate,Sacramento,CA,EE. UU.
9347,Mary,Corporate,Oxnard,CA,EE. UU.
3892,Billy,Corporate,Waukegan,IL,EE. UU.
4449,Pamela,Corporate,Peabody,MA,EE. UU.
7999,Michael,Corporate,Compton,CA,EE. UU.
7993,Lawrence,Corporate,San Antonio,TX,EE. UU.
9633,Catherine,Corporate,Saint Louis,MO,EE. UU.
9871,Jonathan,Corporate,Panorama City,CA,EE. UU.
6024,Jesse,Corporate,Las Vegas,NV,EE. UU.
10805,Mary,Corporate,Chicago,IL,EE. UU.
3751,Walter,Corporate,Jersey City,NJ,EE. UU.
5334,Michael,Corporate,Richmond,KY,EE. UU.
3650,Wayne,Corporate,Pompano Beach,FL,EE. UU.
9611,Mary,Corporate,Saint Louis,MO,EE. UU.
2370,Mary,Corporate,Poway,CA,EE. UU.
8260,Teresa,Corporate,Antioch,TN,EE. UU.
4734,Teresa,Consumer,Los Angeles,CA,EE. UU.
6269,Charles,Consumer,Hendersonville,TN,EE. UU.
1574,Mary,Consumer,Miami,FL,EE. UU.
3492,Mary,Consumer,Campbell,CA,EE. UU.
6126,Mary,Consumer,Chino,CA,EE. UU.
11535,Dorothy,Consumer,Ypsilanti,MI,EE. UU.
4956,Mary,Consumer,Austin,TX,EE. UU.
8574,Brenda,Consumer,Wyandotte,MI,EE. UU.
10250,Martha,Consumer,Philadelphia,PA,EE. UU.
10909,Paul,Consumer,Portland,OR,EE. UU.
8206,Mary,Consumer,Hayward,CA,EE. UU.
8113,Sean,Consumer,Pittsfield,MA,EE. UU.
12129,Mary,Consumer,Bronx,NY,EE. UU.
9010,David,Consumer,Santa Clara,CA,EE. UU.
3844,Justin,Consumer,Hampton,VA,EE. UU.
3114,Mary,Consumer,Billings,MT,EE. UU.
12306,Juan,Consumer,Goose Creek,SC,EE. UU.
4193,Daniel,Consumer,Sanford,NC,EE. UU.
11688,Richard,Consumer,Germantown,MD,EE. UU.
9747,Helen,Consumer,Endicott,NY,EE. UU.
9380,Ryan,Consumer,South El Monte,CA,EE. UU.
5237,Mary,Consumer,Rowland Heights,CA,EE. UU.
5241,Emily,Consumer,Germantown,MD,EE. UU.
1831,Jacob,Consumer,Catonsville,MD,EE. UU.
553,Eugene,Consumer,Fremont,CA,EE. UU.
6674,Mary,Consumer,Jackson Heights,NY,EE. UU.
5249,Robert,Consumer,Sacramento,CA,EE. UU.
5090,Margaret,Consumer,Carlsbad,CA,EE. UU.
688,Kathy,Consumer,Houston,TX,EE. UU.
1462,Patricia,Consumer,Los Angeles,CA,EE. UU.
9331,Donna,Consumer,Clementon,NJ,EE. UU.
1380,Mary,Consumer,Huntington Beach,CA,EE. UU.
6435,Judy,Consumer,Salinas,CA,EE. UU.
4530,Mary,Consumer,Miami,FL,EE. UU.
11660,Mary,Consumer,Sacramento,CA,EE. UU.
1456,Mark,Consumer,Spring,TX,EE. UU.
12080,Mary,Consumer,Baltimore,MD,EE. UU.
2463,Mary,Consumer,Sheboygan,WI,EE. UU.
4901,Brenda,Consumer,Milford,CT,EE. UU.
1634,Jason,Consumer,Morrisville,PA,EE. UU.
6137,Eric,Consumer,Tustin,CA,EE. UU.
3560,Dylan,Consumer,Sandusky,OH,EE. UU.
2845,Ryan,Consumer,Aurora,CO,EE. UU.
1024,Paul,Consumer,Bronx,NY,EE. UU.
4208,Samuel,Consumer,Atlanta,GA,EE. UU.
4122,Mary,Consumer,Chicago,IL,EE. UU.
3531,Amanda,Consumer,Aurora,CO,EE. UU.
1386,Louis,Consumer,Beaverton,OR,EE. UU.
6478,Mary,Consumer,New York,NY,EE. UU.
4483,Mary,Consumer,Baltimore,MD,EE. UU.
11103,Jennifer,Consumer,Yonkers,NY,EE. UU.
5810,Anthony,Consumer,Rome,NY,EE. UU.
2738,Amber,Consumer,Phoenix,AZ,EE. UU.
9788,Mary,Consumer,Holland,MI,EE. UU.
8749,Benjamin,Consumer,Bronx,NY,EE. UU.
5377,Crystal,Consumer,Middletown,OH,EE. UU.
7460,Ethan,Consumer,East Brunswick,NJ,EE. UU.
2519,Donna,Consumer,Hamtramck,MI,EE. UU.
7992,Harold,Consumer,Memphis,TN,EE. UU.
6862,Mary,Consumer,Watsonville,CA,EE. UU.
979,Mary,Consumer,Austin,TX,EE. UU.
2953,Donna,Consumer,Albany,OR,EE. UU.
3871,Mary,Consumer,Joliet,IL,EE. UU.
5651,Michelle,Consumer,West Chester,PA,EE. UU.
5225,Mary,Consumer,Peabody,MA,EE. UU.
12248,Mary,Consumer,San Diego,CA,EE. UU.
10011,Mary,Consumer,Long Beach,CA,EE. UU.
5781,Jack,Consumer,Los Angeles,CA,EE. UU.
4535,Ruth,Consumer,Los Angeles,CA,EE. UU.
1795,Joe,Consumer,Washington,DC,EE. UU.
1915,David,Consumer,Hialeah,FL,EE. UU.
9198,David,Consumer,Bowling Green,KY,EE. UU.
11107,Melissa,Consumer,Brooklyn,NY,EE. UU.
165,Joseph,Consumer,Antioch,CA,EE. UU.
6033,Mary,Consumer,Chicago,IL,EE. UU.
11787,David,Consumer,Bronx,NY,EE. UU.
2271,Robert,Consumer,Chicago,IL,EE. UU.
2573,Anna,Consumer,Winter Park,FL,EE. UU.
10160,Denise,Consumer,Apopka,FL,EE. UU.
11777,Melissa,Consumer,Roswell,NM,EE. UU.
6679,Cynthia,Consumer,Sunnyvale,CA,EE. UU.
4782,Mary,Consumer,Las Vegas,NV,EE. UU.
6211,Nicholas,Consumer,Lynwood,CA,EE. UU.
12194,Donna,Consumer,Chicago,IL,EE. UU.
6483,Mary,Consumer,Baltimore,MD,EE. UU.
2525,Nancy,Consumer,Chicago,IL,EE. UU.
694,Barbara,Consumer,Elmhurst,NY,EE. UU.
9529,David,Consumer,Sugar Land,TX,EE. UU.
8529,Mary,Consumer,Clarksville,TN,EE. UU.
6463,Mary,Consumer,Carlsbad,CA,EE. UU.
4196,Mary,Consumer,Lynnwood,WA,EE. UU.
962,Mary,Consumer,Saint Peters,MO,EE. UU.
9136,Alice,Consumer,Philadelphia,PA,EE. UU.
4968,Johnny,Consumer,La Crosse,WI,EE. UU.
9609,Mary,Consumer,Houston,TX,EE. UU.
2631,Mary,Consumer,Ithaca,NY,EE. UU.
5659,Betty,Consumer,Sheboygan,WI,EE. UU.
11378,Mary,Consumer,Anaheim,CA,EE. UU.
6540,John,Consumer,Phoenix,AZ,EE. UU.
4503,Mary,Consumer,Saint Paul,MN,EE. UU.
8865,Kevin,Consumer,Philadelphia,PA,EE. UU.
2812,Mark,Consumer,Raleigh,NC,EE. UU.
8756,Mary,Consumer,Spokane,WA,EE. UU.
6620,Elizabeth,Consumer,Bountiful,UT,EE. UU.
2144,Mary,Consumer,Kenner,LA,EE. UU.
9886,Mary,Consumer,Pomona,CA,EE. UU.
6703,Mary,Consumer,Columbus,GA,EE. UU.
285,Shirley,Consumer,Lancaster,CA,EE. UU.
1723,Daniel,Consumer,Moreno Valley,CA,EE. UU.
2350,Brian,Consumer,West Haven,CT,EE. UU.
4512,Jane,Consumer,San Diego,CA,EE. UU.
11808,Sharon,Consumer,Hollister,CA,EE. UU.
7573,Bobby,Consumer,Dubuque,IA,EE. UU.
2895,Dylan,Consumer,Houston,TX,EE. UU.
3724,Michelle,Consumer,Douglasville,GA,EE. UU.
9816,Terry,Consumer,Honolulu,HI,EE. UU.
12193,Helen,Consumer,Los Angeles,CA,EE. UU.
9882,Mary,Consumer,Middletown,CT,EE. UU.
8154,Dennis,Consumer,Mission Viejo,CA,EE. UU.
2348,Mary,Consumer,El Paso,TX,EE. UU.
3583,Jacqueline,Consumer,Goleta,CA,EE. UU.
4432,Kenneth,Consumer,Wheaton,IL,EE. UU.
3673,Matthew,Consumer,Bell Gardens,CA,EE. UU.
1893,Mary,Consumer,Chino,CA,EE. UU.
4245,Steven,Consumer,Columbia,TN,EE. UU.
2252,Mary,Consumer,Bronx,NY,EE. UU.
2865,Carol,Consumer,Wichita,KS,EE. UU.
845,Catherine,Consumer,Carlsbad,CA,EE. UU.
1284,Mary,Consumer,Chino Hills,CA,EE. UU.
10273,Mary,Consumer,Memphis,TN,EE. UU.
10450,Margaret,Consumer,Tucson,AZ,EE. UU.
4206,Mary,Consumer,Strongsville,OH,EE. UU.
977,Virginia,Consumer,Garden Grove,CA,EE. UU.
1740,Mary,Consumer,Virginia Beach,VA,EE. UU.
6251,Mary,Consumer,Madera,CA,EE. UU.
6587,Heather,Consumer,Lancaster,PA,EE. UU.
1527,Mary,Consumer,Alameda,CA,EE. UU.
10501,Jennifer,Consumer,Plymouth,MA,EE. UU.
936,Mary,Consumer,Winnetka,CA,EE. UU.
8811,Christine,Consumer,Houston,TX,EE. UU.
869,Mary,Consumer,Ontario,CA,EE. UU.
3557,Benjamin,Consumer,Las Vegas,NV,EE. UU.
2116,Daniel,Consumer,New Brunswick,NJ,EE. UU.
7242,Mary,Consumer,Princeton,NJ,EE. UU.
3098,Mary,Consumer,Newburgh,NY,EE. UU.
11428,Raymond,Consumer,Fort Worth,TX,EE. UU.
3571,Laura,Consumer,Harlingen,TX,EE. UU.
8230,Judy,Consumer,Carlisle,PA,EE. UU.
183,Wayne,Consumer,Hayward,CA,EE. UU.
4745,Mary,Consumer,Antioch,TN,EE. UU.
909,Laura,Consumer,Kent,WA,EE. UU.
4877,Mary,Consumer,New Brunswick,NJ,EE. UU.
598,Mary,Consumer,Paramount,CA,EE. UU.
5858,John,Consumer,Chicago,IL,EE. UU.
3161,Barbara,Consumer,Phoenix,AZ,EE. UU.
11861,Brittany,Consumer,Saint Paul,MN,EE. UU.
1518,Jessica,Consumer,Baltimore,MD,EE. UU.
11025,Mary,Consumer,Chicago,IL,EE. UU.
6615,Mary,Consumer,Olathe,KS,EE. UU.
1232,Betty,Consumer,Peoria,AZ,EE. UU.
579,Mary,Consumer,New Orleans,LA,EE. UU.
7218,Mary,Consumer,Brooklyn,NY,EE. UU.
11421,Tiffany,Consumer,New Orleans,LA,EE. UU.
6415,Terry,Consumer,Lindenhurst,NY,EE. UU.
9249,Jonathan,Consumer,Panorama City,CA,EE. UU.
4883,Vincent,Consumer,Baltimore,MD,EE. UU.
2061,Mary,Consumer,Memphis,TN,EE. UU.
8145,Debra,Consumer,Gilroy,CA,EE. UU.
5485,Kathy,Consumer,Corona,CA,EE. UU.
3468,Mary,Consumer,San Francisco,CA,EE. UU.
1233,Mary,Consumer,Winnetka,CA,EE. UU.
3430,Alice,Consumer,Houston,TX,EE. UU.
1074,Mary,Consumer,San Pedro,CA,EE. UU.
6795,Mary,Consumer,Granada Hills,CA,EE. UU.
10835,Mary,Consumer,New Orleans,LA,EE. UU.
9907,Steven,Consumer,Nashville,TN,EE. UU.
10547,Amy,Consumer,Bronx,NY,EE. UU.
2139,Mary,Consumer,Los Angeles,CA,EE. UU.
2174,Rachel,Consumer,Brooklyn,NY,EE. UU.
7020,Mary,Consumer,Lancaster,PA,EE. UU.
7752,Jonathan,Consumer,Carlisle,PA,EE. UU.
10431,Mary,Consumer,South Gate,CA,EE. UU.
5888,Donald,Consumer,Jamaica,NY,EE. UU.
1932,Shirley,Consumer,Irving,TX,EE. UU.
866,James,Consumer,Quincy,IL,EE. UU.
11160,Rachel,Consumer,Long Beach,CA,EE. UU.
7997,Kimberly,Consumer,Howell,MI,EE. UU.
3726,Robert,Consumer,Simi Valley,CA,EE. UU.
6704,John,Consumer,Oregon City,OR,EE. UU.
11963,Mary,Consumer,Lombard,IL,EE. UU.
4454,Robert,Consumer,San Ramon,CA,EE. UU.
2591,Patricia,Consumer,Dallas,TX,EE. UU.
5478,Megan,Consumer,Temecula,CA,EE. UU.
11443,Mary,Consumer,Elyria,OH,EE. UU.
5257,Denise,Consumer,College Station,TX,EE. UU.
2544,Mary,Consumer,Hanover,PA,EE. UU.
5529,Mary,Consumer,Hilliard,OH,EE. UU.
5363,Mary,Consumer,Jackson,MI,EE. UU.
2803,Mary,Consumer,Portland,OR,EE. UU.
9746,Mary,Consumer,Reseda,CA,EE. UU.
4550,Patricia,Consumer,Rome,NY,EE. UU.
11561,Billy,Consumer,Henrico,VA,EE. UU.
7638,Mary,Consumer,El Paso,TX,EE. UU.
8105,Mary,Consumer,Mesa,AZ,EE. UU.
10157,Mary,Consumer,Detroit,MI,EE. UU.
10545,Kenneth,Consumer,West Chester,PA,EE. UU.
6544,Mary,Consumer,Pekin,IL,EE. UU.
9679,Mary,Consumer,New Orleans,LA,EE. UU.
7429,Mark,Consumer,Houston,TX,EE. UU.
12020,Dorothy,Consumer,Pharr,TX,EE. UU.
6380,Mary,Consumer,Chicago,IL,EE. UU.
9667,Eric,Consumer,Garden Grove,CA,EE. UU.
5314,Karen,Consumer,Everett,WA,EE. UU.
6457,Dorothy,Consumer,Jersey City,NJ,EE. UU.
12263,Larry,Consumer,Roswell,NM,EE. UU.
5754,Carol,Consumer,San Antonio,TX,EE. UU.
12239,Crystal,Consumer,Las Cruces,NM,EE. UU.
7410,Mary,Consumer,Quincy,IL,EE. UU.
7893,Lisa,Consumer,Porterville,CA,EE. UU.
768,Mary,Consumer,Indio,CA,EE. UU.
7041,Nancy,Consumer,Elmhurst,IL,EE. UU.
9736,Mary,Consumer,Las Vegas,NV,EE. UU.
1138,Mary,Consumer,Mount Pleasant,MI,EE. UU.
7493,Mary,Consumer,South Ozone Park,NY,EE. UU.
5772,Andrea,Consumer,Hampton,VA,EE. UU.
864,Raymond,Consumer,Plano,TX,EE. UU.
7684,Evelyn,Consumer,Brentwood,NY,EE. UU.
317,Deborah,Consumer,Wayne,NJ,EE. UU.
8227,Jacob,Consumer,Bay Shore,NY,EE. UU.
3039,Susan,Consumer,Sunnyvale,CA,EE. UU.
8167,Betty,Consumer,Rochester,NY,EE. UU.
2534,Walter,Consumer,Morrisville,PA,EE. UU.
8028,Donald,Consumer,Arlington,TX,EE. UU.
9267,Mary,Consumer,Chicago,IL,EE. UU.
12251,Mary,Consumer,Los Angeles,CA,EE. UU.
4473,Christine,Consumer,West Chester,PA,EE. UU.
4665,Jessica,Consumer,Escondido,CA,EE. UU.
1242,Mary,Consumer,O Fallon,MO,EE. UU.
8571,Jason,Consumer,Fort Lauderdale,FL,EE. UU.
9230,Dorothy,Consumer,Columbus,OH,EE. UU.
11274,Mary,Consumer,Upland,CA,EE. UU.
9750,Mary,Consumer,Woodside,NY,EE. UU.
6570,Mary,Consumer,Mentor,OH,EE. UU.
7150,Mary,Consumer,Algonquin,IL,EE. UU.
9776,Diane,Consumer,Endicott,NY,EE. UU.
7724,Raymond,Consumer,Morganton,NC,EE. UU.
2067,Donald,Consumer,Columbia,MO,EE. UU.
11710,Jacob,Consumer,Hawthorne,CA,EE. UU.
1646,Kenneth,Consumer,Miami,FL,EE. UU.
5117,Grace,Consumer,Honolulu,HI,EE. UU.
10149,Linda,Consumer,Newark,DE,EE. UU.
8234,Kevin,Consumer,Vacaville,CA,EE. UU.
6037,Dorothy,Consumer,Tulare,CA,EE. UU.
7080,Jean,Consumer,Washington,DC,EE. UU.
2941,Brian,Consumer,Bronx,NY,EE. UU.
12256,Victoria,Consumer,Summerville,SC,EE. UU.
12278,Karen,Consumer,Philadelphia,PA,EE. UU.
7958,Jessica,Consumer,Miami,FL,EE. UU.
5910,Mary,Consumer,Long Beach,CA,EE. UU.
9589,Jacqueline,Consumer,Hacienda Heights,CA,EE. UU.
12087,Anna,Consumer,Cordova,TN,EE. UU.
4393,David,Consumer,Columbia,TN,EE. UU.
9378,Jesse,Consumer,Provo,UT,EE. UU.
8698,Mary,Consumer,Oxnard,CA,EE. UU.
7422,Brenda,Consumer,San Jose,CA,EE. UU.
12212,Nathan,Consumer,New York,NY,EE. UU.
12385,Mary,Consumer,Henrico,VA,EE. UU.
12116,Mary,Consumer,West Lafayette,IN,EE. UU.
9498,Mary,Consumer,Cleveland,OH,EE. UU.
8440,Gloria,Consumer,Napa,CA,EE. UU.
8019,Samantha,Consumer,Lodi,CA,EE. UU.
11943,William,Consumer,Detroit,MI,EE. UU.
4778,Amy,Consumer,Bridgeton,NJ,EE. UU.
5923,Mary,Consumer,Highland,CA,EE. UU.
4107,Larry,Consumer,Clearfield,UT,EE. UU.
1792,Roy,Consumer,Jersey City,NJ,EE. UU.
9824,David,Consumer,Ewa Beach,HI,EE. UU.
4554,Brandon,Consumer,Saginaw,MI,EE. UU.
5279,Kathryn,Consumer,Fayetteville,NC,EE. UU.
4476,Mary,Consumer,Brooklyn,NY,EE. UU.
12027,Mary,Consumer,Bell Gardens,CA,EE. UU.
1585,James,Consumer,Dubuque,IA,EE. UU.
6646,Mary,Consumer,Madison,WI,EE. UU.
12006,Anna,Consumer,Mesquite,TX,EE. UU.
4039,Virginia,Consumer,Honolulu,HI,EE. UU.
8496,Thomas,Consumer,South Ozone Park,NY,EE. UU.
7096,Mary,Consumer,Vista,CA,EE. UU.
3268,Mary,Consumer,Baltimore,MD,EE. UU.
4260,Debra,Consumer,Stafford,VA,EE. UU.
5623,Jose,Consumer,Columbus,OH,EE. UU.
4373,Andrea,Consumer,Lockport,NY,EE. UU.
10872,Amber,Consumer,Ballwin,MO,EE. UU.
7579,Mary,Consumer,Phoenix,AZ,EE. UU.
8475,Jane,Consumer,Chicago,IL,EE. UU.
3166,Donald,Consumer,Fort Lauderdale,FL,EE. UU.
7639,Hannah,Consumer,Columbus,OH,EE. UU.
4038,Mary,Consumer,Waukegan,IL,EE. UU.
1623,Christopher,Consumer,Strongsville,OH,EE. UU.
10379,Robert,Consumer,North Hollywood,CA,EE. UU.
6204,Mary,Consumer,Quincy,MA,EE. UU.
2887,Elizabeth,Consumer,Madera,CA,EE. UU.
9520,Mary,Consumer,Visalia,CA,EE. UU.
5358,Mary,Consumer,Pacoima,CA,EE. UU.
4658,Sarah,Consumer,Seattle,WA,EE. UU.
9804,Jennifer,Consumer,Memphis,TN,EE. UU.
9669,Samantha,Consumer,Cleveland,OH,EE. UU.
8428,Walter,Consumer,Fort Worth,TX,EE. UU.
5039,Christopher,Consumer,Englewood,CO,EE. UU.
6451,Martha,Consumer,Greenville,NC,EE. UU.
14327,Emma,Consumer,Painesville,OH,EE. UU.
13471,Moana,Consumer,Milford,CT,EE. UU.
14691,Gillian,Consumer,Philadelphia,PA,EE. UU.
11301,Helen,Consumer,Winter Park,FL,EE. UU.
9969,Mary,Consumer,Columbus,OH,EE. UU.
12161,Mary,Consumer,Yuma,AZ,EE. UU.
12798,Heather,Consumer,Diamond Bar,CA,EE. UU.
6096,Brenda,Consumer,Sun Valley,CA,EE. UU.
9820,Mary,Consumer,Germantown,MD,EE. UU.
3680,David,Consumer,Aurora,IL,EE. UU.
7850,Mary,Consumer,O Fallon,MO,EE. UU.
4205,Kevin,Consumer,Brooklyn,NY,EE. UU.
7914,Mary,Consumer,Annapolis,MD,EE. UU.
12819,Ila,Consumer,Huntington Beach,CA,EE. UU.
7753,Mary,Consumer,Columbus,OH,EE. UU.
4282,Mary,Consumer,Lancaster,PA,EE. UU.
2618,Nicole,Consumer,Milpitas,CA,EE. UU.
4843,Mary,Consumer,Glendale,AZ,EE. UU.
4439,Mary,Consumer,Billings,MT,EE. UU.
12896,Ria,Consumer,Milford,CT,EE. UU.
11359,Mary,Consumer,San Pablo,CA,EE. UU.
7122,Teresa,Consumer,New York,NY,EE. UU.
2169,Betty,Consumer,San Marcos,CA,EE. UU.
1546,Nicole,Consumer,Corona,CA,EE. UU.
4762,Cynthia,Consumer,Ypsilanti,MI,EE. UU.
10247,Mary,Consumer,Lilburn,GA,EE. UU.
396,Deborah,Consumer,Richmond,TX,EE. UU.
5721,Roger,Consumer,Westland,MI,EE. UU.
801,Elizabeth,Consumer,Vista,CA,EE. UU.
6200,Brenda,Consumer,Seattle,WA,EE. UU.
5835,Justin,Consumer,Livermore,CA,EE. UU.
9250,Mary,Consumer,Detroit,MI,EE. UU.
10584,Mary,Consumer,Los Angeles,CA,EE. UU.
4547,Mary,Consumer,Van Nuys,CA,EE. UU.
3619,Samantha,Consumer,West Haven,CT,EE. UU.
11558,Joyce,Consumer,Los Angeles,CA,EE. UU.
8737,Mary,Consumer,Costa Mesa,CA,EE. UU.
11224,Mary,Consumer,Billings,MT,EE. UU.
18843,Karly,Consumer,Brooklyn,NY,EE. UU.
9391,Jennifer,Consumer,Beaverton,OR,EE. UU.
7038,Christopher,Consumer,Lancaster,PA,EE. UU.
11588,Lawrence,Consumer,Chicago,IL,EE. UU.
15942,Sade,Consumer,Phoenix,AZ,EE. UU.
8421,Mary,Consumer,Van Nuys,CA,EE. UU.
4654,Alexander,Consumer,Oakland,CA,EE. UU.
17709,Willow,Consumer,Brownsville,TX,EE. UU.
17671,Zia,Consumer,Carrollton,TX,EE. UU.
17527,Evangeline,Consumer,Mesquite,TX,EE. UU.
6206,Mary,Consumer,Cerritos,CA,EE. UU.
5003,Mary,Consumer,Laguna Niguel,CA,EE. UU.
7333,Julia,Consumer,Richardson,TX,EE. UU.
9216,Kyle,Consumer,Brooklyn,NY,EE. UU.
17862,Fallon,Consumer,Honolulu,HI,EE. UU.
11843,Michelle,Consumer,Las Vegas,NV,EE. UU.
9034,Paul,Consumer,Pomona,CA,EE. UU.
11540,Doris,Consumer,Fresno,CA,EE. UU.
11981,Mary,Consumer,Baltimore,MD,EE. UU.
8392,Janet,Consumer,Bountiful,UT,EE. UU.
2321,Mary,Consumer,Houston,TX,EE. UU.
9227,Mary,Consumer,Wilkes Barre,PA,EE. UU.
11140,Mary,Consumer,Anaheim,CA,EE. UU.
2218,Jacqueline,Consumer,Escondido,CA,EE. UU.
11456,Michael,Consumer,New Albany,IN,EE. UU.
10772,Mary,Consumer,Carol Stream,IL,EE. UU.
2688,Mary,Consumer,Irving,TX,EE. UU.
9939,Mary,Consumer,Dallas,TX,EE. UU.
11255,Mary,Consumer,Martinez,CA,EE. UU.
12111,Amber,Consumer,Santa Cruz,CA,EE. UU.
5499,Karen,Consumer,Paramount,CA,EE. UU.
8750,Mary,Consumer,Vista,CA,EE. UU.
2104,Mary,Consumer,Reynoldsburg,OH,EE. UU.
8774,Frances,Consumer,Dallas,TX,EE. UU.
2043,Mary,Consumer,Medina,OH,EE. UU.
409,Kevin,Consumer,Greensboro,NC,EE. UU.
10503,Janice,Consumer,Dallas,TX,EE. UU.
3248,Janet,Consumer,Edison,NJ,EE. UU.
5717,Robert,Consumer,Bakersfield,CA,EE. UU.
1600,Mary,Consumer,El Cajon,CA,EE. UU.
7421,Mary,Consumer,Dallas,TX,EE. UU.
6532,Mary,Consumer,Phoenix,AZ,EE. UU.
8988,Mary,Consumer,Pekin,IL,EE. UU.
10636,Mary,Consumer,New Albany,IN,EE. UU.
6732,Mary,Consumer,Honolulu,HI,EE. UU.
13095,Dana,Consumer,Greenville,NC,EE. UU.
14538,Darrel,Consumer,Tustin,CA,EE. UU.
14286,Yvette,Consumer,Detroit,MI,EE. UU.
14587,Caryn,Consumer,Decatur,GA,EE. UU.
13286,Shelley,Consumer,North Bergen,NJ,EE. UU.
14285,Ina,Consumer,Salinas,CA,EE. UU.
14657,Isabella,Consumer,Englewood,CO,EE. UU.
13157,Idola,Consumer,Lancaster,SC,EE. UU.
14473,Hannah,Consumer,Rancho Cordova,CA,EE. UU.
14632,Vielka,Consumer,Pompano Beach,FL,EE. UU.
5119,Brenda,Consumer,San Diego,CA,EE. UU.
1460,George,Consumer,Santa Cruz,CA,EE. UU.
1054,Barbara,Consumer,Chicago,IL,EE. UU.
11119,Doris,Consumer,Saint Louis,MO,EE. UU.
5137,James,Consumer,Riverside,CA,EE. UU.
7920,Mary,Consumer,Plymouth,MA,EE. UU.
10514,Mary,Consumer,Riverside,CA,EE. UU.
9666,Mary,Consumer,College Station,TX,EE. UU.
14825,Karina,Consumer,Memphis,TN,EE. UU.
13824,Clementine,Consumer,Virginia Beach,VA,EE. UU.
3257,Julia,Consumer,Columbia,SC,EE. UU.
37,Virginia,Consumer,Norfolk,VA,EE. UU.
10907,John,Consumer,Michigan City,IN,EE. UU.
1547,Henry,Consumer,Phoenix,AZ,EE. UU.
6997,Mary,Consumer,Fresno,CA,EE. UU.
7197,Denise,Consumer,Saginaw,MI,EE. UU.
4583,Terry,Consumer,Sanford,NC,EE. UU.
14730,Ayanna,Consumer,San Diego,CA,EE. UU.
9370,Douglas,Consumer,Gaithersburg,MD,EE. UU.
8300,Mary,Consumer,Santa Ana,CA,EE. UU.
14891,Cara,Consumer,Carol Stream,IL,EE. UU.
2486,Anna,Consumer,Philadelphia,PA,EE. UU.
13548,Jescie,Consumer,Saint Paul,MN,EE. UU.
6686,Mary,Consumer,Saint Paul,MN,EE. UU.
13888,Nayda,Consumer,Plainfield,NJ,EE. UU.
13995,Shannon,Consumer,Aurora,CO,EE. UU.
6322,Richard,Consumer,Hanford,CA,EE. UU.
14849,Sydney,Consumer,Virginia Beach,VA,EE. UU.
8385,Justin,Consumer,Methuen,MA,EE. UU.
13595,Mia,Consumer,Stone Mountain,GA,EE. UU.
13613,Amity,Consumer,Far Rockaway,NY,EE. UU.
13612,Reagan,Consumer,Chula Vista,CA,EE. UU.
8814,Brian,Consumer,Vallejo,CA,EE. UU.
8210,Mary,Consumer,Los Angeles,CA,EE. UU.
11046,Scott,Consumer,Hialeah,FL,EE. UU.
12269,Mary,Consumer,Seattle,WA,EE. UU.
1223,Richard,Consumer,Bronx,NY,EE. UU.
1933,Eric,Consumer,Brighton,MA,EE. UU.
12371,Mary,Consumer,San Diego,CA,EE. UU.
4661,Mildred,Consumer,Weslaco,TX,EE. UU.
545,Joe,Consumer,El Cajon,CA,EE. UU.
9171,Mary,Consumer,Virginia Beach,VA,EE. UU.
11016,George,Consumer,Fond Du Lac,WI,EE. UU.
924,Willie,Consumer,Eugene,OR,EE. UU.
3250,Richard,Consumer,Bell Gardens,CA,EE. UU.
10410,Randy,Consumer,Santa Ana,CA,EE. UU.
14944,Emi,Consumer,Ann Arbor,MI,EE. UU.
15033,Quin,Consumer,Walnut,CA,EE. UU.
15027,Fredericka,Consumer,Dallas,TX,EE. UU.
15044,Selma,Consumer,Philadelphia,PA,EE. UU.
15002,Ainsley,Consumer,Merced,CA,EE. UU.
10478,Aaron,Consumer,Salt Lake City,UT,EE. UU.
11768,Virginia,Consumer,Miami,FL,EE. UU.
5287,Margaret,Consumer,Bronx,NY,EE. UU.
12364,Judy,Consumer,Atlanta,GA,EE. UU.
10825,John,Consumer,Jamaica,NY,EE. UU.
8563,Mary,Consumer,Atlanta,GA,EE. UU.
6642,Mary,Consumer,Florissant,MO,EE. UU.
267,Richard,Consumer,Columbus,OH,EE. UU.
8094,Gregory,Consumer,Milwaukee,WI,EE. UU.
11347,Ruth,Consumer,San Jose,CA,EE. UU.
2009,Philip,Consumer,Opa Locka,FL,EE. UU.
11441,Mary,Consumer,Lutz,FL,EE. UU.
3078,Mary,Consumer,Las Vegas,NV,EE. UU.
11499,Mary,Consumer,Brooklyn,NY,EE. UU.
10162,Joseph,Consumer,Compton,CA,EE. UU.
12109,Mary,Consumer,Mission Viejo,CA,EE. UU.
2530,Walter,Consumer,Peabody,MA,EE. UU.
1021,Hannah,Consumer,Newburgh,NY,EE. UU.
10398,Mary,Consumer,Stamford,CT,EE. UU.
7029,Christina,Consumer,North Hollywood,CA,EE. UU.
9354,Bruce,Consumer,Roswell,GA,EE. UU.
645,Mary,Consumer,Cupertino,CA,EE. UU.
5370,Andrew,Consumer,San Diego,CA,EE. UU.
2051,Maria,Consumer,Philadelphia,PA,EE. UU.
9214,Mary,Consumer,Philadelphia,PA,EE. UU.
2621,Robert,Consumer,Philadelphia,PA,EE. UU.
5667,Mary,Consumer,Ewa Beach,HI,EE. UU.
1020,Mary,Consumer,Quincy,MA,EE. UU.
4999,Virginia,Consumer,San Bernardino,CA,EE. UU.
11178,Laura,Consumer,Portland,OR,EE. UU.
5479,Mary,Consumer,Columbia,SC,EE. UU.
11432,Mary,Consumer,Stockton,CA,EE. UU.
1860,Christopher,Consumer,Fresno,CA,EE. UU.
9217,Mary,Consumer,Meridian,ID,EE. UU.
269,Jeffrey,Consumer,Chicago,IL,EE. UU.
5678,Nathan,Consumer,Palmdale,CA,EE. UU.
611,Lisa,Consumer,El Cajon,CA,EE. UU.
5755,Marie,Consumer,Chicago,IL,EE. UU.
1685,Cheryl,Consumer,Chicago,IL,EE. UU.
16459,Reagan,Consumer,Round Rock,TX,EE. UU.
19187,Sybill,Consumer,Garden Grove,CA,EE. UU.
16542,Dorothy,Consumer,North Hills,CA,EE. UU.
15825,Dana,Consumer,Pittsfield,MA,EE. UU.
15783,Kelsie,Consumer,El Paso,TX,EE. UU.
15704,Gwendolyn,Consumer,Baltimore,MD,EE. UU.
10779,Christine,Consumer,Milwaukee,WI,EE. UU.
6400,Charles,Consumer,Miami,FL,EE. UU.
7854,Mary,Consumer,Chicago,IL,EE. UU.
18283,Chantale,Consumer,Laguna Niguel,CA,EE. UU.
17416,Dacey,Consumer,San Bernardino,CA,EE. UU.
17505,Dahlia,Consumer,Detroit,MI,EE. UU.
17923,Sarah,Consumer,Los Angeles,CA,EE. UU.
18013,Jescie,Consumer,Chillicothe,OH,EE. UU.
17683,Rhoda,Consumer,Atlanta,GA,EE. UU.
20623,Kirestin,Consumer,Chicago,IL,EE. UU.
16089,Sydnee,Consumer,Princeton,NJ,EE. UU.
11077,Andrew,Consumer,New Orleans,LA,EE. UU.
20657,Audrey,Consumer,Wyandotte,MI,EE. UU.
1094,Sean,Consumer,Bloomfield,NJ,EE. UU.
17971,Ria,Consumer,Bronx,NY,EE. UU.
5769,Frank,Consumer,Mcallen,TX,EE. UU.
602,Rebecca,Consumer,Brooklyn,NY,EE. UU.
20707,Brittany,Consumer,Greeley,CO,EE. UU.
5827,Angela,Consumer,Seattle,WA,EE. UU.
3096,Stephanie,Consumer,Lynn,MA,EE. UU.
3112,Kimberly,Consumer,Milwaukee,WI,EE. UU.
1978,Mary,Consumer,Los Angeles,CA,EE. UU.
17949,Buffy,Consumer,Raleigh,NC,EE. UU.
18432,Regan,Consumer,Moreno Valley,CA,EE. UU.
16044,Yael,Consumer,Brooklyn,NY,EE. UU.
17927,Amber,Consumer,Waukegan,IL,EE. UU.
38,Mary,Consumer,Opelousas,LA,EE. UU.
18482,Kai,Consumer,Hialeah,FL,EE. UU.
965,Sean,Consumer,Jonesboro,AR,EE. UU.
6518,Mary,Consumer,Warren,MI,EE. UU.
3389,Mary,Consumer,Pittsfield,MA,EE. UU.
10317,Mary,Consumer,Moreno Valley,CA,EE. UU.
15413,Briar,Consumer,Baltimore,MD,EE. UU.
15590,Winifred,Consumer,Chicago,IL,EE. UU.
15571,Jolie,Consumer,Houston,TX,EE. UU.
15553,Galena,Consumer,Rowland Heights,CA,EE. UU.
15462,Cally,Consumer,Augusta,GA,EE. UU.
15318,Jaime,Consumer,Amarillo,TX,EE. UU.
15619,Jael,Consumer,Buffalo,NY,EE. UU.
5911,Andrew,Consumer,Burnsville,MN,EE. UU.
2045,Katherine,Consumer,Methuen,MA,EE. UU.
3117,Jacob,Consumer,Rowland Heights,CA,EE. UU.
678,Cheryl,Consumer,Amarillo,TX,EE. UU.
1374,Patricia,Consumer,Miami,FL,EE. UU.
7721,Mary,Consumer,San Francisco,CA,EE. UU.
9518,Danielle,Consumer,Memphis,TN,EE. UU.
16116,Ivana,Consumer,Aurora,IL,EE. UU.
19810,Patience,Consumer,Philadelphia,PA,EE. UU.
20313,Hope,Consumer,Sunnyvale,CA,EE. UU.
20348,Tatyana,Consumer,Tallahassee,FL,EE. UU.
17040,Haviva,Consumer,San Antonio,TX,EE. UU.
20073,Shay,Consumer,Portland,OR,EE. UU.
16304,Cherokee,Consumer,Chandler,AZ,EE. UU.
17253,Dacey,Consumer,Virginia Beach,VA,EE. UU.
20321,Tara,Consumer,Spokane,WA,EE. UU.
16118,Farrah,Consumer,Philadelphia,PA,EE. UU.
18577,Iris,Consumer,South San Francisco,CA,EE. UU.
15197,Carolyn,Consumer,Taylor,MI,EE. UU.
6909,Mary,Consumer,Florissant,MO,EE. UU.
784,Mary,Consumer,Los Angeles,CA,EE. UU.
2902,Megan,Consumer,Loveland,OH,EE. UU.
1321,Shirley,Consumer,Santa Clara,CA,EE. UU.
10195,Mary,Consumer,Tempe,AZ,EE. UU.
365,Shirley,Consumer,Garden Grove,CA,EE. UU.
7856,Andrew,Consumer,Chicago,IL,EE. UU.
2405,Emily,Consumer,Aurora,IL,EE. UU.
120,Nancy,Consumer,Bronx,NY,EE. UU.
6339,Mary,Consumer,Porterville,CA,EE. UU.
3647,Grace,Consumer,Cumberland,MD,EE. UU.
5235,Mary,Consumer,East Brunswick,NJ,EE. UU.
11774,Mary,Consumer,Lithonia,GA,EE. UU.
9425,Mary,Consumer,Detroit,MI,EE. UU.
9522,Mary,Consumer,Simi Valley,CA,EE. UU.
1199,Mary,Consumer,Philadelphia,PA,EE. UU.
12227,Mary,Consumer,Santa Maria,CA,EE. UU.
3941,James,Consumer,Phoenix,AZ,EE. UU.
3837,Mary,Consumer,Aurora,CO,EE. UU.
4817,Mary,Consumer,Chicago,IL,EE. UU.
4791,Mary,Consumer,Hialeah,FL,EE. UU.
6777,Denise,Consumer,Cumberland,MD,EE. UU.
4015,Sharon,Consumer,Rancho Cucamonga,CA,EE. UU.
7548,Mary,Consumer,Hollywood,FL,EE. UU.
7312,Mary,Consumer,Union City,CA,EE. UU.
11512,Mary,Consumer,Memphis,TN,EE. UU.
4149,Mary,Consumer,Ithaca,NY,EE. UU.
1463,Mark,Consumer,Tampa,FL,EE. UU.
1465,Mary,Consumer,Wayne,NJ,EE. UU.
11594,Mary,Consumer,New York,NY,EE. UU.
8070,Mary,Consumer,Eugene,OR,EE. UU.
6860,Joseph,Consumer,Potomac,MD,EE. UU.
2208,Mary,Consumer,Albuquerque,NM,EE. UU.
3019,Madison,Consumer,Morristown,NJ,EE. UU.
3184,Tyler,Consumer,Broken Arrow,OK,EE. UU.
9646,Mary,Consumer,Laredo,TX,EE. UU.
715,Mary,Consumer,Dubuque,IA,EE. UU.
1579,Larry,Consumer,Brighton,MA,EE. UU.
10033,Mary,Consumer,San Marcos,TX,EE. UU.
4740,Willie,Consumer,Greenville,NC,EE. UU.
4780,Mary,Consumer,Honolulu,HI,EE. UU.
2725,Mary,Consumer,Stone Mountain,GA,EE. UU.
8632,William,Consumer,Washington,DC,EE. UU.
7125,Mary,Consumer,Ontario,CA,EE. UU.
9847,Mary,Consumer,Normal,IL,EE. UU.
1999,Sarah,Consumer,Princeton,NJ,EE. UU.
5851,Raymond,Consumer,Brooklyn,NY,EE. UU.
10382,Mary,Consumer,Santa Ana,CA,EE. UU.
6321,Mary,Consumer,West New York,NJ,EE. UU.
7032,Mary,Consumer,Memphis,TN,EE. UU.
8052,Pamela,Consumer,La Mesa,CA,EE. UU.
2142,Mary,Consumer,East Lansing,MI,EE. UU.
1390,Justin,Consumer,Phoenix,AZ,EE. UU.
8523,Melissa,Consumer,Las Cruces,NM,EE. UU.
12091,Lisa,Consumer,Tampa,FL,EE. UU.
9074,Margaret,Consumer,Gardena,CA,EE. UU.
8522,Mary,Consumer,Findlay,OH,EE. UU.
6461,Patricia,Consumer,Salem,OR,EE. UU.
9061,Mary,Consumer,Cary,NC,EE. UU.
2626,Laura,Consumer,Oceanside,CA,EE. UU.
1178,Charles,Consumer,Hialeah,FL,EE. UU.
1157,Anthony,Consumer,Hilliard,OH,EE. UU.
6472,Albert,Consumer,Waipahu,HI,EE. UU.
2597,Brandon,Consumer,Walnut,CA,EE. UU.
11987,Mary,Consumer,Norcross,GA,EE. UU.
12125,Lauren,Consumer,Tucson,AZ,EE. UU.
7336,Rose,Consumer,Miami,FL,EE. UU.
7649,Mary,Consumer,Chicago,IL,EE. UU.
9161,Mary,Consumer,Elk Grove,CA,EE. UU.
2366,Mary,Consumer,Lakewood,OH,EE. UU.
8930,Jordan,Consumer,Memphis,TN,EE. UU.
10932,Michael,Consumer,Arlington,VA,EE. UU.
9644,Mary,Consumer,Mission Viejo,CA,EE. UU.
6209,Mary,Consumer,Houston,TX,EE. UU.
12089,Ruth,Consumer,Troy,MI,EE. UU.
13239,Halla,Consumer,Miami,FL,EE. UU.
14594,Darryl,Consumer,Fontana,CA,EE. UU.
14131,Wynter,Consumer,Saint Paul,MN,EE. UU.
13418,Florence,Consumer,New Albany,IN,EE. UU.
14253,Raya,Consumer,Florissant,MO,EE. UU.
13252,Emily,Consumer,Miami,FL,EE. UU.
14126,Jael,Consumer,Bolingbrook,IL,EE. UU.
14679,April,Consumer,Redmond,WA,EE. UU.
14161,Kendall,Consumer,Brooklyn,NY,EE. UU.
13431,Melyssa,Consumer,Richmond,IN,EE. UU.
13141,Clare,Consumer,Atlanta,GA,EE. UU.
14122,Phyllis,Consumer,Los Angeles,CA,EE. UU.
13409,Victoria,Consumer,Cleveland,OH,EE. UU.
14121,Iona,Consumer,Chicago,IL,EE. UU.
14282,Destiny,Consumer,Pittsfield,MA,EE. UU.
13407,Lois,Consumer,Douglasville,GA,EE. UU.
13081,Willa,Consumer,Cupertino,CA,EE. UU.
13476,Cheryl,Consumer,San Francisco,CA,EE. UU.
13386,Caryn,Consumer,Las Vegas,NV,EE. UU.
14061,Alfreda,Consumer,Chicago,IL,EE. UU.
10723,Theresa,Consumer,San Pablo,CA,EE. UU.
4590,Michael,Consumer,Buffalo,NY,EE. UU.
10706,Joshua,Consumer,Visalia,CA,EE. UU.
3041,Mary,Consumer,Chicago,IL,EE. UU.
11549,Mary,Consumer,Palmdale,CA,EE. UU.
8847,Ruth,Consumer,Baltimore,MD,EE. UU.
274,Mary,Consumer,San Antonio,TX,EE. UU.
11257,Heather,Consumer,Folsom,CA,EE. UU.
11293,Shirley,Consumer,Chambersburg,PA,EE. UU.
7195,Evelyn,Consumer,Newark,NJ,EE. UU.
8905,Donna,Consumer,Augusta,GA,EE. UU.
2820,Roy,Consumer,Chicago,IL,EE. UU.
142,Heather,Consumer,Opa Locka,FL,EE. UU.
7082,Adam,Consumer,Fort Lauderdale,FL,EE. UU.
643,Tammy,Consumer,New Orleans,LA,EE. UU.
472,Mary,Consumer,Bellflower,CA,EE. UU.
847,Jerry,Consumer,San Diego,CA,EE. UU.
5122,Mary,Consumer,Bayonne,NJ,EE. UU.
187,Mildred,Consumer,Antioch,CA,EE. UU.
2532,Charles,Consumer,Carrollton,TX,EE. UU.
11868,Mary,Consumer,Canyon Country,CA,EE. UU.
9088,Mary,Consumer,Encinitas,CA,EE. UU.
12103,Mary,Consumer,San Benito,TX,EE. UU.
11403,Mary,Consumer,Elmhurst,IL,EE. UU.
7746,Howard,Consumer,Chicago,IL,EE. UU.
10836,Sean,Consumer,Normal,IL,EE. UU.
4704,Henry,Consumer,Freeport,NY,EE. UU.
11856,Helen,Consumer,Ventura,CA,EE. UU.
6263,John,Consumer,Roswell,GA,EE. UU.
431,Michael,Consumer,Columbus,OH,EE. UU.
2221,Richard,Consumer,Englewood,CO,EE. UU.
4640,Eric,Consumer,Bronx,NY,EE. UU.
9086,George,Consumer,Philadelphia,PA,EE. UU.
952,Jack,Consumer,Hesperia,CA,EE. UU.
12012,Mary,Consumer,Antioch,CA,EE. UU.
12257,Mary,Consumer,Pompano Beach,FL,EE. UU.
6144,Mary,Consumer,Broken Arrow,OK,EE. UU.
555,Mildred,Consumer,Compton,CA,EE. UU.
10858,Janet,Consumer,Denton,TX,EE. UU.
3521,Joyce,Consumer,Troy,NY,EE. UU.
3088,Amy,Consumer,Milwaukee,WI,EE. UU.
1126,Mary,Consumer,New York,NY,EE. UU.
10792,Frank,Consumer,Winnetka,CA,EE. UU.
3220,Susan,Consumer,Sacramento,CA,EE. UU.
6859,Mary,Consumer,Littleton,CO,EE. UU.
4237,Mary,Consumer,Strongsville,OH,EE. UU.
4855,Tyler,Consumer,San Jose,CA,EE. UU.
700,Mary,Consumer,Chula Vista,CA,EE. UU.
984,Amy,Consumer,Chicago,IL,EE. UU.
1592,Margaret,Consumer,Silver Spring,MD,EE. UU.
6399,Mary,Consumer,Chicago,IL,EE. UU.
11739,Mary,Consumer,La Puente,CA,EE. UU.
206,Mary,Consumer,Pompano Beach,FL,EE. UU.
2720,Michael,Consumer,Ypsilanti,MI,EE. UU.
853,Mary,Consumer,Rowland Heights,CA,EE. UU.
2243,George,Consumer,Redmond,WA,EE. UU.
1109,Mary,Consumer,Marrero,LA,EE. UU.
246,Mary,Consumer,Oak Lawn,IL,EE. UU.
10178,Amy,Consumer,Fayetteville,NC,EE. UU.
31,Mary,Consumer,Albuquerque,NM,EE. UU.
3885,Andrew,Consumer,Palo Alto,CA,EE. UU.
6571,Brenda,Consumer,Dundalk,MD,EE. UU.
2972,Mary,Consumer,Memphis,TN,EE. UU.
10881,Linda,Consumer,Elmhurst,NY,EE. UU.
8425,Kathryn,Consumer,Virginia Beach,VA,EE. UU.
6666,Jean,Consumer,Painesville,OH,EE. UU.
9196,Austin,Consumer,Crystal Lake,IL,EE. UU.
6899,Mary,Consumer,Albuquerque,NM,EE. UU.
6138,Theresa,Consumer,Dearborn,MI,EE. UU.
10022,Alice,Consumer,O Fallon,MO,EE. UU.
8135,Mary,Consumer,Cincinnati,OH,EE. UU.
6890,Nancy,Consumer,Roswell,NM,EE. UU.
5752,Barbara,Consumer,Albuquerque,NM,EE. UU.
4213,Michael,Consumer,Spring Valley,CA,EE. UU.
4303,Mary,Consumer,Honolulu,HI,EE. UU.
8990,Bobby,Consumer,Chicago,IL,EE. UU.
8038,Donald,Consumer,Denton,TX,EE. UU.
212,Roger,Consumer,South Ozone Park,NY,EE. UU.
3809,Melissa,Consumer,Lakewood,NJ,EE. UU.
8742,Mary,Consumer,Columbia,SC,EE. UU.
3527,Mary,Consumer,Hesperia,CA,EE. UU.
8804,Carolyn,Consumer,Moline,IL,EE. UU.
10188,Mary,Consumer,Palo Alto,CA,EE. UU.
4362,Christopher,Consumer,Roswell,GA,EE. UU.
831,Daniel,Consumer,Crystal Lake,IL,EE. UU.
11563,Samuel,Consumer,Denton,TX,EE. UU.
3954,Stephanie,Consumer,Chula Vista,CA,EE. UU.
6283,Joan,Consumer,Compton,CA,EE. UU.
6319,Mary,Consumer,San Jose,CA,EE. UU.
6542,Cynthia,Consumer,Apopka,FL,EE. UU.
89,Sean,Consumer,Escondido,CA,EE. UU.
11933,Maria,Corporate,Citrus Heights,CA,EE. UU.
1833,Ronald,Corporate,Virginia Beach,VA,EE. UU.
74,Alice,Corporate,Jacksonville,NC,EE. UU.
14503,Briar,Corporate,Columbia,MO,EE. UU.
14272,Martha,Corporate,Dallas,TX,EE. UU.
13200,Paula,Corporate,Mililani,HI,EE. UU.
13300,Remedios,Corporate,Plano,TX,EE. UU.
13012,Quincy,Corporate,Houston,TX,EE. UU.
13119,Calista,Corporate,Harlingen,TX,EE. UU.
14490,Veronica,Corporate,Palo Alto,CA,EE. UU.
11562,Mary,Corporate,Colorado Springs,CO,EE. UU.
11379,Kathleen,Corporate,Memphis,TN,EE. UU.
14841,Morgan,Corporate,Aurora,IL,EE. UU.
367,Mary,Corporate,San Francisco,CA,EE. UU.
12196,Mary,Corporate,Cicero,IL,EE. UU.
11489,Dorothy,Corporate,Chicago,IL,EE. UU.
14847,Gail,Corporate,Richmond,KY,EE. UU.
5112,Mary,Corporate,Roseburg,OR,EE. UU.
11267,Dorothy,Corporate,Palmdale,CA,EE. UU.
9768,Edward,Corporate,Goleta,CA,EE. UU.
7067,Mary,Corporate,Sacramento,CA,EE. UU.
9977,Mary,Corporate,Las Vegas,NV,EE. UU.
15103,Christine,Corporate,Sun Valley,CA,EE. UU.
12936,Cally,Corporate,Michigan City,IN,EE. UU.
8031,Richard,Corporate,Richmond,VA,EE. UU.
6110,Mary,Corporate,New York,NY,EE. UU.
9755,Ryan,Corporate,Corona,NY,EE. UU.
11665,William,Corporate,Louisville,KY,EE. UU.
7698,Mary,Corporate,Endicott,NY,EE. UU.
4607,Stephanie,Corporate,Cupertino,CA,EE. UU.
3890,Gregory,Corporate,Aurora,CO,EE. UU.
2736,Lawrence,Corporate,Mount Pleasant,MI,EE. UU.
7451,Sharon,Corporate,Moline,IL,EE. UU.
18163,Cheyenne,Corporate,Freeport,NY,EE. UU.
17904,Whitney,Corporate,Los Angeles,CA,EE. UU.
18139,Kirby,Corporate,Fort Worth,TX,EE. UU.
19104,Ila,Corporate,West Chester,PA,EE. UU.
15768,Cora,Corporate,Stockton,CA,EE. UU.
15815,Alyssa,Corporate,Union City,NJ,EE. UU.
8355,Jonathan,Corporate,Lake Forest,CA,EE. UU.
18498,Lani,Corporate,San Francisco,CA,EE. UU.
18454,Kevyn,Corporate,Clementon,NJ,EE. UU.
5547,Mary,Corporate,Bountiful,UT,EE. UU.
1345,Adam,Corporate,Mentor,OH,EE. UU.
18434,Zenia,Corporate,College Station,TX,EE. UU.
6858,Diana,Corporate,Hialeah,FL,EE. UU.
18867,Heidi,Corporate,Aurora,CO,EE. UU.
8269,Mary,Corporate,Detroit,MI,EE. UU.
18676,Amanda,Corporate,New York,NY,EE. UU.
15548,Kiayada,Corporate,Milwaukee,WI,EE. UU.
233,Hannah,Corporate,Glendale,AZ,EE. UU.
11546,Mary,Corporate,Salina,KS,EE. UU.
3173,Betty,Corporate,Daly City,CA,EE. UU.
17577,Kyla,Corporate,North Richland Hills,TX,EE. UU.
17778,Hedwig,Corporate,Henrico,VA,EE. UU.
15170,Kelsey,Corporate,Valrico,FL,EE. UU.
20109,Bertha,Corporate,Waipahu,HI,EE. UU.
16180,Adrienne,Corporate,Ontario,CA,EE. UU.
16302,Meredith,Corporate,Jacksonville,FL,EE. UU.
20303,Aiko,Corporate,Los Angeles,CA,EE. UU.
6603,Brenda,Corporate,Rancho Cucamonga,CA,EE. UU.
4785,Rachel,Corporate,Kenner,LA,EE. UU.
2159,Kimberly,Corporate,North Richland Hills,TX,EE. UU.
11985,Jennifer,Corporate,Perth Amboy,NJ,EE. UU.
5183,Mary,Corporate,Laredo,TX,EE. UU.
4866,Sean,Corporate,Escondido,CA,EE. UU.
6773,Mary,Corporate,San Jose,CA,EE. UU.
7348,Mary,Corporate,Brownsville,TX,EE. UU.
8067,Karen,Corporate,Virginia Beach,VA,EE. UU.
6100,Joshua,Corporate,Huntington Beach,CA,EE. UU.
6185,Donald,Corporate,Chicago,IL,EE. UU.
6385,Alan,Corporate,Reseda,CA,EE. UU.
4683,Mary,Corporate,Cerritos,CA,EE. UU.
4917,Lauren,Corporate,Chicago,IL,EE. UU.
4628,Mary,Corporate,Duluth,GA,EE. UU.
7897,Megan,Corporate,Temecula,CA,EE. UU.
3578,Christian,Corporate,Fort Lauderdale,FL,EE. UU.
10047,Ruth,Corporate,Eugene,OR,EE. UU.
14566,Jessamine,Corporate,Austin,TX,EE. UU.
12977,Sade,Corporate,Lynwood,CA,EE. UU.
4820,Jennifer,Corporate,Annapolis,MD,EE. UU.
4074,Barbara,Corporate,West Chester,PA,EE. UU.
3699,Charles,Corporate,La Habra,CA,EE. UU.
12748,Xaviera,Corporate,Houston,TX,EE. UU.
1587,Jose,Corporate,Dearborn,MI,EE. UU.
5694,Mary,Corporate,Cary,NC,EE. UU.
4500,Jesse,Corporate,Edinburg,TX,EE. UU.
8361,Mary,Corporate,Ontario,CA,EE. UU.
18261,Jayme,Corporate,Mechanicsburg,PA,EE. UU.
18264,Charlotte,Corporate,El Paso,TX,EE. UU.
2834,Mary,Corporate,Duluth,GA,EE. UU.
1521,Christopher,Corporate,Hawthorne,CA,EE. UU.
2299,Dorothy,Corporate,Phoenix,AZ,EE. UU.
6537,Susan,Corporate,Mission Viejo,CA,EE. UU.
6538,Mark,Corporate,Mililani,HI,EE. UU.
17029,Madonna,Corporate,Princeton,NJ,EE. UU.
20757,Katelyn,Corporate,Miami,FL,EE. UU.
17031,Sophia,Corporate,Wichita,KS,EE. UU.
5373,Patricia,Corporate,Houston,TX,EE. UU.
4898,Joseph,Corporate,Malden,MA,EE. UU.
8159,Rebecca,Corporate,Newark,OH,EE. UU.
1961,Mary,Corporate,Cleveland,OH,EE. UU.
3021,Nancy,Corporate,Flushing,NY,EE. UU.
2180,Shirley,Corporate,Stockbridge,GA,EE. UU.
2944,Mary,Corporate,Salinas,CA,EE. UU.
9683,Mary,Corporate,Riverside,CA,EE. UU.
1031,Alexander,Corporate,Cypress,CA,EE. UU.
7116,Mary,Corporate,Walnut,CA,EE. UU.
8181,Mary,Corporate,Livermore,CA,EE. UU.
10324,Mary,Corporate,Tallahassee,FL,EE. UU.
13382,Aimee,Corporate,La Mesa,CA,EE. UU.
14430,Ainsley,Corporate,Cleveland,OH,EE. UU.
14092,Mikayla,Corporate,Virginia Beach,VA,EE. UU.
13499,Shelley,Corporate,Dallas,TX,EE. UU.
14368,Ria,Corporate,Irving,TX,EE. UU.
14471,Daryl,Corporate,Lockport,NY,EE. UU.
14561,Donna,Corporate,Bend,OR,EE. UU.
13187,Whitney,Corporate,Los Angeles,CA,EE. UU.
13258,Ayanna,Corporate,Rowland Heights,CA,EE. UU.
14096,Christen,Corporate,Sun Valley,CA,EE. UU.
1693,Joe,Corporate,Catonsville,MD,EE. UU.
13896,Lois,Corporate,Santa Cruz,CA,EE. UU.
3822,Mary,Corporate,West Jordan,UT,EE. UU.
14001,Anika,Corporate,Campbell,CA,EE. UU.
14052,Madison,Corporate,Endicott,NY,EE. UU.
10524,Sharon,Corporate,Asheboro,NC,EE. UU.
4856,Mary,Corporate,Woodbridge,VA,EE. UU.
11872,Janet,Corporate,Fullerton,CA,EE. UU.
10400,Carl,Corporate,Denver,CO,EE. UU.
14774,Irma,Corporate,Lindenhurst,NY,EE. UU.
7478,Kimberly,Corporate,Buffalo,NY,EE. UU.
2974,Mary,Corporate,Chicago,IL,EE. UU.
8266,Mary,Corporate,Hayward,CA,EE. UU.
5051,Brenda,Corporate,Fargo,ND,EE. UU.
11317,Ethan,Corporate,Pawtucket,RI,EE. UU.
8978,Emily,Corporate,North Hills,CA,EE. UU.
3210,Richard,Corporate,Escondido,CA,EE. UU.
585,Mary,Corporate,New York,NY,EE. UU.
2676,Jeffrey,Corporate,Bensalem,PA,EE. UU.
12657,Kevyn,Corporate,Columbus,OH,EE. UU.
12839,Lenore,Corporate,Las Vegas,NV,EE. UU.
4573,Mary,Corporate,Salt Lake City,UT,EE. UU.
5942,Walter,Corporate,Philadelphia,PA,EE. UU.
3120,Rose,Corporate,Denver,CO,EE. UU.
5944,Stephen,Corporate,Elmhurst,NY,EE. UU.
11157,Mary,Corporate,York,PA,EE. UU.
6369,Linda,Corporate,Greensboro,NC,EE. UU.
1359,Brittany,Corporate,Canyon Country,CA,EE. UU.
11159,Mary,Corporate,Sylmar,CA,EE. UU.
8615,Mary,Corporate,San Antonio,TX,EE. UU.
11909,Mary,Corporate,Alameda,CA,EE. UU.
9627,Mary,Corporate,Las Vegas,NV,EE. UU.
18092,Nicole,Corporate,Columbus,OH,EE. UU.
18122,Alma,Corporate,Albuquerque,NM,EE. UU.
18266,Raven,Corporate,Hollister,CA,EE. UU.
19269,Madonna,Corporate,Houston,TX,EE. UU.
16601,Lesley,Corporate,Tucson,AZ,EE. UU.
20480,Victoria,Corporate,Brooklyn,NY,EE. UU.
20478,Ingrid,Corporate,Wilkes Barre,PA,EE. UU.
18458,Aubrey,Corporate,Chicago,IL,EE. UU.
298,Mary,Corporate,Chicago,IL,EE. UU.
20475,Naida,Corporate,Norfolk,VA,EE. UU.
17969,Hedwig,Corporate,Morrisville,PA,EE. UU.
7708,Mary,Corporate,Philadelphia,PA,EE. UU.
18395,Chava,Corporate,Rock Hill,SC,EE. UU.
20466,Hannah,Corporate,Bronx,NY,EE. UU.
5303,Diana,Corporate,Carrollton,TX,EE. UU.
3242,Mary,Corporate,El Cajon,CA,EE. UU.
5076,Mary,Corporate,Cleveland,OH,EE. UU.
15514,Martina,Corporate,Las Vegas,NV,EE. UU.
15599,Phyllis,Corporate,Saint Louis,MO,EE. UU.
15597,Fiona,Corporate,Phoenix,AZ,EE. UU.
5538,Lisa,Corporate,Livermore,CA,EE. UU.
1134,Mary,Corporate,San Jose,CA,EE. UU.
16278,Hedwig,Corporate,Palatine,IL,EE. UU.
16309,Deanna,Corporate,Bronx,NY,EE. UU.
19948,Iris,Corporate,Richmond,TX,EE. UU.
20001,Quyn,Corporate,Columbus,OH,EE. UU.
18994,McKenzie,Corporate,Brooklyn,NY,EE. UU.
16371,Lydia,Corporate,Buena Park,CA,EE. UU.
4199,Mary,Corporate,Hayward,CA,EE. UU.
4980,Mary,Corporate,Brooklyn,NY,EE. UU.
11015,Mary,Corporate,Los Angeles,CA,EE. UU.
8762,Mary,Corporate,San Francisco,CA,EE. UU.
1114,James,Corporate,El Paso,TX,EE. UU.
406,Grace,Corporate,Asheboro,NC,EE. UU.
176,Amy,Corporate,Dundalk,MD,EE. UU.
5028,Joseph,Corporate,Miami,FL,EE. UU.
5892,Catherine,Corporate,Newark,DE,EE. UU.
546,Mary,Corporate,Clearfield,UT,EE. UU.
5509,Diana,Corporate,Decatur,GA,EE. UU.
9320,Nicole,Corporate,Philadelphia,PA,EE. UU.
10750,Jessica,Corporate,Tustin,CA,EE. UU.
1940,Katherine,Corporate,Albuquerque,NM,EE. UU.
2230,Rebecca,Corporate,San Bernardino,CA,EE. UU.
10216,Mary,Corporate,Hagerstown,MD,EE. UU.
7486,Mary,Corporate,Azusa,CA,EE. UU.
9268,William,Corporate,Plainfield,IL,EE. UU.
3735,Mary,Corporate,El Centro,CA,EE. UU.
2707,Mary,Corporate,Chicago,IL,EE. UU.
7194,Cynthia,Corporate,Vallejo,CA,EE. UU.
2070,Mary,Corporate,La Crosse,WI,EE. UU.
4486,Patricia,Corporate,San Pedro,CA,EE. UU.
10692,Sharon,Corporate,Mission,TX,EE. UU.
1338,Linda,Corporate,Conway,AR,EE. UU.
1418,Ann,Corporate,Roswell,NM,EE. UU.
10283,Brian,Corporate,Buffalo,NY,EE. UU.
14401,Naida,Corporate,Joliet,IL,EE. UU.
14275,Cora,Corporate,Silver Spring,MD,EE. UU.
14274,Tallulah,Corporate,Ontario,CA,EE. UU.
14218,Minerva,Corporate,Fort Worth,TX,EE. UU.
14145,Audrey,Corporate,Westland,MI,EE. UU.
14213,Alexa,Corporate,Baytown,TX,EE. UU.
14066,Jenna,Corporate,Bend,OR,EE. UU.
14671,Hannah,Corporate,Albuquerque,NM,EE. UU.
14369,Beatrice,Corporate,Brighton,MA,EE. UU.
14189,Madonna,Corporate,Pekin,IL,EE. UU.
4964,Charles,Consumer,Brooklyn,NY,EE. UU.
12667,Laurel,Consumer,Wyoming,MI,EE. UU.
12665,Jolene,Consumer,Jacksonville,FL,EE. UU.
12590,Minerva,Consumer,Brandon,FL,EE. UU.
12458,Deanna,Consumer,North Bergen,NJ,EE. UU.
12920,Miriam,Consumer,Hyattsville,MD,EE. UU.
12919,Danielle,Consumer,Granada Hills,CA,EE. UU.
9691,Mary,Consumer,Bakersfield,CA,EE. UU.
3359,Michelle,Consumer,Los Angeles,CA,EE. UU.
2808,Mary,Consumer,Memphis,TN,EE. UU.
8238,Jesse,Consumer,Mesquite,TX,EE. UU.
8936,Sharon,Consumer,Bell Gardens,CA,EE. UU.
42,Ethan,Consumer,Duluth,GA,EE. UU.
356,Roger,Consumer,Catonsville,MD,EE. UU.
1487,Shawn,Consumer,Virginia Beach,VA,EE. UU.
12294,Theresa,Consumer,Mission Viejo,CA,EE. UU.
11232,Denise,Consumer,Tallahassee,FL,EE. UU.
10587,Mary,Consumer,Milford,CT,EE. UU.
12412,Cynthia,Consumer,Wheaton,IL,EE. UU.
4652,Mary,Consumer,Aurora,CO,EE. UU.
4185,Mary,Consumer,Saint Paul,MN,EE. UU.
11639,Teresa,Consumer,Charlotte,NC,EE. UU.
4050,Stephanie,Consumer,Brooklyn,NY,EE. UU.
9338,James,Consumer,Canoga Park,CA,EE. UU.
11167,Mary,Consumer,New York,NY,EE. UU.
2085,Mary,Consumer,Los Angeles,CA,EE. UU.
2536,Richard,Consumer,Los Angeles,CA,EE. UU.
7564,Christopher,Consumer,Powder Springs,GA,EE. UU.
8510,Roger,Consumer,New York,NY,EE. UU.
6514,Crystal,Consumer,Tampa,FL,EE. UU.
9182,Mary,Consumer,Troy,MI,EE. UU.
11136,Gloria,Consumer,Hollywood,FL,EE. UU.
9784,Mary,Consumer,Lawrenceville,GA,EE. UU.
3912,Mary,Consumer,South Ozone Park,NY,EE. UU.
11215,Tiffany,Consumer,Gwynn Oak,MD,EE. UU.
6151,Mary,Consumer,Cary,NC,EE. UU.
488,Mary,Consumer,San Francisco,CA,EE. UU.
4321,Juan,Consumer,Honolulu,HI,EE. UU.
8754,Paul,Consumer,South Richmond Hill,NY,EE. UU.
4484,Gloria,Consumer,Powder Springs,GA,EE. UU.
2659,Terry,Consumer,Glen Burnie,MD,EE. UU.
7261,Mary,Consumer,Broomfield,CO,EE. UU.
5926,Mary,Consumer,Granada Hills,CA,EE. UU.
108,Joshua,Consumer,Bronx,NY,EE. UU.
697,Harold,Consumer,Washington,DC,EE. UU.
11948,Jennifer,Consumer,Santa Ana,CA,EE. UU.
5231,Mary,Consumer,Oregon City,OR,EE. UU.
9084,Jack,Consumer,Jonesboro,AR,EE. UU.
508,Ronald,Consumer,Rancho Cordova,CA,EE. UU.
4769,Mary,Consumer,Bakersfield,CA,EE. UU.
627,Robert,Consumer,Honolulu,HI,EE. UU.
12171,Joyce,Consumer,Chicago,IL,EE. UU.
808,Mary,Consumer,San Benito,TX,EE. UU.
118,Katherine,Consumer,Ogden,UT,EE. UU.
3187,Mary,Consumer,Jersey City,NJ,EE. UU.
3646,Mary,Consumer,New York,NY,EE. UU.
959,Mary,Consumer,Tempe,AZ,EE. UU.
1185,Rachel,Consumer,Saint Paul,MN,EE. UU.
9485,Philip,Consumer,El Cajon,CA,EE. UU.
10752,Mary,Consumer,Richardson,TX,EE. UU.
3077,Albert,Consumer,Santa Ana,CA,EE. UU.
12272,Robert,Consumer,Tempe,AZ,EE. UU.
11750,Cynthia,Consumer,Chicago,IL,EE. UU.
6716,Elizabeth,Consumer,Cordova,TN,EE. UU.
1228,Diana,Consumer,Sunnyvale,CA,EE. UU.
1750,Christopher,Consumer,La Mesa,CA,EE. UU.
7634,Pamela,Consumer,Wichita,KS,EE. UU.
6940,Mary,Consumer,Encinitas,CA,EE. UU.
7445,Mary,Consumer,Santa Cruz,CA,EE. UU.
4798,Mary,Consumer,Plano,TX,EE. UU.
12390,Joshua,Consumer,Las Vegas,NV,EE. UU.
4369,Joan,Consumer,Cupertino,CA,EE. UU.
7763,Philip,Consumer,Austin,TX,EE. UU.
11497,Mary,Consumer,Chicago,IL,EE. UU.
9855,Anthony,Consumer,San Diego,CA,EE. UU.
10231,Michael,Consumer,Burnsville,MN,EE. UU.
10332,Mary,Consumer,Glenview,IL,EE. UU.
19864,Madonna,Consumer,Houston,TX,EE. UU.
18903,Lisandra,Consumer,Bronx,NY,EE. UU.
18148,Camille,Consumer,Jacksonville,NC,EE. UU.
18214,Daryl,Consumer,Broken Arrow,OK,EE. UU.
18051,Diana,Consumer,Flushing,NY,EE. UU.
16539,Irma,Consumer,Dorchester Center,MA,EE. UU.
19082,Rhonda,Consumer,Columbus,GA,EE. UU.
16617,Chiquita,Consumer,Ventura,CA,EE. UU.
16616,Emma,Consumer,Brooklyn,NY,EE. UU.
16579,Ila,Consumer,Reno,NV,EE. UU.
19198,Bell,Consumer,Weslaco,TX,EE. UU.
15755,Fatima,Consumer,New York,NY,EE. UU.
15742,Alma,Consumer,New York,NY,EE. UU.
18813,Marny,Consumer,El Paso,TX,EE. UU.
15756,Charissa,Consumer,Pompano Beach,FL,EE. UU.
15684,Faith,Consumer,Edison,NJ,EE. UU.
18499,Sharon,Consumer,Waipahu,HI,EE. UU.
20752,Lee,Consumer,Brooklyn,NY,EE. UU.
11606,Mary,Consumer,Apex,NC,EE. UU.
8086,Paul,Consumer,Philadelphia,PA,EE. UU.
9287,Deborah,Consumer,Tucson,AZ,EE. UU.
6488,Mary,Consumer,Bristol,CT,EE. UU.
7192,Mary,Consumer,Cumberland,MD,EE. UU.
1914,Mary,Consumer,Moline,IL,EE. UU.
17718,Ulla,Consumer,Irving,TX,EE. UU.
17267,Tallulah,Consumer,West New York,NJ,EE. UU.
9156,Mary,Consumer,Chicago,IL,EE. UU.
11713,Mary,Consumer,Jackson,MI,EE. UU.
2762,Mary,Consumer,Cleveland,OH,EE. UU.
10530,Mary,Consumer,Lake Forest,CA,EE. UU.
10553,Michael,Consumer,Salem,OR,EE. UU.
18329,Amelia,Consumer,Bronx,NY,EE. UU.
15941,Brynne,Consumer,Chicago,IL,EE. UU.
3970,Mary,Consumer,Washington,DC,EE. UU.
3031,Carol,Consumer,Brooklyn,NY,EE. UU.
5176,Jessica,Consumer,Hayward,CA,EE. UU.
20454,Tana,Consumer,Dearborn,MI,EE. UU.
10494,Mary,Consumer,East Brunswick,NJ,EE. UU.
841,David,Consumer,Bronx,NY,EE. UU.
10135,Edward,Consumer,Dallas,TX,EE. UU.
20540,Winifred,Consumer,Pittsfield,MA,EE. UU.
17492,Hayfa,Consumer,Long Beach,CA,EE. UU.
20683,Rhoda,Consumer,Saint Louis,MO,EE. UU.
18356,Giselle,Consumer,Elmhurst,IL,EE. UU.
17256,Charissa,Consumer,Phoenix,AZ,EE. UU.
6202,Mary,Consumer,Buffalo,NY,EE. UU.
3205,Julie,Consumer,Fort Worth,TX,EE. UU.
2264,Melissa,Consumer,Laguna Niguel,CA,EE. UU.
15338,Isadora,Consumer,Loveland,OH,EE. UU.
15337,Amena,Consumer,Tonawanda,NY,EE. UU.
15552,Julie,Consumer,Dayton,OH,EE. UU.
15351,Martina,Consumer,Mission Viejo,CA,EE. UU.
15405,Germane,Consumer,Cicero,IL,EE. UU.
3818,Victoria,Consumer,Tempe,AZ,EE. UU.
6810,Roger,Consumer,Philadelphia,PA,EE. UU.
1848,Mary,Consumer,Dallas,TX,EE. UU.
11450,Donald,Consumer,Laredo,TX,EE. UU.
7220,Mary,Consumer,Lansdale,PA,EE. UU.
11368,Daniel,Consumer,Huntington Station,NY,EE. UU.
11628,Jennifer,Consumer,Las Vegas,NV,EE. UU.
5968,Deborah,Consumer,Campbell,CA,EE. UU.
7472,William,Consumer,Plymouth,MA,EE. UU.
11988,Judy,Consumer,Round Rock,TX,EE. UU.
8049,Mary,Consumer,Long Beach,CA,EE. UU.
11620,Ashley,Consumer,Los Angeles,CA,EE. UU.
17564,Sade,Consumer,Morrisville,PA,EE. UU.
16170,Katell,Consumer,Modesto,CA,EE. UU.
18892,Lacota,Consumer,Watsonville,CA,EE. UU.
15248,Cameron,Consumer,Raleigh,NC,EE. UU.
20059,Jenna,Consumer,Simi Valley,CA,EE. UU.
18980,Tashya,Consumer,York,PA,EE. UU.
19771,Marah,Consumer,Denver,CO,EE. UU.
18904,Kellie,Consumer,Moreno Valley,CA,EE. UU.
16213,Ivory,Consumer,Los Angeles,CA,EE. UU.
19025,Hiroko,Consumer,North Las Vegas,NV,EE. UU.
19993,Anjolie,Consumer,Brooklyn,NY,EE. UU.
19903,Oprah,Consumer,Stockton,CA,EE. UU.
16153,Karina,Consumer,Lakewood,OH,EE. UU.
12062,Nicholas,Consumer,Michigan City,IN,EE. UU.
7615,Howard,Consumer,Las Cruces,NM,EE. UU.
2175,Mary,Consumer,Austin,TX,EE. UU.
5650,Joseph,Consumer,Brooklyn,NY,EE. UU.
11468,Mary,Consumer,Medina,OH,EE. UU.
8431,Mary,Consumer,Hilliard,OH,EE. UU.
4235,Mary,Consumer,Powder Springs,GA,EE. UU.
2548,Mary,Consumer,Hamilton,OH,EE. UU.
7874,Zachary,Consumer,Dundalk,MD,EE. UU.
12369,Mary,Consumer,Spokane,WA,EE. UU.
6835,Robert,Consumer,Wilkes Barre,PA,EE. UU.
10516,Donald,Consumer,Buffalo,NY,EE. UU.
10359,Sean,Consumer,Birmingham,AL,EE. UU.
300,Mary,Consumer,Plano,TX,EE. UU.
11265,Alexander,Consumer,Waukegan,IL,EE. UU.
9200,Mary,Consumer,Brooklyn,NY,EE. UU.
9387,Mary,Consumer,Valrico,FL,EE. UU.
1471,Lori,Consumer,Costa Mesa,CA,EE. UU.
3320,Mary,Consumer,Pompano Beach,FL,EE. UU.
8879,Mary,Consumer,Stockbridge,GA,EE. UU.
6908,Grace,Consumer,Denver,CO,EE. UU.
3766,David,Consumer,Garden Grove,CA,EE. UU.
9036,Mary,Consumer,Brooklyn,NY,EE. UU.
6142,Andrew,Consumer,Greensburg,PA,EE. UU.
10293,Aaron,Consumer,Bronx,NY,EE. UU.
9290,Mary,Consumer,Hampton,VA,EE. UU.
11886,Mary,Consumer,Las Vegas,NV,EE. UU.
3289,Mary,Consumer,Rialto,CA,EE. UU.
12334,Michael,Consumer,Lancaster,CA,EE. UU.
156,Mary,Consumer,Los Angeles,CA,EE. UU.
9892,David,Consumer,Louisville,KY,EE. UU.
11110,Jean,Consumer,Santa Ana,CA,EE. UU.
12068,Mary,Consumer,Aurora,CO,EE. UU.
10817,Mary,Consumer,Miami,FL,EE. UU.
857,Mary,Consumer,Houston,TX,EE. UU.
2908,Mary,Consumer,Beloit,WI,EE. UU.
11251,Pamela,Consumer,Daly City,CA,EE. UU.
6760,Kathleen,Consumer,Oceanside,CA,EE. UU.
3280,Kathleen,Consumer,Pawtucket,RI,EE. UU.
5952,Jacob,Consumer,Clearfield,UT,EE. UU.
9437,Jack,Consumer,Kent,WA,EE. UU.
9405,Ashley,Consumer,Manchester,CT,EE. UU.
5723,Samantha,Consumer,Enfield,CT,EE. UU.
6610,Mary,Consumer,Buffalo,NY,EE. UU.
11867,Richard,Consumer,Chino,CA,EE. UU.
923,Mary,Consumer,Norfolk,VA,EE. UU.
1781,Mary,Consumer,Napa,CA,EE. UU.
4244,Mark,Consumer,Glendale,AZ,EE. UU.
4891,Richard,Consumer,Philadelphia,PA,EE. UU.
6581,Christian,Consumer,Virginia Beach,VA,EE. UU.
6632,Jessica,Consumer,Raleigh,NC,EE. UU.
4112,Jonathan,Consumer,Elyria,OH,EE. UU.
5410,Mary,Consumer,Pittsburg,CA,EE. UU.
9738,Mary,Consumer,East Lansing,MI,EE. UU.
6333,Ralph,Consumer,Memphis,TN,EE. UU.
9606,Patricia,Consumer,Granada Hills,CA,EE. UU.
6469,Mary,Consumer,Bayonne,NJ,EE. UU.
11399,Mary,Consumer,Redmond,WA,EE. UU.
9622,Roy,Consumer,Mission,TX,EE. UU.
3803,Mary,Consumer,San Francisco,CA,EE. UU.
2522,Edward,Consumer,York,PA,EE. UU.
8635,Stephen,Consumer,Yonkers,NY,EE. UU.
4900,James,Consumer,Miami,FL,EE. UU.
5037,Amber,Consumer,Los Angeles,CA,EE. UU.
9812,Eric,Consumer,El Monte,CA,EE. UU.
7686,John,Consumer,Brooklyn,NY,EE. UU.
4940,Marie,Consumer,Brooklyn,NY,EE. UU.
4880,Carol,Consumer,Mission Viejo,CA,EE. UU.
11394,Vincent,Consumer,Cupertino,CA,EE. UU.
1705,Mary,Consumer,Orlando,FL,EE. UU.
9575,John,Consumer,Azusa,CA,EE. UU.
5617,Barbara,Consumer,Huntington Station,NY,EE. UU.
5552,Mary,Consumer,Reynoldsburg,OH,EE. UU.
1955,Arthur,Consumer,Salem,OR,EE. UU.
8560,Sandra,Consumer,Union City,NJ,EE. UU.
8025,Frank,Consumer,Staten Island,NY,EE. UU.
1046,Mary,Consumer,San Antonio,TX,EE. UU.
3002,Mary,Consumer,Rego Park,NY,EE. UU.
3582,Ruth,Consumer,New York,NY,EE. UU.
9427,Douglas,Consumer,San Antonio,TX,EE. UU.
3977,Mary,Consumer,Detroit,MI,EE. UU.
3728,Mary,Consumer,Loveland,OH,EE. UU.
7956,Patricia,Consumer,Hialeah,FL,EE. UU.
3337,Jeffrey,Consumer,Baltimore,MD,EE. UU.
5773,Mary,Consumer,Jacksonville,FL,EE. UU.
5894,Lauren,Consumer,Chicago,IL,EE. UU.
10257,Michael,Consumer,Tucson,AZ,EE. UU.
11630,Mary,Consumer,Miami,FL,EE. UU.
6264,Thomas,Consumer,Elmhurst,IL,EE. UU.
5905,Denise,Consumer,Albuquerque,NM,EE. UU.
11330,Arthur,Consumer,Philadelphia,PA,EE. UU.
6903,Alexander,Consumer,New York,NY,EE. UU.
14724,Emily,Consumer,Indio,CA,EE. UU.
13059,Macy,Consumer,Tempe,AZ,EE. UU.
13472,Ivy,Consumer,Miami,FL,EE. UU.
14536,Lynn,Consumer,Austin,TX,EE. UU.
13501,Quail,Consumer,San Jose,CA,EE. UU.
14601,Signe,Consumer,Louisville,KY,EE. UU.
9308,Deborah,Consumer,Chicago,IL,EE. UU.
9166,Jesse,Consumer,Roswell,NM,EE. UU.
4347,Angela,Consumer,Bakersfield,CA,EE. UU.
6330,Mary,Consumer,Pasadena,MD,EE. UU.
5103,Mary,Consumer,Simi Valley,CA,EE. UU.
535,Patricia,Consumer,Bronx,NY,EE. UU.
84,Douglas,Consumer,Tampa,FL,EE. UU.
9693,Mary,Consumer,Richardson,TX,EE. UU.
6391,Mary,Consumer,Jackson Heights,NY,EE. UU.
12022,Mary,Consumer,Miami,FL,EE. UU.
7059,Mary,Consumer,Colorado Springs,CO,EE. UU.
8173,Brian,Consumer,Porterville,CA,EE. UU.
7858,Mary,Consumer,Miami,FL,EE. UU.
12539,Tatiana,Consumer,Broomfield,CO,EE. UU.
12603,Ila,Consumer,Columbus,OH,EE. UU.
15000,Wynne,Consumer,Amarillo,TX,EE. UU.
10572,Mary,Consumer,Chicago,IL,EE. UU.
7100,Jessica,Consumer,Wichita,KS,EE. UU.
9106,Mary,Consumer,Waukegan,IL,EE. UU.
3931,Linda,Consumer,Chicago,IL,EE. UU.
10320,David,Consumer,Hialeah,FL,EE. UU.
1821,Mary,Consumer,Columbus,OH,EE. UU.
6160,William,Consumer,Washington,DC,EE. UU.
1137,Frank,Consumer,Holland,MI,EE. UU.
4582,Brian,Consumer,Anaheim,CA,EE. UU.
82,Jonathan,Consumer,San Antonio,TX,EE. UU.
794,Lawrence,Consumer,Orlando,FL,EE. UU.
10942,Donald,Consumer,Brownsville,TX,EE. UU.
9151,Aaron,Consumer,Potomac,MD,EE. UU.
10101,Mary,Consumer,El Centro,CA,EE. UU.
6449,Daniel,Consumer,Corona,CA,EE. UU.
1649,Amber,Consumer,New Brunswick,NJ,EE. UU.
20102,Alea,Consumer,Lancaster,PA,EE. UU.
19068,Karleigh,Consumer,Waukegan,IL,EE. UU.
16563,Kyra,Consumer,Tempe,AZ,EE. UU.
19238,Lareina,Consumer,Atlanta,GA,EE. UU.
18845,Margaret,Consumer,Bloomfield,NJ,EE. UU.
7694,Donald,Consumer,Carlsbad,CA,EE. UU.
9312,John,Consumer,Massillon,OH,EE. UU.
4364,Samantha,Consumer,Los Angeles,CA,EE. UU.
5791,Debra,Consumer,Elk Grove,CA,EE. UU.
6761,Ethan,Consumer,Orange Park,FL,EE. UU.
17677,Susan,Consumer,Lancaster,CA,EE. UU.
2712,Mary,Consumer,Fremont,CA,EE. UU.
20435,Yeo,Consumer,Santa Clara,CA,EE. UU.
12249,Susan,Consumer,Miami,FL,EE. UU.
16079,Phoebe,Consumer,Los Angeles,CA,EE. UU.
15642,Aileen,Consumer,North Tonawanda,NY,EE. UU.
11683,James,Consumer,Brooklyn,NY,EE. UU.
451,Mary,Consumer,Asheboro,NC,EE. UU.
12320,Mary,Consumer,Elyria,OH,EE. UU.
8797,Lisa,Consumer,Bakersfield,CA,EE. UU.
20093,Rebekah,Consumer,Lynwood,CA,EE. UU.
17054,Alfreda,Consumer,Poway,CA,EE. UU.
15184,Dahlia,Consumer,Henrico,VA,EE. UU.
11282,Maria,Consumer,Fontana,CA,EE. UU.
9188,Mary,Consumer,Bakersfield,CA,EE. UU.
3826,Patricia,Consumer,Richmond,VA,EE. UU.
2158,Mary,Consumer,Fontana,CA,EE. UU.
7561,Mary,Consumer,Tucson,AZ,EE. UU.
7219,Theresa,Consumer,Detroit,MI,EE. UU.
8531,Marie,Consumer,Caguas,PR,Puerto Rico
4092,Amber,Consumer,Caguas,PR,Puerto Rico
3675,Joyce,Consumer,Caguas,PR,Puerto Rico
7153,Victoria,Consumer,Caguas,PR,Puerto Rico
10567,Diana,Consumer,Caguas,PR,Puerto Rico
6487,Stephen,Consumer,Caguas,PR,Puerto Rico
2693,Raymond,Consumer,Caguas,PR,Puerto Rico
12926,Rylee,Consumer,Caguas,PR,Puerto Rico
14948,Hadley,Consumer,Caguas,PR,Puerto Rico
454,Robert,Consumer,Caguas,PR,Puerto Rico
10482,Mary,Consumer,Caguas,PR,Puerto Rico
7117,Teresa,Consumer,Caguas,PR,Puerto Rico
3536,Mary,Consumer,Caguas,PR,Puerto Rico
1371,Mary,Consumer,Caguas,PR,Puerto Rico
8059,Mary,Consumer,Caguas,PR,Puerto Rico
12372,Rachel,Consumer,Caguas,PR,Puerto Rico
11,Mary,Consumer,Caguas,PR,Puerto Rico
7840,Mary,Consumer,Caguas,PR,Puerto Rico
3036,Mary,Consumer,Caguas,PR,Puerto Rico
617,Stephanie,Consumer,Caguas,PR,Puerto Rico
11834,Betty,Consumer,Caguas,PR,Puerto Rico
4659,Paul,Consumer,Caguas,PR,Puerto Rico
939,Mary,Consumer,Caguas,PR,Puerto Rico
4080,Mary,Consumer,Caguas,PR,Puerto Rico
10847,Mary,Consumer,Caguas,PR,Puerto Rico
12107,Sharon,Consumer,Caguas,PR,Puerto Rico
7876,Emily,Consumer,Caguas,PR,Puerto Rico
7012,Mary,Consumer,Caguas,PR,Puerto Rico
6250,Sarah,Consumer,Caguas,PR,Puerto Rico
10127,Mary,Consumer,Caguas,PR,Puerto Rico
6265,Mary,Consumer,Caguas,PR,Puerto Rico
4100,Mary,Consumer,Caguas,PR,Puerto Rico
7693,Mary,Consumer,Caguas,PR,Puerto Rico
776,Keith,Consumer,Caguas,PR,Puerto Rico
7121,Jason,Consumer,Caguas,PR,Puerto Rico
2632,John,Consumer,Caguas,PR,Puerto Rico
8713,Mary,Consumer,Caguas,PR,Puerto Rico
7726,Sarah,Consumer,Caguas,PR,Puerto Rico
5620,Randy,Consumer,Caguas,PR,Puerto Rico
9558,Jessica,Consumer,Caguas,PR,Puerto Rico
12247,Brittany,Consumer,Caguas,PR,Puerto Rico
1548,Mary,Consumer,Caguas,PR,Puerto Rico
10875,Mary,Consumer,Guayama,PR,Puerto Rico
7849,Kenneth,Consumer,Caguas,PR,Puerto Rico
6526,Amanda,Consumer,Caguas,PR,Puerto Rico
2804,Matthew,Consumer,Caguas,PR,Puerto Rico
8140,Mary,Consumer,Caguas,PR,Puerto Rico
3526,Kevin,Consumer,Caguas,PR,Puerto Rico
3076,Mary,Consumer,Caguas,PR,Puerto Rico
5826,Mary,Consumer,Caguas,PR,Puerto Rico
7728,Mary,Consumer,Caguas,PR,Puerto Rico
7285,Kathryn,Consumer,Caguas,PR,Puerto Rico
7364,Janet,Consumer,Caguas,PR,Puerto Rico
3593,Christina,Consumer,Caguas,PR,Puerto Rico
1739,Justin,Consumer,Caguas,PR,Puerto Rico
9783,Alexander,Consumer,Caguas,PR,Puerto Rico
7254,Mary,Consumer,Caguas,PR,Puerto Rico
10675,Brenda,Consumer,Caguas,PR,Puerto Rico
1404,Jean,Consumer,Caguas,PR,Puerto Rico
1830,Angela,Consumer,Caguas,PR,Puerto Rico
10688,Pamela,Consumer,Caguas,PR,Puerto Rico
4929,Janet,Consumer,Caguas,PR,Puerto Rico
4932,Gerald,Consumer,Caguas,PR,Puerto Rico
12140,Lauren,Consumer,Caguas,PR,Puerto Rico
416,Rachel,Consumer,Caguas,PR,Puerto Rico
10910,Michelle,Consumer,Caguas,PR,Puerto Rico
12073,Mildred,Consumer,Caguas,PR,Puerto Rico
3247,Mary,Consumer,Caguas,PR,Puerto Rico
11199,Mary,Consumer,Caguas,PR,Puerto Rico
3418,Gerald,Consumer,Caguas,PR,Puerto Rico
6552,Brenda,Consumer,Caguas,PR,Puerto Rico
3872,Lisa,Consumer,Caguas,PR,Puerto Rico
10380,Mary,Consumer,Caguas,PR,Puerto Rico
2488,Mary,Consumer,Caguas,PR,Puerto Rico
12287,Robert,Consumer,Caguas,PR,Puerto Rico
5290,Mary,Consumer,Caguas,PR,Puerto Rico
2415,Mary,Consumer,Caguas,PR,Puerto Rico
4335,Mary,Consumer,Caguas,PR,Puerto Rico
3339,Mary,Consumer,Caguas,PR,Puerto Rico
6452,Tiffany,Consumer,Caguas,PR,Puerto Rico
7936,Deborah,Consumer,Caguas,PR,Puerto Rico
1149,Cynthia,Consumer,Caguas,PR,Puerto Rico
10340,Nicholas,Consumer,Caguas,PR,Puerto Rico
5895,Mary,Consumer,Caguas,PR,Puerto Rico
9888,Jacqueline,Consumer,Caguas,PR,Puerto Rico
501,Mary,Consumer,Caguas,PR,Puerto Rico
4796,Kelly,Consumer,Caguas,PR,Puerto Rico
10034,Elizabeth,Consumer,Caguas,PR,Puerto Rico
2584,Mary,Consumer,Caguas,PR,Puerto Rico
3683,Mary,Consumer,Caguas,PR,Puerto Rico
9103,Nathan,Consumer,Caguas,PR,Puerto Rico
8935,John,Consumer,Caguas,PR,Puerto Rico
7334,Mary,Consumer,Caguas,PR,Puerto Rico
11687,Mary,Consumer,Caguas,PR,Puerto Rico
7054,Maria,Consumer,Caguas,PR,Puerto Rico
1391,Philip,Consumer,Caguas,PR,Puerto Rico
12314,Bruce,Consumer,Caguas,PR,Puerto Rico
4136,John,Consumer,Caguas,PR,Puerto Rico
4504,Betty,Consumer,Caguas,PR,Puerto Rico
7459,Mary,Consumer,Mayaguez,PR,Puerto Rico
4003,Joseph,Consumer,Caguas,PR,Puerto Rico
12199,Mary,Consumer,Caguas,PR,Puerto Rico
5167,Louis,Consumer,Caguas,PR,Puerto Rico
6977,Mary,Consumer,Caguas,PR,Puerto Rico
5252,Mary,Consumer,Caguas,PR,Puerto Rico
2349,William,Consumer,Caguas,PR,Puerto Rico
10391,Mary,Consumer,Caguas,PR,Puerto Rico
4163,Grace,Consumer,Caguas,PR,Puerto Rico
714,Mark,Consumer,Caguas,PR,Puerto Rico
2595,Amy,Consumer,Caguas,PR,Puerto Rico
506,Richard,Consumer,Caguas,PR,Puerto Rico
6318,Gerald,Consumer,Caguas,PR,Puerto Rico
11118,Mary,Consumer,Caguas,PR,Puerto Rico
2955,Mary,Consumer,Caguas,PR,Puerto Rico
3745,Kimberly,Consumer,Caguas,PR,Puerto Rico
3038,Mary,Consumer,Caguas,PR,Puerto Rico
6604,Heather,Consumer,Caguas,PR,Puerto Rico
12114,Mary,Consumer,Caguas,PR,Puerto Rico
9988,Brenda,Consumer,Caguas,PR,Puerto Rico
5193,Amanda,Consumer,Caguas,PR,Puerto Rico
1663,Raymond,Consumer,Caguas,PR,Puerto Rico
7723,Mary,Consumer,Caguas,PR,Puerto Rico
6430,Mary,Consumer,Caguas,PR,Puerto Rico
863,Katherine,Consumer,Caguas,PR,Puerto Rico
4562,Mary,Consumer,Caguas,PR,Puerto Rico
1411,David,Consumer,Guaynabo,PR,Puerto Rico
1908,Beverly,Consumer,Caguas,PR,Puerto Rico
8172,Mary,Consumer,Caguas,PR,Puerto Rico
247,Angela,Consumer,Caguas,PR,Puerto Rico
6535,Brittany,Consumer,Caguas,PR,Puerto Rico
1798,Mary,Consumer,Caguas,PR,Puerto Rico
4951,Mary,Consumer,Caguas,PR,Puerto Rico
937,Daniel,Consumer,Caguas,PR,Puerto Rico
6775,Mary,Consumer,Mayaguez,PR,Puerto Rico
6338,Sharon,Consumer,Caguas,PR,Puerto Rico
2466,Gary,Consumer,Caguas,PR,Puerto Rico
11102,Mary,Consumer,Caguas,PR,Puerto Rico
1582,Carol,Consumer,Caguas,PR,Puerto Rico
4705,Mary,Consumer,Caguas,PR,Puerto Rico
1299,Mary,Consumer,Caguas,PR,Puerto Rico
75,Mary,Consumer,Caguas,PR,Puerto Rico
7706,Mary,Consumer,Caguas,PR,Puerto Rico
4857,Nancy,Consumer,Caguas,PR,Puerto Rico
4220,Mary,Consumer,Caguas,PR,Puerto Rico
12082,Stephanie,Consumer,Caguas,PR,Puerto Rico
6750,Alan,Consumer,Caguas,PR,Puerto Rico
425,Mary,Consumer,Caguas,PR,Puerto Rico
12188,Donald,Consumer,Caguas,PR,Puerto Rico
815,Johnny,Consumer,Caguas,PR,Puerto Rico
9062,James,Consumer,Caguas,PR,Puerto Rico
8199,William,Consumer,Caguas,PR,Puerto Rico
927,Diana,Consumer,Caguas,PR,Puerto Rico
10025,Alexander,Consumer,Carolina,PR,Puerto Rico
4971,Mary,Consumer,Caguas,PR,Puerto Rico
1053,Mary,Consumer,Caguas,PR,Puerto Rico
11566,Marilyn,Consumer,Caguas,PR,Puerto Rico
1066,Virginia,Consumer,Caguas,PR,Puerto Rico
9923,David,Consumer,Caguas,PR,Puerto Rico
10956,Mary,Consumer,Caguas,PR,Puerto Rico
2721,Matthew,Consumer,Caguas,PR,Puerto Rico
12123,Jeremy,Consumer,Caguas,PR,Puerto Rico
8415,Andrew,Consumer,Caguas,PR,Puerto Rico
10999,Crystal,Consumer,Caguas,PR,Puerto Rico
12411,Mary,Consumer,Caguas,PR,Puerto Rico
2388,Teresa,Consumer,Caguas,PR,Puerto Rico
8407,Mary,Consumer,Caguas,PR,Puerto Rico
6099,Helen,Consumer,Caguas,PR,Puerto Rico
3968,Catherine,Consumer,Caguas,PR,Puerto Rico
8506,Elizabeth,Consumer,Caguas,PR,Puerto Rico
8908,Mary,Consumer,Humacao,PR,Puerto Rico
7458,Philip,Consumer,Caguas,PR,Puerto Rico
3810,Rose,Consumer,Caguas,PR,Puerto Rico
2042,Sara,Consumer,Caguas,PR,Puerto Rico
4154,Mary,Consumer,Caguas,PR,Puerto Rico
2873,Joyce,Consumer,Caguas,PR,Puerto Rico
1350,Joseph,Consumer,Guaynabo,PR,Puerto Rico
10495,Janet,Consumer,Caguas,PR,Puerto Rico
11668,Jean,Consumer,Caguas,PR,Puerto Rico
10003,Robert,Consumer,Caguas,PR,Puerto Rico
4656,Eric,Consumer,Caguas,PR,Puerto Rico
1198,Beverly,Consumer,Caguas,PR,Puerto Rico
11889,Mary,Consumer,Caguas,PR,Puerto Rico
7574,Mary,Consumer,Caguas,PR,Puerto Rico
727,Mary,Consumer,Caguas,PR,Puerto Rico
6482,Mary,Consumer,Caguas,PR,Puerto Rico
7745,Mary,Consumer,Caguas,PR,Puerto Rico
2435,Roger,Consumer,Caguas,PR,Puerto Rico
8270,Steven,Consumer,Caguas,PR,Puerto Rico
408,Elizabeth,Consumer,Caguas,PR,Puerto Rico
12042,Doris,Consumer,Caguas,PR,Puerto Rico
10818,James,Consumer,Caguas,PR,Puerto Rico
7209,Mary,Consumer,Caguas,PR,Puerto Rico
12276,Martha,Consumer,Caguas,PR,Puerto Rico
9984,Mary,Consumer,Caguas,PR,Puerto Rico
10740,Mary,Consumer,Caguas,PR,Puerto Rico
12024,Mary,Consumer,Caguas,PR,Puerto Rico
3691,Mary,Consumer,Caguas,PR,Puerto Rico
9645,Andrea,Consumer,Caguas,PR,Puerto Rico
6792,Mary,Consumer,Caguas,PR,Puerto Rico
2879,William,Consumer,Caguas,PR,Puerto Rico
12375,Bruce,Consumer,Caguas,PR,Puerto Rico
997,Mary,Consumer,Caguas,PR,Puerto Rico
12322,Mary,Consumer,Caguas,PR,Puerto Rico
1106,Daniel,Consumer,Caguas,PR,Puerto Rico
6002,Nathan,Consumer,Caguas,PR,Puerto Rico
7570,Cynthia,Consumer,Caguas,PR,Puerto Rico
11517,Kathy,Consumer,Caguas,PR,Puerto Rico
7543,Robert,Consumer,Caguas,PR,Puerto Rico
9785,Barbara,Consumer,Caguas,PR,Puerto Rico
12354,Brenda,Consumer,Caguas,PR,Puerto Rico
10554,Justin,Consumer,Caguas,PR,Puerto Rico
5901,Matthew,Consumer,Caguas,PR,Puerto Rico
2942,Mary,Consumer,Caguas,PR,Puerto Rico
10703,Richard,Consumer,Caguas,PR,Puerto Rico
11557,Mary,Consumer,Caguas,PR,Puerto Rico
1794,Paul,Consumer,Caguas,PR,Puerto Rico
10284,Mary,Consumer,Caguas,PR,Puerto Rico
9680,Robert,Consumer,Caguas,PR,Puerto Rico
4408,Anna,Consumer,Caguas,PR,Puerto Rico
4191,Kimberly,Consumer,Caguas,PR,Puerto Rico
4788,Mary,Consumer,Caguas,PR,Puerto Rico
243,Deborah,Consumer,Caguas,PR,Puerto Rico
8295,Margaret,Consumer,Caguas,PR,Puerto Rico
8892,Russell,Consumer,Manati,PR,Puerto Rico
3221,Scott,Consumer,Caguas,PR,Puerto Rico
7915,Justin,Consumer,Caguas,PR,Puerto Rico
9044,Mary,Consumer,Caguas,PR,Puerto Rico
11938,Laura,Consumer,Caguas,PR,Puerto Rico
10215,Lauren,Consumer,San Juan,PR,Puerto Rico
720,Thomas,Consumer,Caguas,PR,Puerto Rico
5574,Mary,Consumer,Caguas,PR,Puerto Rico
8740,Mary,Consumer,Caguas,PR,Puerto Rico
6059,Mary,Consumer,Caguas,PR,Puerto Rico
11093,Dorothy,Consumer,Caguas,PR,Puerto Rico
5021,Mary,Consumer,Caguas,PR,Puerto Rico
10908,Jessica,Consumer,Caguas,PR,Puerto Rico
10206,Christopher,Consumer,Caguas,PR,Puerto Rico
8399,Donna,Consumer,Caguas,PR,Puerto Rico
12409,Mary,Consumer,Caguas,PR,Puerto Rico
2404,Mary,Consumer,Caguas,PR,Puerto Rico
4955,Frank,Consumer,Caguas,PR,Puerto Rico
3621,Mary,Consumer,Caguas,PR,Puerto Rico
18100,Regina,Consumer,Caguas,PR,Puerto Rico
18172,Sierra,Consumer,Caguas,PR,Puerto Rico
18153,Robina,Consumer,Caguas,PR,Puerto Rico
18080,Ann,Consumer,Caguas,PR,Puerto Rico
18060,Mia,Consumer,Caguas,PR,Puerto Rico
18221,Cassady,Consumer,Caguas,PR,Puerto Rico
17890,Lois,Consumer,Caguas,PR,Puerto Rico
18199,Joan,Consumer,Caguas,PR,Puerto Rico
18145,Moana,Consumer,Caguas,PR,Puerto Rico
18036,Mariam,Consumer,Caguas,PR,Puerto Rico
18234,Sylvia,Consumer,Caguas,PR,Puerto Rico
18251,Alea,Consumer,Caguas,PR,Puerto Rico
18249,Aileen,Consumer,Caguas,PR,Puerto Rico
16449,Buffy,Consumer,Caguas,PR,Puerto Rico
19086,Gemma,Consumer,Caguas,PR,Puerto Rico
16572,Carolyn,Consumer,Caguas,PR,Puerto Rico
19138,Alea,Consumer,Caguas,PR,Puerto Rico
16516,Kevyn,Consumer,Caguas,PR,Puerto Rico
16587,Yolanda,Consumer,Caguas,PR,Puerto Rico
19119,Selma,Consumer,Caguas,PR,Puerto Rico
16622,Alma,Consumer,Caguas,PR,Puerto Rico
16514,Melyssa,Consumer,Caguas,PR,Puerto Rico
19224,Emily,Consumer,Caguas,PR,Puerto Rico
16492,Chantale,Consumer,Caguas,PR,Puerto Rico
19221,Beverly,Consumer,Caguas,PR,Puerto Rico
16455,Glenna,Consumer,Caguas,PR,Puerto Rico
16399,Amela,Consumer,Caguas,PR,Puerto Rico
16525,Nyssa,Consumer,Caguas,PR,Puerto Rico
16398,Christine,Consumer,Caguas,PR,Puerto Rico
16452,Evangeline,Consumer,Caguas,PR,Puerto Rico
16434,Kaitlin,Consumer,Caguas,PR,Puerto Rico
19181,Vera,Consumer,Caguas,PR,Puerto Rico
16541,Iris,Consumer,Caguas,PR,Puerto Rico
19091,Minerva,Consumer,Caguas,PR,Puerto Rico
16415,Sheila,Consumer,Caguas,PR,Puerto Rico
16432,Lesley,Consumer,Caguas,PR,Puerto Rico
15881,Gillian,Consumer,Caguas,PR,Puerto Rico
15717,Roanna,Consumer,Caguas,PR,Puerto Rico
15680,Suki,Consumer,Caguas,PR,Puerto Rico
15787,Brianna,Consumer,Caguas,PR,Puerto Rico
18840,Brynn,Consumer,Caguas,PR,Puerto Rico
18749,Daryl,Consumer,Caguas,PR,Puerto Rico
15747,Nayda,Consumer,Caguas,PR,Puerto Rico
15745,Melinda,Consumer,Caguas,PR,Puerto Rico
15763,Heather,Consumer,Caguas,PR,Puerto Rico
15708,Christen,Consumer,Caguas,PR,Puerto Rico
15796,Amber,Consumer,Caguas,PR,Puerto Rico
18742,Olivia,Consumer,Caguas,PR,Puerto Rico
18849,Bryar,Consumer,Caguas,PR,Puerto Rico
18795,Sara,Consumer,Caguas,PR,Puerto Rico
15811,Kendall,Consumer,Caguas,PR,Puerto Rico
15720,Hedy,Consumer,Caguas,PR,Puerto Rico
2670,Mary,Consumer,Caguas,PR,Puerto Rico
9586,Mary,Consumer,Caguas,PR,Puerto Rico
7412,Terry,Consumer,Caguas,PR,Puerto Rico
7294,Sharon,Consumer,Caguas,PR,Puerto Rico
3348,James,Consumer,Caguas,PR,Puerto Rico
3,Ann,Consumer,Caguas,PR,Puerto Rico
20698,Winter,Consumer,Caguas,PR,Puerto Rico
6667,Mary,Consumer,Caguas,PR,Puerto Rico
20410,Taylor,Consumer,Caguas,PR,Puerto Rico
17489,Giselle,Consumer,Caguas,PR,Puerto Rico
18337,Amena,Consumer,Caguas,PR,Puerto Rico
1090,Katherine,Consumer,Caguas,PR,Puerto Rico
17507,Ima,Consumer,Caguas,PR,Puerto Rico
17650,Isabella,Consumer,Caguas,PR,Puerto Rico
18463,Felicia,Consumer,Caguas,PR,Puerto Rico
18427,Haley,Consumer,Caguas,PR,Puerto Rico
2055,Mary,Consumer,Caguas,PR,Puerto Rico
3371,David,Consumer,Caguas,PR,Puerto Rico
9440,Mary,Consumer,Caguas,PR,Puerto Rico
17290,Patience,Consumer,Caguas,PR,Puerto Rico
17434,Lucy,Consumer,Caguas,PR,Puerto Rico
17995,Faith,Consumer,Caguas,PR,Puerto Rico
15966,Hannah,Consumer,Caguas,PR,Puerto Rico
1631,Mary,Consumer,Caguas,PR,Puerto Rico
11392,Mary,Consumer,Caguas,PR,Puerto Rico
18425,Basia,Consumer,Caguas,PR,Puerto Rico
1139,Benjamin,Consumer,Caguas,PR,Puerto Rico
18442,Skyler,Consumer,Caguas,PR,Puerto Rico
2065,Wayne,Consumer,Caguas,PR,Puerto Rico
9020,Deborah,Consumer,Bayamon,PR,Puerto Rico
7550,Mary,Consumer,Caguas,PR,Puerto Rico
17342,Eliana,Consumer,Caguas,PR,Puerto Rico
18496,Morgan,Consumer,Caguas,PR,Puerto Rico
6720,Olivia,Consumer,Caguas,PR,Puerto Rico
12238,Rebecca,Consumer,Caguas,PR,Puerto Rico
1151,Mary,Consumer,Caguas,PR,Puerto Rico
16017,Rowan,Consumer,Caguas,PR,Puerto Rico
16035,Megan,Consumer,Caguas,PR,Puerto Rico
9519,Mary,Consumer,Caguas,PR,Puerto Rico
20675,Aubrey,Consumer,Caguas,PR,Puerto Rico
15999,Jade,Consumer,Caguas,PR,Puerto Rico
2695,Mary,Consumer,Caguas,PR,Puerto Rico
11629,Cynthia,Consumer,Caguas,PR,Puerto Rico
17991,Rhoda,Consumer,Caguas,PR,Puerto Rico
3198,Sarah,Consumer,Caguas,PR,Puerto Rico
7699,Judith,Consumer,Caguas,PR,Puerto Rico
18873,Isadora,Consumer,Caguas,PR,Puerto Rico
20710,Maia,Consumer,Caguas,PR,Puerto Rico
20638,Noelani,Consumer,Caguas,PR,Puerto Rico
11714,Larry,Consumer,Caguas,PR,Puerto Rico
3345,Christine,Consumer,Caguas,PR,Puerto Rico
18438,Donna,Consumer,Caguas,PR,Puerto Rico
2002,Amy,Consumer,Caguas,PR,Puerto Rico
17972,Evangeline,Consumer,Caguas,PR,Puerto Rico
18510,Kamy,Consumer,Caguas,PR,Puerto Rico
9926,Aaron,Consumer,Caguas,PR,Puerto Rico
9173,Matthew,Consumer,Caguas,PR,Puerto Rico
11241,Mary,Consumer,Caguas,PR,Puerto Rico
17463,Zelda,Consumer,Caguas,PR,Puerto Rico
11895,Timothy,Consumer,Caguas,PR,Puerto Rico
5299,Mary,Consumer,Caguas,PR,Puerto Rico
9077,Sean,Consumer,Caguas,PR,Puerto Rico
10562,Bruce,Consumer,Caguas,PR,Puerto Rico
20636,Quemby,Consumer,Caguas,PR,Puerto Rico
9754,Mary,Consumer,Caguas,PR,Puerto Rico
6331,Amy,Consumer,Caguas,PR,Puerto Rico
18490,Leilani,Consumer,Caguas,PR,Puerto Rico
18274,Quyn,Consumer,Caguas,PR,Puerto Rico
20599,Carol,Consumer,Caguas,PR,Puerto Rico
2107,Paul,Consumer,Caguas,PR,Puerto Rico
456,Douglas,Consumer,Caguas,PR,Puerto Rico
10967,Alexander,Consumer,Caguas,PR,Puerto Rico
15922,Aurora,Consumer,Caguas,PR,Puerto Rico
20382,Beverly,Consumer,Caguas,PR,Puerto Rico
540,Mary,Consumer,Caguas,PR,Puerto Rico
15958,Abigail,Consumer,Caguas,PR,Puerto Rico
7806,Mary,Consumer,Caguas,PR,Puerto Rico
8773,Samantha,Consumer,Caguas,PR,Puerto Rico
20616,Ivana,Consumer,Caguas,PR,Puerto Rico
1635,Catherine,Consumer,Caguas,PR,Puerto Rico
11064,Mark,Consumer,Caguas,PR,Puerto Rico
20489,Giselle,Consumer,Caguas,PR,Puerto Rico
17496,Briar,Consumer,Caguas,PR,Puerto Rico
11433,Peter,Consumer,Caguas,PR,Puerto Rico
17369,Lilah,Consumer,Caguas,PR,Puerto Rico
4833,Mary,Consumer,Caguas,PR,Puerto Rico
20380,Madeline,Consumer,Caguas,PR,Puerto Rico
17655,Whitney,Consumer,Caguas,PR,Puerto Rico
8331,Mary,Consumer,Caguas,PR,Puerto Rico
17404,Jennifer,Consumer,Caguas,PR,Puerto Rico
3865,Jessica,Consumer,Caguas,PR,Puerto Rico
7853,Aaron,Consumer,Caguas,PR,Puerto Rico
7151,George,Consumer,Caguas,PR,Puerto Rico
4302,Nicole,Consumer,Caguas,PR,Puerto Rico
16025,Minerva,Consumer,Caguas,PR,Puerto Rico
15935,Yeo,Consumer,Toa Baja,PR,Puerto Rico
1599,Andrew,Consumer,Caguas,PR,Puerto Rico
20413,Kay,Consumer,Caguas,PR,Puerto Rico
3453,Mary,Consumer,Caguas,PR,Puerto Rico
11139,Brenda,Consumer,Caguas,PR,Puerto Rico
17257,Beatrice,Consumer,Caguas,PR,Puerto Rico
17670,Katell,Consumer,Caguas,PR,Puerto Rico
2567,Mary,Consumer,Caguas,PR,Puerto Rico
18483,Diana,Consumer,Caguas,PR,Puerto Rico
8471,Lauren,Consumer,Caguas,PR,Puerto Rico
1541,Victoria,Consumer,Caguas,PR,Puerto Rico
18518,Ayanna,Consumer,Caguas,PR,Puerto Rico
20465,Vivian,Consumer,Caguas,PR,Puerto Rico
10477,Mary,Consumer,Caguas,PR,Puerto Rico
4958,Mary,Consumer,Caguas,PR,Puerto Rico
8201,Lauren,Consumer,Caguas,PR,Puerto Rico
3186,Jack,Consumer,Caguas,PR,Puerto Rico
4392,Mary,Consumer,Caguas,PR,Puerto Rico
8938,Raymond,Consumer,Caguas,PR,Puerto Rico
10063,Julia,Consumer,Caguas,PR,Puerto Rico
3549,Adam,Consumer,Caguas,PR,Puerto Rico
7743,Melissa,Consumer,Caguas,PR,Puerto Rico
745,Mary,Consumer,Caguas,PR,Puerto Rico
18737,Tatyana,Consumer,Caguas,PR,Puerto Rico
7444,Pamela,Consumer,Caguas,PR,Puerto Rico
15341,Aiko,Consumer,Caguas,PR,Puerto Rico
15430,September,Consumer,Caguas,PR,Puerto Rico
15448,Quail,Consumer,Caguas,PR,Puerto Rico
15591,September,Consumer,Caguas,PR,Puerto Rico
15302,Danielle,Consumer,Caguas,PR,Puerto Rico
15446,Moana,Consumer,Caguas,PR,Puerto Rico
18716,Dorothy,Consumer,Caguas,PR,Puerto Rico
15373,Oprah,Consumer,Caguas,PR,Puerto Rico
15640,Emerald,Consumer,Caguas,PR,Puerto Rico
18657,Alma,Consumer,Caguas,PR,Puerto Rico
15440,Britanney,Consumer,Caguas,PR,Puerto Rico
15509,Jordan,Consumer,Caguas,PR,Puerto Rico
18705,Kelsey,Consumer,Caguas,PR,Puerto Rico
15669,Portia,Consumer,Caguas,PR,Puerto Rico
15345,Lareina,Consumer,Caguas,PR,Puerto Rico
15326,Angelica,Consumer,Caguas,PR,Puerto Rico
15378,Kai,Consumer,Caguas,PR,Puerto Rico
15324,Madeline,Consumer,Caguas,PR,Puerto Rico
18648,Marcia,Consumer,Caguas,PR,Puerto Rico
2134,Mary,Consumer,Caguas,PR,Puerto Rico
11174,Teresa,Consumer,Caguas,PR,Puerto Rico
5453,Grace,Consumer,Caguas,PR,Puerto Rico
4581,Jessica,Consumer,Caguas,PR,Puerto Rico
7435,Susan,Consumer,Caguas,PR,Puerto Rico
4019,Mary,Consumer,Caguas,PR,Puerto Rico
105,Mary,Consumer,Caguas,PR,Puerto Rico
4513,Mary,Consumer,Caguas,PR,Puerto Rico
4194,Lisa,Consumer,Caguas,PR,Puerto Rico
11824,Stephanie,Consumer,Caguas,PR,Puerto Rico
4786,Mary,Consumer,Caguas,PR,Puerto Rico
10598,Jason,Consumer,Caguas,PR,Puerto Rico
12336,Joe,Consumer,Caguas,PR,Puerto Rico
1497,Judith,Consumer,Caguas,PR,Puerto Rico
5378,Mary,Consumer,Caguas,PR,Puerto Rico
4641,Rachel,Consumer,Caguas,PR,Puerto Rico
1993,Diana,Consumer,Caguas,PR,Puerto Rico
6849,Mary,Consumer,Caguas,PR,Puerto Rico
3343,Vincent,Consumer,Caguas,PR,Puerto Rico
2727,Henry,Consumer,Caguas,PR,Puerto Rico
5605,Mary,Consumer,Caguas,PR,Puerto Rico
338,Ryan,Consumer,Caguas,PR,Puerto Rico
5779,Mary,Consumer,Caguas,PR,Puerto Rico
2627,Mary,Consumer,Caguas,PR,Puerto Rico
6569,Samantha,Consumer,Caguas,PR,Puerto Rico
3965,Mary,Consumer,Caguas,PR,Puerto Rico
17586,Aimee,Consumer,Caguas,PR,Puerto Rico
17602,Basia,Consumer,Caguas,PR,Puerto Rico
20261,Kiayada,Consumer,Caguas,PR,Puerto Rico
17819,Isabella,Consumer,Caguas,PR,Puerto Rico
17801,Quin,Consumer,Caguas,PR,Puerto Rico
18629,Rosalyn,Consumer,Caguas,PR,Puerto Rico
16295,Raya,Consumer,Caguas,PR,Puerto Rico
20044,Quincy,Consumer,Bayamon,PR,Puerto Rico
20187,Glenna,Consumer,Caguas,PR,Puerto Rico
19989,Hiroko,Consumer,Caguas,PR,Puerto Rico
19809,Bertha,Consumer,Humacao,PR,Puerto Rico
19880,Kathleen,Consumer,Caguas,PR,Puerto Rico
17116,Ivana,Consumer,Caguas,PR,Puerto Rico
18591,Kimberley,Consumer,Caguas,PR,Puerto Rico
18537,Lucy,Consumer,Caguas,PR,Puerto Rico
15229,Reagan,Consumer,Caguas,PR,Puerto Rico
18963,Sylvia,Consumer,Caguas,PR,Puerto Rico
18572,Mariam,Consumer,Caguas,PR,Puerto Rico
19807,Chelsea,Consumer,Caguas,PR,Puerto Rico
19824,Angelica,Consumer,Caguas,PR,Puerto Rico
18943,Noelle,Consumer,Caguas,PR,Puerto Rico
19986,Avye,Consumer,Caguas,PR,Puerto Rico
17113,Maryam,Consumer,Caguas,PR,Puerto Rico
20039,Zena,Consumer,Caguas,PR,Puerto Rico
19984,Signe,Consumer,Caguas,PR,Puerto Rico
16235,Marah,Consumer,Caguas,PR,Puerto Rico
15242,Mechelle,Consumer,Caguas,PR,Puerto Rico
20217,Roanna,Consumer,Caguas,PR,Puerto Rico
19964,Adara,Consumer,Caguas,PR,Puerto Rico
17775,Darryl,Consumer,Caguas,PR,Puerto Rico
17110,Jade,Consumer,Caguas,PR,Puerto Rico
17074,Ainsley,Consumer,Caguas,PR,Puerto Rico
20180,Suki,Consumer,Caguas,PR,Puerto Rico
19874,Faith,Consumer,Caguas,PR,Puerto Rico
20233,Madonna,Consumer,Caguas,PR,Puerto Rico
20017,Serina,Consumer,Caguas,PR,Puerto Rico
17773,Bertha,Consumer,Caguas,PR,Puerto Rico
18619,Zelda,Consumer,Caguas,PR,Puerto Rico
15167,McKenzie,Consumer,Caguas,PR,Puerto Rico
20034,Ursa,Consumer,Caguas,PR,Puerto Rico
19782,Roanna,Consumer,Caguas,PR,Puerto Rico
17035,Lydia,Consumer,Caguas,PR,Puerto Rico
16356,Nichole,Consumer,Caguas,PR,Puerto Rico
17125,Dawn,Consumer,Caguas,PR,Puerto Rico
19780,Hyacinth,Consumer,Caguas,PR,Puerto Rico
18562,Piper,Consumer,Caguas,PR,Puerto Rico
18526,Rowan,Consumer,Caguas,PR,Puerto Rico
18988,Xantha,Consumer,Caguas,PR,Puerto Rico
20319,Geraldine,Consumer,Caguas,PR,Puerto Rico
17122,Kevyn,Consumer,Caguas,PR,Puerto Rico
15181,Dorothy,Consumer,Caguas,PR,Puerto Rico
17068,Ila,Consumer,Caguas,PR,Puerto Rico
20245,Melinda,Consumer,Caguas,PR,Puerto Rico
20371,Linda,Consumer,Carolina,PR,Puerto Rico
20317,Ella,Consumer,Caguas,PR,Puerto Rico
17247,Nayda,Consumer,Caguas,PR,Puerto Rico
18595,Mia,Consumer,Caguas,PR,Puerto Rico
20100,Iola,Consumer,Caguas,PR,Puerto Rico
18895,Camille,Consumer,Caguas,PR,Puerto Rico
17102,Alea,Consumer,Caguas,PR,Puerto Rico
18044,Selma,Consumer,Caguas,PR,Puerto Rico
18042,Dorothy,Consumer,Caguas,PR,Puerto Rico
16467,Zenaida,Consumer,Caguas,PR,Puerto Rico
19176,Emerald,Consumer,Caguas,PR,Puerto Rico
19174,Audrey,Consumer,Caguas,PR,Puerto Rico
19043,Mallory,Consumer,Caguas,PR,Puerto Rico
19130,Nerea,Consumer,Caguas,PR,Puerto Rico
19237,Illiana,Consumer,Caguas,PR,Puerto Rico
18782,Cailin,Consumer,Caguas,PR,Puerto Rico
3886,Brian,Consumer,Caguas,PR,Puerto Rico
4792,Dorothy,Consumer,Caguas,PR,Puerto Rico
3442,Mary,Consumer,Caguas,PR,Puerto Rico
15985,Harriet,Consumer,Caguas,PR,Puerto Rico
4939,Carol,Consumer,Caguas,PR,Puerto Rico
5677,Paul,Consumer,Caguas,PR,Puerto Rico
17432,Roary,Consumer,Caguas,PR,Puerto Rico
8434,Mary,Consumer,Caguas,PR,Puerto Rico
4845,Douglas,Consumer,Caguas,PR,Puerto Rico
4712,Nicholas,Consumer,Caguas,PR,Puerto Rico
17411,Marah,Consumer,Caguas,PR,Puerto Rico
17321,Tara,Consumer,Caguas,PR,Puerto Rico
571,Mary,Consumer,Caguas,PR,Puerto Rico
18492,Hedy,Consumer,Caguas,PR,Puerto Rico
16015,Lael,Consumer,Caguas,PR,Puerto Rico
961,David,Consumer,Caguas,PR,Puerto Rico
17695,Ivory,Consumer,Trujillo Alto,PR,Puerto Rico
8758,Mary,Consumer,Caguas,PR,Puerto Rico
18341,Aiko,Consumer,Caguas,PR,Puerto Rico
8787,Janice,Consumer,Caguas,PR,Puerto Rico
2816,Mary,Consumer,Caguas,PR,Puerto Rico
7566,Mary,Consumer,Caguas,PR,Puerto Rico
1084,Gary,Consumer,Caguas,PR,Puerto Rico
17491,Brynn,Consumer,Caguas,PR,Puerto Rico
734,Mary,Consumer,Caguas,PR,Puerto Rico
17998,Violet,Consumer,Caguas,PR,Puerto Rico
17274,Debra,Consumer,Caguas,PR,Puerto Rico
1734,Bobby,Consumer,Caguas,PR,Puerto Rico
9438,Mary,Consumer,Caguas,PR,Puerto Rico
2236,Jeffrey,Consumer,Caguas,PR,Puerto Rico
11493,Julia,Consumer,Caguas,PR,Puerto Rico
7545,Christopher,Consumer,Caguas,PR,Puerto Rico
4327,Sarah,Consumer,Caguas,PR,Puerto Rico
3043,Catherine,Consumer,Caguas,PR,Puerto Rico
12264,Olivia,Consumer,Caguas,PR,Puerto Rico
17551,Alma,Consumer,Caguas,PR,Puerto Rico
19954,Shea,Consumer,Caguas,PR,Puerto Rico
20367,Emi,Consumer,Caguas,PR,Puerto Rico
20132,Laurel,Consumer,Caguas,PR,Puerto Rico
20274,Debra,Consumer,Caguas,PR,Puerto Rico
17796,Mechelle,Consumer,Caguas,PR,Puerto Rico
18978,Jemima,Consumer,Caguas,PR,Puerto Rico
19928,Lacey,Consumer,Caguas,PR,Puerto Rico
19784,Minerva,Consumer,Caguas,PR,Puerto Rico
20172,Veronica,Consumer,Caguas,PR,Puerto Rico
17048,Kiayada,Consumer,Caguas,PR,Puerto Rico
11509,Sharon,Consumer,Caguas,PR,Puerto Rico
12154,Kevin,Consumer,Caguas,PR,Puerto Rico
3281,Teresa,Consumer,Caguas,PR,Puerto Rico
551,Doris,Consumer,Caguas,PR,Puerto Rico
6080,Mary,Consumer,Caguas,PR,Puerto Rico
492,Mary,Consumer,Bayamon,PR,Puerto Rico
10487,Juan,Consumer,Caguas,PR,Puerto Rico
828,Johnny,Consumer,Caguas,PR,Puerto Rico
11021,Brenda,Consumer,Caguas,PR,Puerto Rico
10021,Donald,Consumer,Caguas,PR,Puerto Rico
7119,Russell,Consumer,Caguas,PR,Puerto Rico
8736,Aaron,Consumer,Caguas,PR,Puerto Rico
9138,Gary,Consumer,Caguas,PR,Puerto Rico
1701,Aaron,Consumer,Caguas,PR,Puerto Rico
12384,Raymond,Consumer,Caguas,PR,Puerto Rico
2531,Mary,Consumer,Caguas,PR,Puerto Rico
6117,Gloria,Consumer,Caguas,PR,Puerto Rico
8591,Mary,Consumer,Caguas,PR,Puerto Rico
9499,Joshua,Consumer,Caguas,PR,Puerto Rico
2211,Debra,Consumer,Caguas,PR,Puerto Rico
4761,Mary,Consumer,Caguas,PR,Puerto Rico
2998,Denise,Consumer,Caguas,PR,Puerto Rico
4105,Mary,Consumer,Caguas,PR,Puerto Rico
11881,Maria,Consumer,Caguas,PR,Puerto Rico
3483,Michael,Consumer,Caguas,PR,Puerto Rico
10214,Raymond,Consumer,Caguas,PR,Puerto Rico
7206,Lori,Consumer,Caguas,PR,Puerto Rico
1437,Mary,Consumer,Caguas,PR,Puerto Rico
7136,Mary,Consumer,Caguas,PR,Puerto Rico
3823,Charles,Consumer,Caguas,PR,Puerto Rico
11600,Jean,Consumer,Caguas,PR,Puerto Rico
7430,Wayne,Consumer,Caguas,PR,Puerto Rico
9266,Brittany,Consumer,Caguas,PR,Puerto Rico
6599,Robert,Consumer,Caguas,PR,Puerto Rico
10225,Diane,Consumer,Caguas,PR,Puerto Rico
7553,Mary,Consumer,Caguas,PR,Puerto Rico
7328,Mary,Consumer,Caguas,PR,Puerto Rico
767,Christine,Consumer,Caguas,PR,Puerto Rico
12345,Phillip,Consumer,Caguas,PR,Puerto Rico
6854,Mary,Consumer,Caguas,PR,Puerto Rico
9335,Joseph,Consumer,Caguas,PR,Puerto Rico
6336,Richard,Consumer,Caguas,PR,Puerto Rico
2674,John,Consumer,Caguas,PR,Puerto Rico
3601,Rose,Consumer,Caguas,PR,Puerto Rico
8670,Mary,Consumer,Caguas,PR,Puerto Rico
8119,Mary,Consumer,Caguas,PR,Puerto Rico
9764,John,Consumer,San Sebastian,PR,Puerto Rico
4218,Mary,Consumer,Caguas,PR,Puerto Rico
6377,Mary,Consumer,Caguas,PR,Puerto Rico
1334,Roger,Consumer,Caguas,PR,Puerto Rico
370,Mary,Consumer,Caguas,PR,Puerto Rico
7585,Angela,Consumer,Caguas,PR,Puerto Rico
6579,Mary,Consumer,Caguas,PR,Puerto Rico
802,Mary,Consumer,Caguas,PR,Puerto Rico
69,Megan,Consumer,Caguas,PR,Puerto Rico
9752,Mary,Consumer,Caguas,PR,Puerto Rico
2715,Mary,Consumer,Caguas,PR,Puerto Rico
6678,Mary,Consumer,Caguas,PR,Puerto Rico
10709,Mary,Consumer,Caguas,PR,Puerto Rico
9310,Timothy,Consumer,Caguas,PR,Puerto Rico
1353,Victoria,Consumer,Caguas,PR,Puerto Rico
6592,Tyler,Consumer,Caguas,PR,Puerto Rico
7502,Joe,Consumer,Caguas,PR,Puerto Rico
6759,Matthew,Consumer,Caguas,PR,Puerto Rico
11548,Hannah,Consumer,Caguas,PR,Puerto Rico
9153,Sharon,Consumer,Caguas,PR,Puerto Rico
7126,James,Consumer,Caguas,PR,Puerto Rico
124,Judy,Consumer,Caguas,PR,Puerto Rico
6651,Ashley,Consumer,Caguas,PR,Puerto Rico
11968,Emily,Consumer,Caguas,PR,Puerto Rico
5199,Patricia,Consumer,Caguas,PR,Puerto Rico
11800,James,Consumer,Caguas,PR,Puerto Rico
3841,Mary,Consumer,Caguas,PR,Puerto Rico
10032,Shawn,Consumer,Caguas,PR,Puerto Rico
11637,Mary,Consumer,Caguas,PR,Puerto Rico
2524,Mary,Consumer,Caguas,PR,Puerto Rico
9473,Michelle,Consumer,Caguas,PR,Puerto Rico
11952,Mary,Consumer,Caguas,PR,Puerto Rico
9574,Mary,Consumer,Caguas,PR,Puerto Rico
2140,Samuel,Consumer,Caguas,PR,Puerto Rico
5464,Peter,Consumer,Caguas,PR,Puerto Rico
2549,Stephanie,Consumer,Caguas,PR,Puerto Rico
10464,Emily,Consumer,Caguas,PR,Puerto Rico
10585,Michael,Consumer,Caguas,PR,Puerto Rico
6975,Mary,Consumer,Caguas,PR,Puerto Rico
8039,Gerald,Consumer,Caguas,PR,Puerto Rico
2516,Mary,Consumer,Caguas,PR,Puerto Rico
9652,Mary,Consumer,Caguas,PR,Puerto Rico
11593,Joan,Consumer,Caguas,PR,Puerto Rico
5924,Virginia,Consumer,Caguas,PR,Puerto Rico
4728,Mary,Consumer,Caguas,PR,Puerto Rico
4063,Mary,Consumer,Caguas,PR,Puerto Rico
9533,Mary,Consumer,Caguas,PR,Puerto Rico
11584,Jeffrey,Consumer,Caguas,PR,Puerto Rico
10423,Mary,Consumer,Caguas,PR,Puerto Rico
4148,Debra,Consumer,Caguas,PR,Puerto Rico
4800,Mary,Consumer,Caguas,PR,Puerto Rico
762,Mary,Consumer,Caguas,PR,Puerto Rico
5904,Catherine,Consumer,Caguas,PR,Puerto Rico
194,Mary,Consumer,Caguas,PR,Puerto Rico
4893,William,Consumer,Caguas,PR,Puerto Rico
447,Mary,Consumer,Caguas,PR,Puerto Rico
1245,Gregory,Consumer,Caguas,PR,Puerto Rico
3067,Mary,Consumer,Caguas,PR,Puerto Rico
11766,Mary,Consumer,Caguas,PR,Puerto Rico
6262,Mary,Consumer,Caguas,PR,Puerto Rico
2629,Mary,Consumer,Caguas,PR,Puerto Rico
1580,Kelly,Consumer,Caguas,PR,Puerto Rico
8673,Carolyn,Consumer,Caguas,PR,Puerto Rico
8738,Donald,Consumer,Caguas,PR,Puerto Rico
11572,Mary,Consumer,Caguas,PR,Puerto Rico
8702,Mary,Consumer,Caguas,PR,Puerto Rico
11556,Hannah,Consumer,Humacao,PR,Puerto Rico
7685,Mary,Consumer,Caguas,PR,Puerto Rico
9395,Pamela,Consumer,Caguas,PR,Puerto Rico
4975,Diane,Consumer,Caguas,PR,Puerto Rico
4551,Jonathan,Consumer,Caguas,PR,Puerto Rico
6418,Olivia,Consumer,Caguas,PR,Puerto Rico
10832,Mary,Consumer,Caguas,PR,Puerto Rico
12285,Patrick,Consumer,Caguas,PR,Puerto Rico
5034,Rose,Consumer,Caguas,PR,Puerto Rico
7786,Mary,Consumer,Caguas,PR,Puerto Rico
11464,Timothy,Consumer,Caguas,PR,Puerto Rico
3087,Mary,Consumer,Caguas,PR,Puerto Rico
2991,Julie,Consumer,Caguas,PR,Puerto Rico
5583,Mary,Consumer,Caguas,PR,Puerto Rico
5724,Christian,Consumer,Caguas,PR,Puerto Rico
11487,Cheryl,Consumer,Caguas,PR,Puerto Rico
7944,Gloria,Consumer,Caguas,PR,Puerto Rico
404,Mary,Consumer,Caguas,PR,Puerto Rico
2143,Elizabeth,Consumer,Caguas,PR,Puerto Rico
10272,Jonathan,Consumer,Caguas,PR,Puerto Rico
4240,Kenneth,Consumer,Caguas,PR,Puerto Rico
2275,Lisa,Consumer,Caguas,PR,Puerto Rico
5477,Mary,Consumer,Caguas,PR,Puerto Rico
10473,Betty,Consumer,Caguas,PR,Puerto Rico
7972,Mary,Consumer,Caguas,PR,Puerto Rico
9223,Carl,Consumer,Caguas,PR,Puerto Rico
7867,Mary,Consumer,Cayey,PR,Puerto Rico
3065,Amy,Consumer,Caguas,PR,Puerto Rico
6960,Mary,Consumer,Caguas,PR,Puerto Rico
10150,Mary,Consumer,Caguas,PR,Puerto Rico
11836,Mary,Consumer,Caguas,PR,Puerto Rico
7021,Debra,Consumer,Caguas,PR,Puerto Rico
7095,Amanda,Consumer,Caguas,PR,Puerto Rico
9160,Teresa,Consumer,Caguas,PR,Puerto Rico
1493,Mary,Consumer,Caguas,PR,Puerto Rico
7582,Aaron,Consumer,Caguas,PR,Puerto Rico
11635,Mary,Consumer,Caguas,PR,Puerto Rico
3953,Mary,Consumer,Caguas,PR,Puerto Rico
8297,Debra,Consumer,Caguas,PR,Puerto Rico
5284,Mary,Consumer,Caguas,PR,Puerto Rico
12085,Mark,Consumer,Caguas,PR,Puerto Rico
3063,John,Consumer,Caguas,PR,Puerto Rico
10253,Kyle,Consumer,Caguas,PR,Puerto Rico
10353,Harold,Consumer,Caguas,PR,Puerto Rico
6394,Jacqueline,Consumer,Caguas,PR,Puerto Rico
3740,Mary,Consumer,Caguas,PR,Puerto Rico
2937,Mary,Consumer,Caguas,PR,Puerto Rico
333,Elizabeth,Consumer,Caguas,PR,Puerto Rico
7169,Cheryl,Consumer,Caguas,PR,Puerto Rico
9372,Kevin,Consumer,Caguas,PR,Puerto Rico
5933,Megan,Consumer,Caguas,PR,Puerto Rico
7904,Mary,Consumer,Caguas,PR,Puerto Rico
7292,Jonathan,Consumer,Caguas,PR,Puerto Rico
11906,Mary,Consumer,Aguadilla,PR,Puerto Rico
830,William,Consumer,Caguas,PR,Puerto Rico
3209,Mary,Consumer,Caguas,PR,Puerto Rico
6621,Joan,Consumer,Caguas,PR,Puerto Rico
8383,Mary,Consumer,Caguas,PR,Puerto Rico
1647,Kevin,Consumer,Caguas,PR,Puerto Rico
14435,Jael,Corporate,Princeton,NJ,EE. UU.
13457,Ora,Corporate,Newburgh,NY,EE. UU.
7664,Brandon,Corporate,Piscataway,NJ,EE. UU.
310,Mary,Corporate,York,PA,EE. UU.
2409,Patrick,Corporate,Chicago,IL,EE. UU.
1803,Mary,Corporate,West Haven,CT,EE. UU.
14789,Mariko,Corporate,Dallas,TX,EE. UU.
684,Christopher,Corporate,Highland Park,MI,EE. UU.
13645,Maggie,Corporate,San Marcos,TX,EE. UU.
14861,Echo,Corporate,Los Angeles,CA,EE. UU.
10867,David,Corporate,Laguna Niguel,CA,EE. UU.
14752,Maggie,Corporate,West Orange,NJ,EE. UU.
12184,Mary,Corporate,Hayward,CA,EE. UU.
13912,Germane,Corporate,Ewa Beach,HI,EE. UU.
6719,Mary,Corporate,Encinitas,CA,EE. UU.
4972,Matthew,Corporate,Aurora,IL,EE. UU.
12776,Zoe,Corporate,Denton,TX,EE. UU.
621,Mary,Corporate,Anaheim,CA,EE. UU.
4681,Mary,Corporate,Marietta,GA,EE. UU.
13764,Reagan,Corporate,Wayne,NJ,EE. UU.
13710,Xerxes,Corporate,Virginia Beach,VA,EE. UU.
14800,Chantale,Corporate,Katy,TX,EE. UU.
10561,Mary,Corporate,Plainfield,IL,EE. UU.
9052,Mary,Corporate,Stone Mountain,GA,EE. UU.
93,Mary,Corporate,Annapolis,MD,EE. UU.
14798,Zoe,Corporate,Placentia,CA,EE. UU.
10822,Mary,Corporate,Houston,TX,EE. UU.
5181,Mary,Corporate,Broken Arrow,OK,EE. UU.
8579,Mary,Corporate,Fort Worth,TX,EE. UU.
13814,Darrel,Corporate,Campbell,CA,EE. UU.
6718,Kelly,Corporate,Pittsburg,CA,EE. UU.
13939,Regan,Corporate,Las Vegas,NV,EE. UU.
11364,Jacqueline,Corporate,Tucson,AZ,EE. UU.
8457,Joseph,Corporate,Bakersfield,CA,EE. UU.
12053,Wayne,Corporate,Long Beach,CA,EE. UU.
7778,Mary,Corporate,Palo Alto,CA,EE. UU.
3739,Terry,Corporate,Potomac,MD,EE. UU.
6894,Gerald,Corporate,Raleigh,NC,EE. UU.
7064,Ann,Corporate,Fairfield,CA,EE. UU.
4338,Mary,Corporate,Gilroy,CA,EE. UU.
9211,Lauren,Corporate,Spokane,WA,EE. UU.
4305,Mary,Corporate,Gardena,CA,EE. UU.
10922,Mary,Corporate,Portland,OR,EE. UU.
11469,Judy,Corporate,Grove City,OH,EE. UU.
527,Mary,Corporate,Taunton,MA,EE. UU.
10597,Elizabeth,Corporate,Memphis,TN,EE. UU.
2019,Pamela,Corporate,Brooklyn,NY,EE. UU.
161,Mary,Corporate,Hialeah,FL,EE. UU.
12137,Eugene,Corporate,Washington,DC,EE. UU.
11235,Judy,Corporate,Portland,OR,EE. UU.
4516,Harry,Corporate,Brooklyn,NY,EE. UU.
9024,Walter,Corporate,Longview,WA,EE. UU.
12486,Yvette,Corporate,San Bernardino,CA,EE. UU.
12735,Octavia,Corporate,Troy,MI,EE. UU.
12551,Lacy,Corporate,West Covina,CA,EE. UU.
12656,Alma,Corporate,Salinas,CA,EE. UU.
12636,Nayda,Corporate,Lynn,MA,EE. UU.
12707,Veronica,Corporate,Fremont,CA,EE. UU.
15015,Grace,Corporate,Citrus Heights,CA,EE. UU.
12884,Brenna,Corporate,Modesto,CA,EE. UU.
12864,Amity,Corporate,Spring Valley,CA,EE. UU.
12935,Wynter,Corporate,San Diego,CA,EE. UU.
15009,Frances,Corporate,Winter Park,FL,EE. UU.
12891,Nelle,Corporate,Colorado Springs,CO,EE. UU.
15071,Renee,Corporate,Baytown,TX,EE. UU.
12407,Megan,Corporate,Philadelphia,PA,EE. UU.
9488,Mary,Corporate,Hialeah,FL,EE. UU.
4725,Gerald,Corporate,Lawrenceville,GA,EE. UU.
9716,Dorothy,Corporate,Plymouth,MA,EE. UU.
10233,Mary,Corporate,Far Rockaway,NY,EE. UU.
4069,Steven,Corporate,Tinley Park,IL,EE. UU.
6972,Grace,Corporate,Fairfield,CA,EE. UU.
9447,James,Corporate,Palmdale,CA,EE. UU.
1478,Anna,Corporate,Rome,NY,EE. UU.
383,Evelyn,Corporate,Huntington Beach,CA,EE. UU.
12380,Jacqueline,Corporate,Henrico,VA,EE. UU.
5631,Gloria,Corporate,Los Angeles,CA,EE. UU.
11279,Mary,Corporate,Berwyn,IL,EE. UU.
319,Arthur,Corporate,Chicago,IL,EE. UU.
8417,Mary,Corporate,Houston,TX,EE. UU.
1745,Mary,Corporate,Rowland Heights,CA,EE. UU.
12207,Jose,Corporate,Austin,TX,EE. UU.
842,Patrick,Corporate,New Haven,CT,EE. UU.
8843,Juan,Corporate,Houston,TX,EE. UU.
136,Ryan,Corporate,Lynn,MA,EE. UU.
6225,Mary,Corporate,Riverside,CA,EE. UU.
1638,William,Corporate,Crystal Lake,IL,EE. UU.
2831,Mary,Corporate,Los Angeles,CA,EE. UU.
6877,Mary,Corporate,Lancaster,PA,EE. UU.
8690,Howard,Corporate,Honolulu,HI,EE. UU.
4281,Kenneth,Corporate,Garland,TX,EE. UU.
7507,Mary,Corporate,Washington,DC,EE. UU.
4421,Carolyn,Corporate,Atlanta,GA,EE. UU.
8474,Anna,Corporate,Los Angeles,CA,EE. UU.
7416,Lisa,Corporate,Sandusky,OH,EE. UU.
7164,Paul,Corporate,Huntington Station,NY,EE. UU.
11603,Theresa,Corporate,Los Angeles,CA,EE. UU.
11932,Mary,Corporate,Lawton,OK,EE. UU.
18058,Stella,Corporate,North Las Vegas,NV,EE. UU.
18270,Germaine,Corporate,West Jordan,UT,EE. UU.
19232,Jolene,Corporate,Catonsville,MD,EE. UU.
16606,Hillary,Corporate,Amarillo,TX,EE. UU.
19145,Bertha,Corporate,Chicago,IL,EE. UU.
19126,Winifred,Corporate,Brooklyn,NY,EE. UU.
18774,Skyler,Corporate,Ontario,CA,EE. UU.
15877,Renee,Corporate,Lockport,NY,EE. UU.
18751,Sacha,Corporate,Mount Pleasant,MI,EE. UU.
15870,May,Corporate,Greensboro,NC,EE. UU.
15866,Cynthia,Corporate,Houston,TX,EE. UU.
8405,Stephen,Corporate,Fort Washington,MD,EE. UU.
10609,Mary,Corporate,Ontario,CA,EE. UU.
5322,Christine,Corporate,New York,NY,EE. UU.
5699,Mildred,Corporate,Sunnyvale,CA,EE. UU.
18878,Beatrice,Corporate,New Braunfels,TX,EE. UU.
17977,Mara,Corporate,Hayward,CA,EE. UU.
10249,Jennifer,Corporate,Freehold,NJ,EE. UU.
4723,Terry,Corporate,Webster,NY,EE. UU.
6503,Heather,Corporate,Costa Mesa,CA,EE. UU.
20694,Cynthia,Corporate,Columbia,SC,EE. UU.
20693,Morgan,Corporate,Howell,MI,EE. UU.
11253,Mary,Corporate,San Ramon,CA,EE. UU.
20692,Cynthia,Corporate,Highland,CA,EE. UU.
20547,Maisie,Corporate,Richmond,IN,EE. UU.
20600,Deborah,Corporate,Huntington Station,NY,EE. UU.
15923,Ainsley,Corporate,Findlay,OH,EE. UU.
16049,Sopoline,Corporate,Brooklyn,NY,EE. UU.
17282,Quail,Corporate,Bronx,NY,EE. UU.
16085,Yolanda,Corporate,Union City,CA,EE. UU.
18398,Jordan,Corporate,Las Vegas,NV,EE. UU.
8999,Paul,Corporate,Oregon City,OR,EE. UU.
17513,Hilary,Corporate,Brooklyn,NY,EE. UU.
18358,Kimberly,Corporate,Chicago,IL,EE. UU.
2988,Amy,Corporate,Folsom,CA,EE. UU.
17293,Rae,Corporate,Parkville,MD,EE. UU.
15575,Iola,Corporate,New York,NY,EE. UU.
18665,Blair,Corporate,San Jose,CA,EE. UU.
8445,Mary,Corporate,Hamilton,OH,EE. UU.
15656,Leigh,Corporate,Sacramento,CA,EE. UU.
15331,Rachel,Corporate,Houston,TX,EE. UU.
15564,Ivy,Corporate,Edison,NJ,EE. UU.
5323,Julia,Corporate,Antioch,TN,EE. UU.
15435,Scarlett,Corporate,Glendale,AZ,EE. UU.
15614,Iona,Corporate,Middletown,OH,EE. UU.
8492,Mary,Corporate,San Diego,CA,EE. UU.
1850,Emily,Corporate,Detroit,MI,EE. UU.
4355,Mary,Corporate,Garden Grove,CA,EE. UU.
4711,Ryan,Corporate,Pharr,TX,EE. UU.
6373,Mary,Corporate,Frankfort,KY,EE. UU.
7174,Kenneth,Corporate,Martinez,CA,EE. UU.
1347,Alan,Corporate,Hayward,CA,EE. UU.
15196,Hiroko,Corporate,Santa Ana,CA,EE. UU.
18912,Odette,Corporate,Greensburg,PA,EE. UU.
18965,September,Corporate,Buena Park,CA,EE. UU.
19791,Cally,Corporate,Mcallen,TX,EE. UU.
17134,Carolyn,Corporate,Reynoldsburg,OH,EE. UU.
15138,Kevyn,Corporate,Honolulu,HI,EE. UU.
19789,Chava,Corporate,San Jose,CA,EE. UU.
17780,Eve,Corporate,Bowling Green,KY,EE. UU.
17204,Gwendolyn,Corporate,Brooklyn,NY,EE. UU.
15191,Hollee,Corporate,Longmont,CO,EE. UU.
19841,Ignacia,Corporate,Morristown,NJ,EE. UU.
18939,Rachel,Corporate,Mount Prospect,IL,EE. UU.
17163,Margaret,Corporate,Brooklyn,NY,EE. UU.
18584,Kaye,Corporate,Los Angeles,CA,EE. UU.
19783,Jacqueline,Corporate,Wyoming,MI,EE. UU.
15275,Ayanna,Corporate,Stockbridge,GA,EE. UU.
15148,Camille,Corporate,Fremont,CA,EE. UU.
18580,Selma,Corporate,Philadelphia,PA,EE. UU.
16318,Karina,Corporate,Greensburg,PA,EE. UU.
19830,Cheryl,Corporate,Brooklyn,NY,EE. UU.
9350,Robert,Corporate,Chillicothe,OH,EE. UU.
3232,Olivia,Corporate,Rancho Cucamonga,CA,EE. UU.
10736,Mary,Corporate,South San Francisco,CA,EE. UU.
3293,Mary,Corporate,San Jose,CA,EE. UU.
12423,Stephen,Corporate,Palmdale,CA,EE. UU.
1968,Mary,Corporate,Carson,CA,EE. UU.
3602,Mary,Corporate,Stamford,CT,EE. UU.
5544,Mary,Corporate,Tustin,CA,EE. UU.
9279,Donna,Corporate,Michigan City,IN,EE. UU.
1539,Sarah,Corporate,Saint Louis,MO,EE. UU.
6383,David,Corporate,San Pedro,CA,EE. UU.
8759,Terry,Corporate,Los Angeles,CA,EE. UU.
10271,Mary,Corporate,Pawtucket,RI,EE. UU.
3882,Joshua,Corporate,Greensburg,PA,EE. UU.
7008,Sandra,Corporate,Hialeah,FL,EE. UU.
2068,Donna,Corporate,Atlanta,GA,EE. UU.
833,Alexander,Corporate,Dubuque,IA,EE. UU.
5432,Denise,Corporate,Baltimore,MD,EE. UU.
11698,Julie,Corporate,Chicago Heights,IL,EE. UU.
6965,Mary,Corporate,Hialeah,FL,EE. UU.
5497,Katherine,Corporate,San Diego,CA,EE. UU.
6186,Randy,Corporate,Bronx,NY,EE. UU.
12009,Matthew,Corporate,Bronx,NY,EE. UU.
2407,Lisa,Corporate,Lake Forest,CA,EE. UU.
9373,Mary,Corporate,Brooklyn,NY,EE. UU.
905,Virginia,Corporate,Walnut,CA,EE. UU.
1841,Douglas,Corporate,Cleveland,OH,EE. UU.
211,Mary,Corporate,Lawrenceville,GA,EE. UU.
5531,Philip,Corporate,Chicago,IL,EE. UU.
2776,James,Corporate,Las Vegas,NV,EE. UU.
8289,Mary,Corporate,Los Angeles,CA,EE. UU.
3157,Mary,Corporate,West Jordan,UT,EE. UU.
8262,George,Corporate,West Orange,NJ,EE. UU.
195,Richard,Corporate,Modesto,CA,EE. UU.
10130,Joseph,Corporate,Arlington,VA,EE. UU.
5435,Mary,Corporate,Lawrenceville,GA,EE. UU.
2570,Michael,Corporate,Bronx,NY,EE. UU.
8489,Mary,Corporate,Gilroy,CA,EE. UU.
12312,Jessica,Corporate,Gaithersburg,MD,EE. UU.
4027,Robert,Corporate,San Francisco,CA,EE. UU.
9802,Diane,Corporate,San Diego,CA,EE. UU.
2933,George,Corporate,Kailua,HI,EE. UU.
1120,Mary,Corporate,Danbury,CT,EE. UU.
5744,Walter,Corporate,Corona,NY,EE. UU.
4694,Mary,Corporate,Del Rio,TX,EE. UU.
1513,Karen,Corporate,North Hills,CA,EE. UU.
6639,Mary,Corporate,Winnetka,CA,EE. UU.
3130,Dylan,Corporate,New Orleans,LA,EE. UU.
4715,Kenneth,Corporate,Plainfield,IL,EE. UU.
14682,Aubrey,Corporate,Ontario,CA,EE. UU.
13199,Hannah,Corporate,Chicago,IL,EE. UU.
14143,Jessica,Corporate,Kaneohe,HI,EE. UU.
13466,Tamara,Corporate,Colorado Springs,CO,EE. UU.
13249,Elaine,Corporate,San Francisco,CA,EE. UU.
14393,Carolyn,Corporate,Chicago,IL,EE. UU.
14267,Shannon,Corporate,Catonsville,MD,EE. UU.
13355,Xerxes,Corporate,Cypress,CA,EE. UU.
14583,Deborah,Corporate,Salina,KS,EE. UU.
12993,Abigail,Corporate,Waipahu,HI,EE. UU.
13317,Mariko,Corporate,Memphis,TN,EE. UU.
13316,Gloria,Corporate,Marietta,GA,EE. UU.
13241,Belle,Corporate,Ypsilanti,MI,EE. UU.
10952,Mary,Corporate,Greeley,CO,EE. UU.
2100,Mary,Corporate,Austin,TX,EE. UU.
13734,Joan,Corporate,San Jose,CA,EE. UU.
13554,Chanda,Corporate,Paramount,CA,EE. UU.
14782,Darryl,Corporate,Mesquite,TX,EE. UU.
13926,Iona,Corporate,Portland,OR,EE. UU.
12772,Skyler,Corporate,New York,NY,EE. UU.
5696,Mary,Corporate,Philadelphia,PA,EE. UU.
12767,Zenaida,Corporate,Tempe,AZ,EE. UU.
13776,Sybil,Corporate,West Chester,PA,EE. UU.
13686,Fatima,Corporate,New Bedford,MA,EE. UU.
14773,Calista,Corporate,El Paso,TX,EE. UU.
7869,Grace,Corporate,Sumner,WA,EE. UU.
7450,Mary,Corporate,Pharr,TX,EE. UU.
1122,Joan,Corporate,Pico Rivera,CA,EE. UU.
1986,Mary,Corporate,Phoenix,AZ,EE. UU.
8079,Mary,Corporate,Spring Valley,NY,EE. UU.
1713,Mary,Corporate,Frankfort,KY,EE. UU.
3637,Mary,Corporate,Bronx,NY,EE. UU.
2455,Mary,Corporate,Carol Stream,IL,EE. UU.
7961,Mary,Corporate,Miami,FL,EE. UU.
1392,Mary,Corporate,Amarillo,TX,EE. UU.
6290,Mary,Corporate,Ontario,CA,EE. UU.
7277,Justin,Corporate,Littleton,CO,EE. UU.
12440,Joanha,Corporate,San Marcos,CA,EE. UU.
12862,Geraldine,Corporate,Endicott,NY,EE. UU.
14989,Neve,Corporate,Ontario,CA,EE. UU.
12908,Odessa,Corporate,Bellflower,CA,EE. UU.
14077,Amy,Corporate,Aurora,CO,EE. UU.
12994,Tatyana,Corporate,Carlisle,PA,EE. UU.
8356,Mary,Corporate,New York,NY,EE. UU.
7149,Billy,Corporate,Cleveland,OH,EE. UU.
1164,Mary,Corporate,Elyria,OH,EE. UU.
13830,Basia,Corporate,North Las Vegas,NV,EE. UU.
8886,Aaron,Corporate,Brandon,FL,EE. UU.
12592,Leandra,Corporate,Los Angeles,CA,EE. UU.
8547,Melissa,Corporate,Pompano Beach,FL,EE. UU.
11323,Mary,Corporate,Hanford,CA,EE. UU.
6504,Mary,Corporate,Jacksonville,FL,EE. UU.
5156,Stephen,Corporate,Troy,MI,EE. UU.
11280,James,Corporate,North Hollywood,CA,EE. UU.
5852,Mary,Corporate,Las Vegas,NV,EE. UU.
2930,Ronald,Corporate,Perth Amboy,NJ,EE. UU.
4310,Andrew,Corporate,Modesto,CA,EE. UU.
790,Martha,Corporate,Honolulu,HI,EE. UU.
5045,Nathan,Corporate,Antioch,TN,EE. UU.
6433,Mary,Corporate,Irvington,NJ,EE. UU.
9406,Mary,Corporate,Chicago,IL,EE. UU.
11971,Donald,Corporate,Bensalem,PA,EE. UU.
9128,Robert,Corporate,San Diego,CA,EE. UU.
7065,Mary,Corporate,Olathe,KS,EE. UU.
9937,Mary,Corporate,West Covina,CA,EE. UU.
4743,Mary,Corporate,Washington,DC,EE. UU.
956,Karen,Corporate,Bronx,NY,EE. UU.
3461,Jose,Corporate,Miami,FL,EE. UU.
18165,Chastity,Corporate,Houston,TX,EE. UU.
18138,Kevyn,Corporate,Houston,TX,EE. UU.
19139,Yetta,Corporate,Baltimore,MD,EE. UU.
19245,Indira,Corporate,Miami,FL,EE. UU.
16496,Quintessa,Corporate,Greenville,NC,EE. UU.
16494,Brynn,Corporate,San Jose,CA,EE. UU.
16438,Rachel,Corporate,Columbus,GA,EE. UU.
16595,Sylvia,Corporate,Laredo,TX,EE. UU.
18756,Cassady,Corporate,Simi Valley,CA,EE. UU.
18852,Clementine,Corporate,West Jordan,UT,EE. UU.
15868,Tana,Corporate,Rego Park,NY,EE. UU.
18832,Leandra,Corporate,Miami,FL,EE. UU.
11038,Arthur,Corporate,Newark,NJ,EE. UU.
5880,Jennifer,Corporate,Santa Clara,CA,EE. UU.
18445,Tashya,Corporate,Daly City,CA,EE. UU.
18300,Stella,Corporate,National City,CA,EE. UU.
17645,Lynn,Corporate,Garden Grove,CA,EE. UU.
17428,Jael,Corporate,Dorchester Center,MA,EE. UU.
17264,Pearl,Corporate,Chicago,IL,EE. UU.
106,Lauren,Corporate,Napa,CA,EE. UU.
20633,Maite,Corporate,Sacramento,CA,EE. UU.
18452,Nevada,Corporate,Atlanta,GA,EE. UU.
20560,Dana,Corporate,Sacramento,CA,EE. UU.
8458,Carol,Corporate,Apex,NC,EE. UU.
18449,Lunea,Corporate,Flushing,NY,EE. UU.
17724,Eden,Corporate,Philadelphia,PA,EE. UU.
17741,Carissa,Corporate,Bronx,NY,EE. UU.
18677,Lareina,Corporate,Cumberland,MD,EE. UU.
15652,Constance,Corporate,Newark,NJ,EE. UU.
15471,Melinda,Corporate,Glenview,IL,EE. UU.
15306,Orli,Corporate,El Paso,TX,EE. UU.
9828,Mary,Corporate,North Richland Hills,TX,EE. UU.
6597,Albert,Corporate,Wheaton,IL,EE. UU.
20296,Amber,Corporate,North Hollywood,CA,EE. UU.
16348,Hollee,Corporate,South Ozone Park,NY,EE. UU.
16222,Holly,Corporate,Irving,TX,EE. UU.
16221,Nora,Corporate,Las Vegas,NV,EE. UU.
15190,Eden,Corporate,Vacaville,CA,EE. UU.
20110,Jade,Corporate,Carlisle,PA,EE. UU.
19875,Jolene,Corporate,New York,NY,EE. UU.
16107,Blythe,Corporate,Mentor,OH,EE. UU.
16177,Susan,Corporate,Elyria,OH,EE. UU.
17144,Willow,Corporate,Los Angeles,CA,EE. UU.
18936,Keelie,Corporate,Tucson,AZ,EE. UU.
18636,Lesley,Corporate,New York,NY,EE. UU.
17143,Katelyn,Corporate,Harvey,IL,EE. UU.
20302,Whitney,Corporate,Chicago,IL,EE. UU.
20050,Gemma,Corporate,Chicago,IL,EE. UU.
20355,Aimee,Corporate,Miami,FL,EE. UU.
16353,Astra,Corporate,Eugene,OR,EE. UU.
20046,Rhonda,Corporate,Greeley,CO,EE. UU.
19199,Margaret,Corporate,Elgin,IL,EE. UU.
20462,Martina,Corporate,Hilliard,OH,EE. UU.
17665,Paula,Corporate,Baytown,TX,EE. UU.
18890,Olga,Corporate,San Antonio,TX,EE. UU.
17480,Victoria,Corporate,Newark,DE,EE. UU.
11268,Cynthia,Corporate,Colorado Springs,CO,EE. UU.
4749,Michelle,Corporate,Plano,TX,EE. UU.
18638,Christine,Corporate,Brooklyn,NY,EE. UU.
19996,Morgan,Corporate,Sunnyvale,CA,EE. UU.
15272,Jane,Corporate,Chapel Hill,NC,EE. UU.
1093,Julia,Corporate,Pomona,CA,EE. UU.
3669,Mary,Corporate,San Bernardino,CA,EE. UU.
5278,Raymond,Corporate,Westminster,CA,EE. UU.
7976,Mary,Corporate,East Brunswick,NJ,EE. UU.
2557,Mary,Corporate,Detroit,MI,EE. UU.
7526,Mary,Corporate,Jacksonville,FL,EE. UU.
9229,Mary,Corporate,Van Nuys,CA,EE. UU.
3791,Mary,Corporate,Levittown,NY,EE. UU.
11960,Ryan,Corporate,Chesapeake,VA,EE. UU.
11707,Carol,Corporate,Davis,CA,EE. UU.
444,Walter,Corporate,Sunnyvale,CA,EE. UU.
5336,Mary,Corporate,Lutz,FL,EE. UU.
11953,Willie,Corporate,Mission,TX,EE. UU.
3300,Mary,Corporate,Hendersonville,TN,EE. UU.
2460,David,Corporate,San Pablo,CA,EE. UU.
3917,Terry,Corporate,Eugene,OR,EE. UU.
4834,Shirley,Corporate,Detroit,MI,EE. UU.
2883,Christine,Corporate,Sheboygan,WI,EE. UU.
11120,Mary,Corporate,Saint Louis,MO,EE. UU.
1221,Mary,Corporate,Aurora,CO,EE. UU.
1610,Mary,Corporate,El Monte,CA,EE. UU.
1953,Maria,Corporate,Potomac,MD,EE. UU.
7372,Kenneth,Corporate,Marion,OH,EE. UU.
12122,Mary,Corporate,Cleveland,OH,EE. UU.
5524,Mark,Corporate,Brooklyn,NY,EE. UU.
7608,Diana,Corporate,El Cajon,CA,EE. UU.
10285,Jason,Corporate,Ontario,CA,EE. UU.
1522,Mary,Corporate,Stamford,CT,EE. UU.
6934,Mary,Corporate,Middletown,OH,EE. UU.
2896,Mary,Corporate,Caguas,PR,Puerto Rico
11109,William,Corporate,Caguas,PR,Puerto Rico
7028,Elizabeth,Corporate,Caguas,PR,Puerto Rico
1844,Teresa,Corporate,Caguas,PR,Puerto Rico
1981,Betty,Corporate,Caguas,PR,Puerto Rico
17606,Clare,Corporate,Caguas,PR,Puerto Rico
18948,Briar,Corporate,Caguas,PR,Puerto Rico
19019,Deanna,Corporate,Caguas,PR,Puerto Rico
19790,Stacey,Corporate,Caguas,PR,Puerto Rico
16255,Cally,Corporate,Caguas,PR,Puerto Rico
19966,Brenna,Corporate,Caguas,PR,Puerto Rico
17166,Claire,Corporate,Caguas,PR,Puerto Rico
19999,Sharon,Corporate,Caguas,PR,Puerto Rico
19853,Jaime,Corporate,Caguas,PR,Puerto Rico
20284,Ila,Corporate,Caguas,PR,Puerto Rico
20281,Hyacinth,Corporate,Caguas,PR,Puerto Rico
1128,Mary,Corporate,Caguas,PR,Puerto Rico
2560,Mary,Corporate,Caguas,PR,Puerto Rico
637,Mary,Corporate,Caguas,PR,Puerto Rico
9260,Joyce,Corporate,Caguas,PR,Puerto Rico
11560,Walter,Corporate,Caguas,PR,Puerto Rico
297,Catherine,Corporate,Caguas,PR,Puerto Rico
5985,Mary,Corporate,Caguas,PR,Puerto Rico
6971,Shirley,Corporate,Caguas,PR,Puerto Rico
11474,Willie,Corporate,Caguas,PR,Puerto Rico
7821,Willie,Corporate,Caguas,PR,Puerto Rico
5201,Michelle,Corporate,Caguas,PR,Puerto Rico
7533,Beverly,Corporate,Caguas,PR,Puerto Rico
9006,Brenda,Corporate,Caguas,PR,Puerto Rico
7017,Mary,Corporate,Caguas,PR,Puerto Rico
4699,William,Corporate,Caguas,PR,Puerto Rico
1016,Mary,Corporate,Caguas,PR,Puerto Rico
11610,Mary,Corporate,Caguas,PR,Puerto Rico
3132,Mary,Corporate,Caguas,PR,Puerto Rico
4197,George,Corporate,Caguas,PR,Puerto Rico
8719,John,Corporate,Caguas,PR,Puerto Rico
8479,William,Corporate,Caguas,PR,Puerto Rico
2101,Patrick,Corporate,Caguas,PR,Puerto Rico
1143,Mary,Corporate,Caguas,PR,Puerto Rico
5207,Catherine,Corporate,Caguas,PR,Puerto Rico
6709,Pamela,Corporate,Caguas,PR,Puerto Rico
11515,Mary,Corporate,Caguas,PR,Puerto Rico
7256,Mary,Corporate,Caguas,PR,Puerto Rico
1550,Mary,Corporate,Caguas,PR,Puerto Rico
9883,Michelle,Corporate,Caguas,PR,Puerto Rico
1954,Mary,Corporate,Caguas,PR,Puerto Rico
1637,Mary,Corporate,Caguas,PR,Puerto Rico
5881,Dorothy,Corporate,Caguas,PR,Puerto Rico
9739,Sara,Corporate,Caguas,PR,Puerto Rico
2909,Sarah,Corporate,Caguas,PR,Puerto Rico
5628,Zachary,Corporate,Caguas,PR,Puerto Rico
11773,Alexander,Corporate,Caguas,PR,Puerto Rico
7508,Theresa,Corporate,Caguas,PR,Puerto Rico
11818,John,Corporate,Caguas,PR,Puerto Rico
9549,Mary,Corporate,Caguas,PR,Puerto Rico
4724,Mary,Corporate,Caguas,PR,Puerto Rico
4482,Randy,Corporate,Caguas,PR,Puerto Rico
11414,Mary,Corporate,Caguas,PR,Puerto Rico
1966,Gregory,Corporate,Guayama,PR,Puerto Rico
1023,William,Corporate,Caguas,PR,Puerto Rico
3191,Kathleen,Corporate,Caguas,PR,Puerto Rico
2598,Brittany,Corporate,Caguas,PR,Puerto Rico
2623,Olivia,Corporate,Caguas,PR,Puerto Rico
1011,Mary,Corporate,Caguas,PR,Puerto Rico
7557,Mary,Corporate,Caguas,PR,Puerto Rico
5165,Mary,Corporate,Caguas,PR,Puerto Rico
10038,Julie,Corporate,Caguas,PR,Puerto Rico
5722,Mary,Corporate,Caguas,PR,Puerto Rico
9215,William,Corporate,Caguas,PR,Puerto Rico
3119,Shirley,Corporate,Caguas,PR,Puerto Rico
225,Megan,Corporate,Caguas,PR,Puerto Rico
1815,Russell,Corporate,Caguas,PR,Puerto Rico
11564,Mary,Corporate,Caguas,PR,Puerto Rico
8158,Donald,Corporate,Caguas,PR,Puerto Rico
7371,Mark,Corporate,Caguas,PR,Puerto Rico
7172,Louis,Corporate,Bayamon,PR,Puerto Rico
9979,Mary,Corporate,Mayaguez,PR,Puerto Rico
8041,Carol,Corporate,Caguas,PR,Puerto Rico
3429,Mary,Corporate,Caguas,PR,Puerto Rico
2920,Mary,Corporate,Caguas,PR,Puerto Rico
5982,Sharon,Corporate,Caguas,PR,Puerto Rico
9226,Grace,Corporate,Caguas,PR,Puerto Rico
3129,Mary,Corporate,Caguas,PR,Puerto Rico
2146,Mary,Corporate,Caguas,PR,Puerto Rico
8613,Mary,Corporate,Caguas,PR,Puerto Rico
4138,Mary,Corporate,Caguas,PR,Puerto Rico
2203,Evelyn,Corporate,Caguas,PR,Puerto Rico
11642,James,Corporate,Caguas,PR,Puerto Rico
10211,Jeffrey,Corporate,Caguas,PR,Puerto Rico
7440,James,Corporate,Caguas,PR,Puerto Rico
5874,Mary,Corporate,Trujillo Alto,PR,Puerto Rico
4071,William,Corporate,Caguas,PR,Puerto Rico
2785,Frances,Corporate,Caguas,PR,Puerto Rico
3834,Denise,Corporate,Caguas,PR,Puerto Rico
12138,Mary,Corporate,Caguas,PR,Puerto Rico
109,Mary,Corporate,Caguas,PR,Puerto Rico
8110,Catherine,Corporate,Caguas,PR,Puerto Rico
255,Mary,Corporate,Caguas,PR,Puerto Rico
8304,Mary,Corporate,Carolina,PR,Puerto Rico
6239,Karen,Corporate,Juana Diaz,PR,Puerto Rico
11472,Nicole,Corporate,Caguas,PR,Puerto Rico
667,Mary,Corporate,Caguas,PR,Puerto Rico
2074,Mary,Corporate,Caguas,PR,Puerto Rico
10876,William,Corporate,Caguas,PR,Puerto Rico
8265,William,Corporate,Caguas,PR,Puerto Rico
5068,Anna,Corporate,Caguas,PR,Puerto Rico
8849,Daniel,Corporate,Caguas,PR,Puerto Rico
7804,Mary,Corporate,Caguas,PR,Puerto Rico
14293,Xyla,Corporate,San Sebastian,PR,Puerto Rico
12980,Cassandra,Corporate,Caguas,PR,Puerto Rico
14142,Jaquelyn,Corporate,Caguas,PR,Puerto Rico
13176,Renee,Corporate,Caguas,PR,Puerto Rico
13354,Isabella,Corporate,Caguas,PR,Puerto Rico
13318,Evelyn,Corporate,Caguas,PR,Puerto Rico
13174,Nora,Corporate,Caguas,PR,Puerto Rico
13352,Jaime,Corporate,Caguas,PR,Puerto Rico
12992,Clementine,Corporate,Caguas,PR,Puerto Rico
14406,Hyacinth,Corporate,Caguas,PR,Puerto Rico
13242,Brittany,Corporate,Caguas,PR,Puerto Rico
14223,Kelsie,Corporate,Caguas,PR,Puerto Rico
12167,Christopher,Corporate,Caguas,PR,Puerto Rico
3946,Nathan,Corporate,Caguas,PR,Puerto Rico
2395,Frances,Corporate,Caguas,PR,Puerto Rico
6289,Madison,Corporate,Caguas,PR,Puerto Rico
87,Gloria,Corporate,Caguas,PR,Puerto Rico
9685,Mary,Corporate,Caguas,PR,Puerto Rico
10447,Mary,Corporate,Caguas,PR,Puerto Rico
400,Matthew,Corporate,Caguas,PR,Puerto Rico
1254,Mary,Corporate,Caguas,PR,Puerto Rico
11061,Joseph,Corporate,Caguas,PR,Puerto Rico
7929,Mary,Corporate,Caguas,PR,Puerto Rico
7230,David,Corporate,Caguas,PR,Puerto Rico
11694,Margaret,Corporate,Caguas,PR,Puerto Rico
3511,Mary,Corporate,Caguas,PR,Puerto Rico
10319,Mary,Corporate,Caguas,PR,Puerto Rico
3776,Amber,Corporate,Caguas,PR,Puerto Rico
8255,Mary,Corporate,Caguas,PR,Puerto Rico
5226,Martha,Corporate,Caguas,PR,Puerto Rico
12377,James,Corporate,Caguas,PR,Puerto Rico
13777,Mechelle,Corporate,Caguas,PR,Puerto Rico
477,Dylan,Corporate,Caguas,PR,Puerto Rico
3861,Mary,Corporate,Caguas,PR,Puerto Rico
8327,Mary,Corporate,Caguas,PR,Puerto Rico
11946,Grace,Corporate,Caguas,PR,Puerto Rico
11956,Alan,Corporate,Caguas,PR,Puerto Rico
380,Linda,Corporate,Caguas,PR,Puerto Rico
11913,James,Corporate,Rio Grande,PR,Puerto Rico
10331,Megan,Corporate,Caguas,PR,Puerto Rico
6023,Shirley,Corporate,Caguas,PR,Puerto Rico
2185,Mary,Corporate,Caguas,PR,Puerto Rico
11195,Jacqueline,Corporate,Caguas,PR,Puerto Rico
4824,Mary,Corporate,Caguas,PR,Puerto Rico
9280,Mary,Corporate,Caguas,PR,Puerto Rico
10183,Mary,Corporate,Caguas,PR,Puerto Rico
3591,Lori,Corporate,Caguas,PR,Puerto Rico
8338,Mary,Corporate,Caguas,PR,Puerto Rico
1132,Samantha,Corporate,Caguas,PR,Puerto Rico
7213,Daniel,Corporate,Caguas,PR,Puerto Rico
12303,Mary,Corporate,Caguas,PR,Puerto Rico
1762,Nicholas,Corporate,Caguas,PR,Puerto Rico
15100,Regina,Corporate,Caguas,PR,Puerto Rico
14946,Chloe,Corporate,Caguas,PR,Puerto Rico
13361,Signe,Corporate,Caguas,PR,Puerto Rico
12995,Zoe,Corporate,Caguas,PR,Puerto Rico
13403,Denise,Corporate,Caguas,PR,Puerto Rico
13096,Genevieve,Corporate,Caguas,PR,Puerto Rico
6915,Robert,Corporate,Caguas,PR,Puerto Rico
7741,Kathryn,Corporate,Caguas,PR,Puerto Rico
12591,Summer,Corporate,Caguas,PR,Puerto Rico
8526,James,Corporate,Caguas,PR,Puerto Rico
3688,Judy,Corporate,Caguas,PR,Puerto Rico
8666,Mary,Corporate,Caguas,PR,Puerto Rico
6833,Matthew,Corporate,Caguas,PR,Puerto Rico
12225,Helen,Corporate,Caguas,PR,Puerto Rico
11978,Jeffrey,Corporate,Caguas,PR,Puerto Rico
3040,Kathy,Corporate,Caguas,PR,Puerto Rico
4251,Mary,Corporate,Caguas,PR,Puerto Rico
4869,Mary,Corporate,Caguas,PR,Puerto Rico
9657,Roy,Corporate,Caguas,PR,Puerto Rico
8122,Jesse,Corporate,Caguas,PR,Puerto Rico
5706,Mary,Corporate,Caguas,PR,Puerto Rico
5647,Mary,Corporate,Caguas,PR,Puerto Rico
5220,Mary,Corporate,Caguas,PR,Puerto Rico
9774,Jennifer,Corporate,Caguas,PR,Puerto Rico
9789,Daniel,Corporate,Caguas,PR,Puerto Rico
8518,Mary,Corporate,Caguas,PR,Puerto Rico
8157,Mary,Corporate,Manati,PR,Puerto Rico
463,Harry,Corporate,Caguas,PR,Puerto Rico
11076,Robert,Corporate,Caguas,PR,Puerto Rico
5540,Deborah,Corporate,Caguas,PR,Puerto Rico
6212,Mary,Corporate,Caguas,PR,Puerto Rico
9735,Jack,Corporate,Caguas,PR,Puerto Rico
12132,Mary,Corporate,Caguas,PR,Puerto Rico
10006,Mary,Corporate,Caguas,PR,Puerto Rico
9075,Scott,Corporate,Caguas,PR,Puerto Rico
3830,William,Corporate,Caguas,PR,Puerto Rico
2541,Daniel,Corporate,Caguas,PR,Puerto Rico
10959,Mary,Corporate,Caguas,PR,Puerto Rico
1060,Julia,Corporate,Caguas,PR,Puerto Rico
5419,Jennifer,Corporate,Caguas,PR,Puerto Rico
3854,Mary,Corporate,Caguas,PR,Puerto Rico
10777,Martha,Corporate,Caguas,PR,Puerto Rico
10242,Mary,Corporate,Caguas,PR,Puerto Rico
9142,Mary,Corporate,Caguas,PR,Puerto Rico
3070,Brian,Corporate,Caguas,PR,Puerto Rico
4073,Mary,Corporate,Caguas,PR,Puerto Rico
10883,Catherine,Corporate,Caguas,PR,Puerto Rico
5498,Mary,Corporate,Caguas,PR,Puerto Rico
3480,James,Corporate,Caguas,PR,Puerto Rico
11127,Mary,Corporate,Caguas,PR,Puerto Rico
7769,Mary,Corporate,Caguas,PR,Puerto Rico
18137,Stacy,Corporate,Caguas,PR,Puerto Rico
18050,Eden,Corporate,Caguas,PR,Puerto Rico
18230,Shana,Corporate,Caguas,PR,Puerto Rico
18228,Hillary,Corporate,Caguas,PR,Puerto Rico
16580,Ann,Corporate,Caguas,PR,Puerto Rico
16596,Sonia,Corporate,Caguas,PR,Puerto Rico
18789,Xena,Corporate,Caguas,PR,Puerto Rico
12396,Rachel,Corporate,Caguas,PR,Puerto Rico
9839,Beverly,Corporate,Caguas,PR,Puerto Rico
9956,Mary,Corporate,Bayamon,PR,Puerto Rico
11995,Mary,Corporate,Caguas,PR,Puerto Rico
10590,James,Corporate,Caguas,PR,Puerto Rico
6883,Mary,Corporate,Caguas,PR,Puerto Rico
10337,Edward,Corporate,Caguas,PR,Puerto Rico
2155,Joshua,Corporate,Caguas,PR,Puerto Rico
10235,Joseph,Corporate,Caguas,PR,Puerto Rico
4277,Mary,Corporate,Caguas,PR,Puerto Rico
15947,Germane,Corporate,Caguas,PR,Puerto Rico
9234,Katherine,Corporate,Caguas,PR,Puerto Rico
18891,Giselle,Corporate,Caguas,PR,Puerto Rico
1379,Raymond,Corporate,Caguas,PR,Puerto Rico
6874,Jordan,Corporate,Caguas,PR,Puerto Rico
5044,Linda,Corporate,Caguas,PR,Puerto Rico
6566,David,Corporate,Caguas,PR,Puerto Rico
4626,Brian,Corporate,Caguas,PR,Puerto Rico
7232,Mary,Corporate,Caguas,PR,Puerto Rico
3171,Elizabeth,Corporate,Caguas,PR,Puerto Rico
1082,Angela,Corporate,Caguas,PR,Puerto Rico
18448,Quail,Corporate,Caguas,PR,Puerto Rico
9836,Shirley,Corporate,Caguas,PR,Puerto Rico
4400,Madison,Corporate,Caguas,PR,Puerto Rico
6327,Mary,Corporate,Caguas,PR,Puerto Rico
20448,Oprah,Corporate,Caguas,PR,Puerto Rico
17364,Medge,Corporate,Caguas,PR,Puerto Rico
7339,Mary,Corporate,Caguas,PR,Puerto Rico
9358,Mary,Corporate,Caguas,PR,Puerto Rico
11851,Mary,Corporate,Guayama,PR,Puerto Rico
6104,Roger,Corporate,Caguas,PR,Puerto Rico
15503,Kalia,Corporate,Caguas,PR,Puerto Rico
15456,Bertha,Corporate,Caguas,PR,Puerto Rico
15290,Nita,Corporate,Caguas,PR,Puerto Rico
5204,Andrew,Corporate,Caguas,PR,Puerto Rico
5635,Mary,Corporate,Caguas,PR,Puerto Rico
5389,Mary,Corporate,Caguas,PR,Puerto Rico
4812,Nathan,Corporate,Caguas,PR,Puerto Rico
877,Gerald,Corporate,Caguas,PR,Puerto Rico
4679,Sarah,Corporate,Caguas,PR,Puerto Rico
5710,Mary,Corporate,Caguas,PR,Puerto Rico
3147,Daniel,Corporate,Caguas,PR,Puerto Rico
6964,Gregory,Corporate,Caguas,PR,Puerto Rico
17571,Ocean,Corporate,Caguas,PR,Puerto Rico
19865,Karly,Corporate,Caguas,PR,Puerto Rico
16330,Liberty,Corporate,Caguas,PR,Puerto Rico
16165,Paula,Corporate,Caguas,PR,Puerto Rico
20111,Christine,Corporate,Caguas,PR,Puerto Rico
20145,Vera,Corporate,Caguas,PR,Puerto Rico
20304,Lenore,Corporate,Caguas,PR,Puerto Rico
17826,Signe,Corporate,Caguas,PR,Puerto Rico
18528,Chantale,Corporate,Caguas,PR,Puerto Rico
17823,Remedios,Corporate,Caguas,PR,Puerto Rico
20156,Leigh,Corporate,Caguas,PR,Puerto Rico
16351,Caryn,Corporate,Caguas,PR,Puerto Rico
2890,Mary,Corporate,Caguas,PR,Puerto Rico
17430,Hannah,Corporate,Caguas,PR,Puerto Rico
6061,Mary,Corporate,Caguas,PR,Puerto Rico
18641,Hillary,Corporate,Caguas,PR,Puerto Rico
19902,Hillary,Corporate,Caguas,PR,Puerto Rico
5519,Deborah,Corporate,Caguas,PR,Puerto Rico
4462,Mary,Corporate,Caguas,PR,Puerto Rico
3435,Mary,Corporate,Caguas,PR,Puerto Rico
4805,Karen,Corporate,Caguas,PR,Puerto Rico
4404,Helen,Corporate,Caguas,PR,Puerto Rico
3696,Martha,Corporate,Caguas,PR,Puerto Rico
843,Mary,Corporate,Caguas,PR,Puerto Rico
8259,Mary,Corporate,Caguas,PR,Puerto Rico
5957,Harold,Corporate,Caguas,PR,Puerto Rico
3486,Carol,Corporate,Caguas,PR,Puerto Rico
2451,Joshua,Corporate,Caguas,PR,Puerto Rico
2766,Mary,Corporate,Caguas,PR,Puerto Rico
6816,Steven,Corporate,Caguas,PR,Puerto Rico
5571,David,Corporate,Caguas,PR,Puerto Rico
4455,Jessica,Corporate,Caguas,PR,Puerto Rico
4701,Joyce,Corporate,Caguas,PR,Puerto Rico
3996,Mary,Corporate,Caguas,PR,Puerto Rico
2934,Judy,Corporate,Caguas,PR,Puerto Rico
8593,Jacqueline,Corporate,Caguas,PR,Puerto Rico
3211,Mary,Corporate,Caguas,PR,Puerto Rico
947,Mary,Corporate,Caguas,PR,Puerto Rico
5296,Evelyn,Corporate,Caguas,PR,Puerto Rico
7596,Christopher,Corporate,Caguas,PR,Puerto Rico
11386,Edward,Corporate,Caguas,PR,Puerto Rico
11748,James,Corporate,Caguas,PR,Puerto Rico
9972,William,Corporate,Caguas,PR,Puerto Rico
819,Roy,Corporate,Carolina,PR,Puerto Rico
6681,Mary,Corporate,Caguas,PR,Puerto Rico
5548,Michael,Corporate,Caguas,PR,Puerto Rico
2731,Joshua,Corporate,Caguas,PR,Puerto Rico
4380,Mary,Corporate,Caguas,PR,Puerto Rico
330,Mary,Corporate,Caguas,PR,Puerto Rico
3303,Mary,Corporate,Caguas,PR,Puerto Rico
834,Mary,Corporate,Caguas,PR,Puerto Rico
6414,Mary,Corporate,Ponce,PR,Puerto Rico
11086,Lauren,Corporate,Caguas,PR,Puerto Rico
1406,Amy,Corporate,Caguas,PR,Puerto Rico
4171,Jordan,Corporate,Caguas,PR,Puerto Rico
1983,Diana,Corporate,Caguas,PR,Puerto Rico
7599,Gerald,Corporate,Caguas,PR,Puerto Rico
6876,Helen,Corporate,Caguas,PR,Puerto Rico
3644,Debra,Corporate,Caguas,PR,Puerto Rico
10280,Nicholas,Corporate,Caguas,PR,Puerto Rico
12165,Christine,Corporate,Caguas,PR,Puerto Rico
2020,Mary,Corporate,Caguas,PR,Puerto Rico
1805,Mary,Corporate,Caguas,PR,Puerto Rico
427,Paul,Corporate,Caguas,PR,Puerto Rico
366,Larry,Corporate,Caguas,PR,Puerto Rico
7771,Janice,Corporate,Caguas,PR,Puerto Rico
4502,Ruth,Corporate,Caguas,PR,Puerto Rico
280,Mary,Corporate,Caguas,PR,Puerto Rico
4445,Mary,Corporate,Caguas,PR,Puerto Rico
2894,Mary,Corporate,Caguas,PR,Puerto Rico
8546,Mary,Corporate,Caguas,PR,Puerto Rico
7704,John,Corporate,Caguas,PR,Puerto Rico
5157,Mary,Corporate,Caguas,PR,Puerto Rico
2309,Evelyn,Corporate,Caguas,PR,Puerto Rico
9811,Deborah,Corporate,Caguas,PR,Puerto Rico
7068,Gloria,Corporate,Caguas,PR,Puerto Rico
4635,Mary,Corporate,Caguas,PR,Puerto Rico
10724,Mary,Corporate,Caguas,PR,Puerto Rico
5846,Betty,Corporate,Caguas,PR,Puerto Rico
10144,Doris,Corporate,Caguas,PR,Puerto Rico
13181,Larissa,Corporate,Caguas,PR,Puerto Rico
5822,Maria,Corporate,Caguas,PR,Puerto Rico
13785,Marny,Corporate,Caguas,PR,Puerto Rico
3627,Mary,Corporate,Caguas,PR,Puerto Rico
2298,Elizabeth,Corporate,Caguas,PR,Puerto Rico
12147,Kathleen,Corporate,Caguas,PR,Puerto Rico
10065,Betty,Corporate,Caguas,PR,Puerto Rico
9158,Mary,Corporate,Caguas,PR,Puerto Rico
564,Mary,Corporate,Caguas,PR,Puerto Rico
11578,Joseph,Corporate,Caguas,PR,Puerto Rico
5692,Shirley,Corporate,Caguas,PR,Puerto Rico
207,Jose,Corporate,Caguas,PR,Puerto Rico
7115,Brandon,Corporate,Caguas,PR,Puerto Rico
12861,Anika,Corporate,Caguas,PR,Puerto Rico
2249,Dorothy,Corporate,Los Angeles,CA,EE. UU.
1650,Mary,Corporate,Princeton,NJ,EE. UU.
12274,Joyce,Corporate,Staten Island,NY,EE. UU.
12405,Ashley,Corporate,Lawton,OK,EE. UU.
4351,Patricia,Corporate,Antioch,TN,EE. UU.
4746,Jean,Corporate,Walnut,CA,EE. UU.
4379,George,Corporate,Detroit,MI,EE. UU.
239,Mary,Corporate,Mcallen,TX,EE. UU.
8334,Sandra,Corporate,Las Cruces,NM,EE. UU.
9681,Mary,Corporate,Dallas,TX,EE. UU.
4006,Mary,Corporate,Clementon,NJ,EE. UU.
7488,Mary,Corporate,Knoxville,TN,EE. UU.
5073,Mary,Corporate,Poway,CA,EE. UU.
10254,Mary,Corporate,Fremont,CA,EE. UU.
2202,Mary,Corporate,Mesquite,TX,EE. UU.
1259,John,Corporate,Everett,WA,EE. UU.
796,Donna,Corporate,Tallahassee,FL,EE. UU.
4430,Grace,Corporate,Detroit,MI,EE. UU.
1202,Andrea,Corporate,Plainfield,IL,EE. UU.
6243,Virginia,Corporate,Chicago,IL,EE. UU.
2413,Mary,Corporate,Virginia Beach,VA,EE. UU.
11870,Rachel,Corporate,San Diego,CA,EE. UU.
1728,Mary,Corporate,La Mesa,CA,EE. UU.
2893,Russell,Corporate,Los Angeles,CA,EE. UU.
5067,Robert,Corporate,Ogden,UT,EE. UU.
4414,Robert,Corporate,Sunnyvale,CA,EE. UU.
4446,Cynthia,Corporate,Paramount,CA,EE. UU.
6236,Mary,Corporate,Chicago,IL,EE. UU.
8875,Mary,Corporate,Saint Charles,MO,EE. UU.
6293,Mary,Corporate,Bristol,CT,EE. UU.
7350,Rose,Corporate,Salt Lake City,UT,EE. UU.
1551,Eric,Corporate,Newark,NJ,EE. UU.
9981,Mary,Corporate,Vista,CA,EE. UU.
5559,Alice,Corporate,Crystal Lake,IL,EE. UU.
1166,Tammy,Corporate,Las Vegas,NV,EE. UU.
4926,Mary,Corporate,Bronx,NY,EE. UU.
3869,Mary,Corporate,Los Angeles,CA,EE. UU.
1971,Richard,Corporate,Seattle,WA,EE. UU.
10236,Christopher,Corporate,San Francisco,CA,EE. UU.
7529,John,Corporate,Denver,CO,EE. UU.
6259,Samantha,Corporate,Saginaw,MI,EE. UU.
260,Kenneth,Corporate,North Hollywood,CA,EE. UU.
2782,Bruce,Corporate,Los Angeles,CA,EE. UU.
5806,Mary,Corporate,Chesapeake,VA,EE. UU.
5099,Mary,Corporate,Aurora,IL,EE. UU.
4405,Anna,Corporate,Gaithersburg,MD,EE. UU.
10901,Donald,Corporate,Vallejo,CA,EE. UU.
13779,Maxine,Corporate,Del Rio,TX,EE. UU.
13090,Xantha,Corporate,Orange Park,FL,EE. UU.
12979,Natalie,Corporate,Greenville,NC,EE. UU.
13246,Anastasia,Corporate,Las Vegas,NV,EE. UU.
13353,Karina,Corporate,Palatine,IL,EE. UU.
13243,Cassady,Corporate,Elk Grove,CA,EE. UU.
14404,Xerxes,Corporate,Carson,CA,EE. UU.
3212,Laura,Corporate,Washington,DC,EE. UU.
11393,Steven,Corporate,Bronx,NY,EE. UU.
5400,Mary,Corporate,Enfield,CT,EE. UU.
10427,Mary,Corporate,Powder Springs,GA,EE. UU.
13911,Rachel,Corporate,Rosemead,CA,EE. UU.
13981,Anastasia,Corporate,Fontana,CA,EE. UU.
3666,Mary,Corporate,Princeton,NJ,EE. UU.
10374,Barbara,Corporate,Rego Park,NY,EE. UU.
14795,Angelica,Corporate,Philadelphia,PA,EE. UU.
13937,September,Corporate,Elmhurst,IL,EE. UU.
1719,Ruth,Corporate,Stockton,CA,EE. UU.
4241,Mary,Corporate,Daly City,CA,EE. UU.
3555,Gregory,Corporate,Brooklyn,NY,EE. UU.
725,Mary,Corporate,San Bernardino,CA,EE. UU.
4284,Mary,Corporate,Simi Valley,CA,EE. UU.
5348,Mary,Corporate,Los Angeles,CA,EE. UU.
547,Kathleen,Corporate,Hyattsville,MD,EE. UU.
8644,Kenneth,Corporate,Englewood,CO,EE. UU.
7456,Mary,Corporate,Brooklyn,NY,EE. UU.
2990,Michael,Corporate,Los Angeles,CA,EE. UU.
6182,Pamela,Corporate,Bronx,NY,EE. UU.
2897,Daniel,Corporate,Waukegan,IL,EE. UU.
44,Howard,Corporate,Napa,CA,EE. UU.
5636,Hannah,Corporate,Columbus,GA,EE. UU.
12141,Mary,Corporate,Chicago,IL,EE. UU.
3730,Eric,Corporate,Norfolk,VA,EE. UU.
1220,Samantha,Corporate,Muskegon,MI,EE. UU.
15560,Chantale,Corporate,Freeport,NY,EE. UU.
17825,Iona,Corporate,Salinas,CA,EE. UU.
18130,Blair,Corporate,Huntington Park,CA,EE. UU.
19113,Candice,Corporate,Wyandotte,MI,EE. UU.
15890,Dakota,Corporate,Brooklyn,NY,EE. UU.
9540,David,Corporate,Aurora,CO,EE. UU.
3025,Sarah,Corporate,Mission,TX,EE. UU.
18497,Remedios,Corporate,Pacoima,CA,EE. UU.
16000,Belle,Corporate,North Las Vegas,NV,EE. UU.
17429,Evelyn,Corporate,Hyattsville,MD,EE. UU.
18330,Kiara,Corporate,Hendersonville,TN,EE. UU.
18437,Leila,Corporate,Clovis,CA,EE. UU.
20690,Brenna,Corporate,Mount Pleasant,MI,EE. UU.
4793,Cynthia,Corporate,Orlando,FL,EE. UU.
18436,Kelsey,Corporate,El Paso,TX,EE. UU.
18450,Bo,Corporate,Catonsville,MD,EE. UU.
18866,Rachel,Corporate,Chesapeake,VA,EE. UU.
15973,Ursula,Corporate,La Mesa,CA,EE. UU.
17983,Ramona,Corporate,Albany,OR,EE. UU.
20449,Nichole,Corporate,Aurora,IL,EE. UU.
17383,Chloe,Corporate,Dallas,TX,EE. UU.
18446,Moana,Corporate,Houston,TX,EE. UU.
18708,Wendy,Corporate,Brooklyn,NY,EE. UU.
67,Samantha,Corporate,Chicago,IL,EE. UU.
11406,James,Corporate,Albuquerque,NM,EE. UU.
103,Mary,Corporate,Broomfield,CO,EE. UU.
4527,Mary,Corporate,Findlay,OH,EE. UU.
16350,Imani,Corporate,Manchester,CT,EE. UU.
18997,Cally,Corporate,Saint Paul,MN,EE. UU.
16300,Felicia,Corporate,Laredo,TX,EE. UU.
16299,Ila,Corporate,Nashville,TN,EE. UU.
16298,Karla,Corporate,Watsonville,CA,EE. UU.
9508,Alan,Corporate,Los Angeles,CA,EE. UU.
5891,Margaret,Corporate,Las Vegas,NV,EE. UU.
10995,Joe,Corporate,Miami,FL,EE. UU.
6808,Mary,Corporate,Endicott,NY,EE. UU.
1357,Mary,Corporate,Stockton,CA,EE. UU.
7344,Jeffrey,Corporate,Lancaster,PA,EE. UU.
1079,Carolyn,Corporate,Richmond,KY,EE. UU.
3616,Jean,Corporate,Chicago,IL,EE. UU.
9274,Mary,Corporate,Murfreesboro,TN,EE. UU.
5595,Samuel,Corporate,Spring Valley,CA,EE. UU.
9468,Mary,Corporate,Loveland,OH,EE. UU.
5094,Mary,Corporate,New York,NY,EE. UU.
524,Catherine,Corporate,New Bedford,MA,EE. UU.
3069,Mary,Corporate,Elk Grove,CA,EE. UU.
3023,Mary,Corporate,Long Beach,CA,EE. UU.
4605,Andrew,Corporate,Eugene,OR,EE. UU.
10557,Rebecca,Corporate,Philadelphia,PA,EE. UU.
9684,Wayne,Corporate,Albuquerque,NM,EE. UU.
4401,Mary,Corporate,Lilburn,GA,EE. UU.
2748,Nicole,Corporate,Henrico,VA,EE. UU.
12043,Alexander,Corporate,Gaithersburg,MD,EE. UU.
12605,Amy,Corporate,Bronx,NY,EE. UU.
12814,Yvette,Corporate,Roswell,GA,EE. UU.
12813,Ina,Corporate,Lancaster,CA,EE. UU.
5956,Mary,Corporate,Arlington,TX,EE. UU.
12510,Yoshi,Corporate,Jacksonville,NC,EE. UU.
12860,Dana,Corporate,Carlisle,PA,EE. UU.
12895,Charity,Corporate,Sanford,NC,EE. UU.
3620,Jeremy,Corporate,Aurora,CO,EE. UU.
2995,Paul,Corporate,Saint Paul,MN,EE. UU.
18951,Camilla,Corporate,East Lansing,MI,EE. UU.
19065,Madonna,Corporate,Dallas,TX,EE. UU.
19243,Chastity,Corporate,Spring Valley,CA,EE. UU.
10618,Mary,Corporate,Dallas,TX,EE. UU.
17294,Mariam,Corporate,Laguna Niguel,CA,EE. UU.
18689,Mari,Corporate,Philadelphia,PA,EE. UU.
15616,Ivana,Corporate,Riverside,CA,EE. UU.
5700,Mary,Corporate,Sacramento,CA,EE. UU.
8795,Bobby,Corporate,Greenville,NC,EE. UU.
17569,Jillian,Corporate,Brooklyn,NY,EE. UU.
17530,Sydnee,Corporate,Ypsilanti,MI,EE. UU.
20331,Illiana,Corporate,New Haven,CT,EE. UU.
17816,Wynter,Corporate,Chicago,IL,EE. UU.
20329,Amity,Corporate,Los Angeles,CA,EE. UU.
16219,Amity,Corporate,El Paso,TX,EE. UU.
16339,Jolene,Corporate,Cleveland,OH,EE. UU.
16338,Faith,Corporate,Oceanside,CA,EE. UU.
20339,Lara,Corporate,Piscataway,NJ,EE. UU.
15236,Eliana,Corporate,Detroit,MI,EE. UU.
18632,Venus,Corporate,Stamford,CT,EE. UU.
9891,Mary,Corporate,Potomac,MD,EE. UU.
4461,Jeremy,Corporate,San Jose,CA,EE. UU.
3156,Kathleen,Corporate,Virginia Beach,VA,EE. UU.
7373,Angela,Corporate,Hyattsville,MD,EE. UU.
5205,Diane,Corporate,Detroit,MI,EE. UU.
4312,Mary,Corporate,Los Angeles,CA,EE. UU.
15102,Lacey,Corporate,Los Angeles,CA,EE. UU.
14432,Basia,Corporate,Brooklyn,NY,EE. UU.
13039,Azalia,Corporate,Fresno,CA,EE. UU.
13107,Genevieve,Corporate,Tucson,AZ,EE. UU.
13250,Camille,Corporate,Chicago,IL,EE. UU.
14302,Imelda,Corporate,Buffalo,NY,EE. UU.
14354,Ifeoma,Corporate,Santee,CA,EE. UU.
14421,Sybill,Corporate,San Antonio,TX,EE. UU.
12974,Bo,Corporate,Wilmington,CA,EE. UU.
13331,Mechelle,Corporate,Chicago,IL,EE. UU.
10568,Terry,Corporate,Stamford,CT,EE. UU.
169,Debra,Corporate,Bronx,NY,EE. UU.
2828,Mary,Corporate,Fountain Valley,CA,EE. UU.
13680,Moana,Corporate,Fond Du Lac,WI,EE. UU.
6680,Heather,Corporate,Perth Amboy,NJ,EE. UU.
13945,Donna,Corporate,Freeport,NY,EE. UU.
4216,Michael,Corporate,Dallas,TX,EE. UU.
13962,Martina,Corporate,Brooklyn,NY,EE. UU.
13799,Camille,Corporate,Washington,DC,EE. UU.
9209,Mary,Corporate,Los Angeles,CA,EE. UU.
11207,Gerald,Corporate,Albuquerque,NM,EE. UU.
14814,Zia,Corporate,Irwin,PA,EE. UU.
13921,Ruth,Corporate,Morristown,NJ,EE. UU.
13795,Lesley,Corporate,Canyon Country,CA,EE. UU.
13920,Briar,Corporate,Woodbridge,VA,EE. UU.
14776,Kitra,Corporate,Greeley,CO,EE. UU.
9973,Amy,Corporate,Hyattsville,MD,EE. UU.
13684,Stella,Corporate,Reseda,CA,EE. UU.
13989,Kai,Corporate,Oakland,CA,EE. UU.
12174,Mary,Corporate,Detroit,MI,EE. UU.
9493,Mary,Corporate,North Hills,CA,EE. UU.
1133,Tiffany,Corporate,Oxnard,CA,EE. UU.
12596,Cynthia,Corporate,Brooklyn,NY,EE. UU.
12670,Jaquelyn,Corporate,Miami,FL,EE. UU.
3919,Charles,Corporate,Fontana,CA,EE. UU.
2978,Mary,Corporate,Bakersfield,CA,EE. UU.
3713,Helen,Corporate,Chicago,IL,EE. UU.
10693,Andrea,Corporate,Hanover,PA,EE. UU.
6689,Adam,Corporate,Tallahassee,FL,EE. UU.
596,Mary,Corporate,Pompano Beach,FL,EE. UU.
4978,Mary,Corporate,Houston,TX,EE. UU.
405,Kathleen,Corporate,Fort Lauderdale,FL,EE. UU.
19901,Maggie,Corporate,Florissant,MO,EE. UU.
18161,Kimberly,Corporate,Carlsbad,CA,EE. UU.
18086,Nadine,Corporate,Philadelphia,PA,EE. UU.
16589,Gemma,Corporate,Sugar Land,TX,EE. UU.
16390,Lois,Corporate,Chula Vista,CA,EE. UU.
19264,Amanda,Corporate,Lilburn,GA,EE. UU.
19263,Brynne,Corporate,Parkville,MD,EE. UU.
19047,Tatiana,Corporate,Florissant,MO,EE. UU.
19280,Bree,Corporate,Dallas,TX,EE. UU.
19152,Ivana,Corporate,Chicago,IL,EE. UU.
19200,Halee,Corporate,Amarillo,TX,EE. UU.
15819,Geraldine,Corporate,Brooklyn,NY,EE. UU.
15692,Aspen,Corporate,Newark,DE,EE. UU.
15832,Morgan,Corporate,San Bernardino,CA,EE. UU.
530,Mary,Corporate,Newark,NJ,EE. UU.
1194,Matthew,Corporate,Riverside,CA,EE. UU.
17631,Shaine,Corporate,Porterville,CA,EE. UU.
17629,Sonia,Corporate,Livermore,CA,EE. UU.
17484,Madonna,Corporate,Santa Clara,CA,EE. UU.
20548,Deanna,Corporate,Austin,TX,EE. UU.
16052,Gemma,Corporate,Chicago,IL,EE. UU.
17302,Whitney,Corporate,Goose Creek,SC,EE. UU.
3084,Mary,Corporate,Chicago,IL,EE. UU.
17356,Nelle,Corporate,Chicago,IL,EE. UU.
17301,Kylie,Corporate,Chicago,IL,EE. UU.
20564,Sade,Corporate,Silver Spring,MD,EE. UU.
17498,Tamara,Corporate,Enfield,CT,EE. UU.
20705,Jorden,Corporate,Woodbridge,VA,EE. UU.
17931,Tamara,Corporate,Tonawanda,NY,EE. UU.
18325,Isabelle,Corporate,Los Angeles,CA,EE. UU.
20685,Iona,Corporate,Oxnard,CA,EE. UU.
15664,Halee,Corporate,Corona,NY,EE. UU.
15516,Lacy,Corporate,Lancaster,OH,EE. UU.
15513,Stella,Corporate,Santa Ana,CA,EE. UU.
15621,Alma,Corporate,Birmingham,AL,EE. UU.
850,Sean,Corporate,North Bergen,NJ,EE. UU.
10028,Jose,Corporate,Salt Lake City,UT,EE. UU.
18558,Xaviera,Corporate,Los Angeles,CA,EE. UU.
20278,Ina,Corporate,Mililani,HI,EE. UU.
16310,Blythe,Corporate,Moreno Valley,CA,EE. UU.
16126,Sloane,Corporate,Virginia Beach,VA,EE. UU.
17091,September,Corporate,Memphis,TN,EE. UU.
15239,Skyler,Corporate,Portland,OR,EE. UU.
16321,Nita,Corporate,Palo Alto,CA,EE. UU.
20142,Aileen,Corporate,Meridian,ID,EE. UU.
19835,Ila,Corporate,Wilmington,CA,EE. UU.
16175,Aubrey,Corporate,Potomac,MD,EE. UU.
17159,Mikayla,Corporate,El Cajon,CA,EE. UU.
20298,Moana,Corporate,Santa Ana,CA,EE. UU.
2327,Helen,Corporate,West Chester,PA,EE. UU.
6153,Mary,Corporate,Bronx,NY,EE. UU.
6839,Bobby,Corporate,Austin,TX,EE. UU.
2542,Ryan,Corporate,Memphis,TN,EE. UU.
7335,Robert,Corporate,Lancaster,OH,EE. UU.
10456,Mary,Corporate,Los Angeles,CA,EE. UU.
1777,Kenneth,Corporate,Baytown,TX,EE. UU.
1654,Mary,Corporate,El Monte,CA,EE. UU.
8349,Jose,Corporate,Westminster,CA,EE. UU.
7322,Linda,Corporate,Chicago,IL,EE. UU.
10491,Nicole,Corporate,Westland,MI,EE. UU.
2162,Margaret,Corporate,Decatur,GA,EE. UU.
8228,Gregory,Corporate,Morristown,NJ,EE. UU.
7033,Robert,Corporate,Henrico,VA,EE. UU.
2506,Anthony,Corporate,Compton,CA,EE. UU.
9583,Sarah,Home Office,Caguas,PR,Puerto Rico
6496,Rose,Home Office,Caguas,PR,Puerto Rico
2433,James,Home Office,Caguas,PR,Puerto Rico
12628,Rebekah,Home Office,Caguas,PR,Puerto Rico
14924,Oprah,Home Office,Caguas,PR,Puerto Rico
13437,Kerry,Home Office,Caguas,PR,Puerto Rico
14182,Blythe,Home Office,Caguas,PR,Puerto Rico
13367,Darrel,Home Office,Caguas,PR,Puerto Rico
13642,Nita,Home Office,Caguas,PR,Puerto Rico
7555,Mary,Home Office,Caguas,PR,Puerto Rico
5813,Mary,Home Office,Caguas,PR,Puerto Rico
3499,Mildred,Home Office,Toa Baja,PR,Puerto Rico
2176,Nicholas,Home Office,Caguas,PR,Puerto Rico
10717,Kelly,Home Office,Caguas,PR,Puerto Rico
10544,Mary,Home Office,Caguas,PR,Puerto Rico
5633,Mary,Home Office,Caguas,PR,Puerto Rico
11513,David,Home Office,Caguas,PR,Puerto Rico
8824,Mary,Home Office,Caguas,PR,Puerto Rico
2645,Jeremy,Home Office,Caguas,PR,Puerto Rico
3052,Mary,Home Office,Caguas,PR,Puerto Rico
8883,Marie,Home Office,Caguas,PR,Puerto Rico
6770,Gregory,Home Office,Caguas,PR,Puerto Rico
6764,Scott,Home Office,Caguas,PR,Puerto Rico
9649,Barbara,Home Office,Caguas,PR,Puerto Rico
8562,Sara,Home Office,Caguas,PR,Puerto Rico
2354,David,Home Office,Caguas,PR,Puerto Rico
12219,Beverly,Home Office,Caguas,PR,Puerto Rico
6825,Mary,Home Office,Caguas,PR,Puerto Rico
236,Ashley,Home Office,Caguas,PR,Puerto Rico
3808,Nancy,Home Office,Caguas,PR,Puerto Rico
612,Mary,Home Office,Caguas,PR,Puerto Rico
10920,Mary,Home Office,Caguas,PR,Puerto Rico
5737,Brenda,Home Office,Caguas,PR,Puerto Rico
11451,Mary,Home Office,Caguas,PR,Puerto Rico
2841,Mary,Home Office,Caguas,PR,Puerto Rico
10803,Laura,Home Office,San Juan,PR,Puerto Rico
1897,Patrick,Home Office,Caguas,PR,Puerto Rico
1279,Alexander,Home Office,Caguas,PR,Puerto Rico
2862,Ashley,Home Office,Caguas,PR,Puerto Rico
17323,Sybil,Home Office,Caguas,PR,Puerto Rico
4263,Paul,Home Office,Caguas,PR,Puerto Rico
15350,Freya,Home Office,Caguas,PR,Puerto Rico
20205,Maya,Home Office,Caguas,PR,Puerto Rico
20202,Lareina,Home Office,Caguas,PR,Puerto Rico
19122,Venus,Home Office,Caguas,PR,Puerto Rico
19093,Leandra,Home Office,Caguas,PR,Puerto Rico
18745,Nell,Home Office,Caguas,PR,Puerto Rico
20584,Calista,Home Office,Caguas,PR,Puerto Rico
20438,Kim,Home Office,Caguas,PR,Puerto Rico
17281,Hyacinth,Home Office,Caguas,PR,Puerto Rico
17420,Amy,Home Office,Caguas,PR,Puerto Rico
8311,Mary,Home Office,Caguas,PR,Puerto Rico
1699,Mary,Home Office,Caguas,PR,Puerto Rico
15365,Alfreda,Home Office,Caguas,PR,Puerto Rico
15634,Carolyn,Home Office,Caguas,PR,Puerto Rico
8080,Matthew,Home Office,Caguas,PR,Puerto Rico
17559,Jessamine,Home Office,Caguas,PR,Puerto Rico
17612,Illana,Home Office,Caguas,PR,Puerto Rico
15142,Lareina,Home Office,Caguas,PR,Puerto Rico
17153,Illana,Home Office,Caguas,PR,Puerto Rico
15139,Kirby,Home Office,Caguas,PR,Puerto Rico
16274,Patience,Home Office,Caguas,PR,Puerto Rico
15207,Olivia,Home Office,Caguas,PR,Puerto Rico
19979,Destiny,Home Office,Caguas,PR,Puerto Rico
18614,Ila,Home Office,Caguas,PR,Puerto Rico
16099,Carol,Home Office,Caguas,PR,Puerto Rico
18057,Gloria,Home Office,Caguas,PR,Puerto Rico
19089,Galena,Home Office,Caguas,PR,Puerto Rico
15871,Linda,Home Office,Caguas,PR,Puerto Rico
18353,Brenda,Home Office,Caguas,PR,Puerto Rico
20677,Susy,Home Office,Caguas,PR,Puerto Rico
8333,Mary,Home Office,Caguas,PR,Puerto Rico
16054,Donna,Home Office,Caguas,PR,Puerto Rico
20458,Abigail,Home Office,Caguas,PR,Puerto Rico
11555,Mary,Home Office,Caguas,PR,Puerto Rico
18381,Nayda,Home Office,Caguas,PR,Puerto Rico
3260,Matthew,Home Office,Caguas,PR,Puerto Rico
20723,Ayanna,Home Office,Caguas,PR,Puerto Rico
20669,Gay,Home Office,Caguas,PR,Puerto Rico
15523,Freya,Home Office,Caguas,PR,Puerto Rico
2481,Mary,Home Office,Caguas,PR,Puerto Rico
17546,Willa,Home Office,Caguas,PR,Puerto Rico
17137,Rina,Home Office,Caguas,PR,Puerto Rico
17783,Evelyn,Home Office,Caguas,PR,Puerto Rico
17168,Lenore,Home Office,Caguas,PR,Puerto Rico
17868,Denise,Home Office,Caguas,PR,Puerto Rico
19839,Abra,Home Office,Caguas,PR,Puerto Rico
19857,Nita,Home Office,Caguas,PR,Puerto Rico
16358,Ginger,Home Office,Caguas,PR,Puerto Rico
17235,Doris,Home Office,Caguas,PR,Puerto Rico
16158,Jennifer,Home Office,Caguas,PR,Puerto Rico
15144,Moana,Home Office,Caguas,PR,Puerto Rico
16172,April,Home Office,Caguas,PR,Puerto Rico
15287,Noel,Home Office,Caguas,PR,Puerto Rico
18014,Melyssa,Home Office,Caguas,PR,Puerto Rico
15463,Felicia,Home Office,Caguas,PR,Puerto Rico
7622,Mary,Home Office,Caguas,PR,Puerto Rico
5592,Mary,Home Office,Caguas,PR,Puerto Rico
9453,Amy,Home Office,Caguas,PR,Puerto Rico
7514,Heather,Home Office,Caguas,PR,Puerto Rico
1341,Joseph,Home Office,Caguas,PR,Puerto Rico
5412,Roger,Home Office,Caguas,PR,Puerto Rico
7396,Mary,Home Office,Caguas,PR,Puerto Rico
3927,Mary,Home Office,Caguas,PR,Puerto Rico
1268,Jerry,Home Office,Caguas,PR,Puerto Rico
9647,Charles,Home Office,Caguas,PR,Puerto Rico
5551,Diane,Home Office,Caguas,PR,Puerto Rico
6754,Beverly,Home Office,Caguas,PR,Puerto Rico
6314,Vincent,Home Office,Vega Baja,PR,Puerto Rico
8299,Sean,Home Office,Caguas,PR,Puerto Rico
10633,Joyce,Home Office,Caguas,PR,Puerto Rico
10917,Mary,Home Office,Caguas,PR,Puerto Rico
5312,Nancy,Home Office,Caguas,PR,Puerto Rico
8821,Mary,Home Office,Caguas,PR,Puerto Rico
5809,Mary,Home Office,Caguas,PR,Puerto Rico
10370,Mary,Home Office,Caguas,PR,Puerto Rico
5086,Mary,Home Office,San Sebastian,PR,Puerto Rico
2421,Tyler,Home Office,Caguas,PR,Puerto Rico
2148,Jean,Home Office,Caguas,PR,Puerto Rico
994,Lisa,Home Office,Caguas,PR,Puerto Rico
3563,Mary,Home Office,Caguas,PR,Puerto Rico
4259,Thomas,Home Office,Caguas,PR,Puerto Rico
8138,Mary,Home Office,Caguas,PR,Puerto Rico
7042,Mary,Home Office,Caguas,PR,Puerto Rico
1886,Mark,Home Office,Caguas,PR,Puerto Rico
6016,Mary,Home Office,Caguas,PR,Puerto Rico
7824,Mary,Home Office,Caguas,PR,Puerto Rico
4331,David,Home Office,Humacao,PR,Puerto Rico
11614,Zachary,Home Office,Caguas,PR,Puerto Rico
6683,Zachary,Home Office,Caguas,PR,Puerto Rico
689,Mary,Home Office,Caguas,PR,Puerto Rico
3759,Mary,Home Office,Caguas,PR,Puerto Rico
7107,Mary,Home Office,Caguas,PR,Puerto Rico
1644,Kimberly,Home Office,Caguas,PR,Puerto Rico
991,John,Home Office,Caguas,PR,Puerto Rico
5868,Mary,Home Office,Caguas,PR,Puerto Rico
4134,Johnny,Home Office,Caguas,PR,Puerto Rico
6119,Sandra,Home Office,Caguas,PR,Puerto Rico
8180,Albert,Home Office,Brooklyn,NY,EE. UU.
9831,Daniel,Home Office,Hagerstown,MD,EE. UU.
6089,Laura,Home Office,Chicago,IL,EE. UU.
7565,Jean,Consumer,Las Vegas,NV,EE. UU.
10421,Rebecca,Corporate,Caguas,PR,Puerto Rico
9731,Mary,Home Office,Baytown,TX,EE. UU.
306,Alan,Home Office,Phoenix,AZ,EE. UU.
8252,Laura,Home Office,Sandusky,OH,EE. UU.
7427,Russell,Home Office,Chicago,IL,EE. UU.
172,Lauren,Home Office,Chino,CA,EE. UU.
5190,Mary,Home Office,Middletown,CT,EE. UU.
6691,John,Home Office,Miami,FL,EE. UU.
8895,Mary,Home Office,Rio Rancho,NM,EE. UU.
1583,Sean,Home Office,Sugar Land,TX,EE. UU.
6069,Helen,Consumer,Orlando,FL,EE. UU.
6176,William,Home Office,Brooklyn,NY,EE. UU.
5055,Emma,Home Office,Caguas,PR,Puerto Rico
4265,Debra,Home Office,Anaheim,CA,EE. UU.
5788,Mary,Home Office,Indio,CA,EE. UU.
5962,Jordan,Home Office,Fresno,CA,EE. UU.
8253,Shirley,Consumer,Caguas,PR,Puerto Rico
2190,Mary,Corporate,Caguas,PR,Puerto Rico
918,Nathan,Corporate,Caguas,PR,Puerto Rico
6630,Roy,Home Office,Plainfield,NJ,EE. UU.
5386,Brenda,Corporate,Chesapeake,VA,EE. UU.
2968,Julia,Consumer,Caguas,PR,Puerto Rico
8533,Austin,Consumer,Caguas,PR,Puerto Rico
5765,Maria,Home Office,Painesville,OH,EE. UU.
3928,Joseph,Home Office,New York,NY,EE. UU.
11401,Mary,Consumer,Caguas,PR,Puerto Rico
764,David,Home Office,Mililani,HI,EE. UU.
2294,Jacob,Corporate,San Diego,CA,EE. UU.
968,Mary,Consumer,Cleveland,OH,EE. UU.
347,Bryan,Home Office,Dallas,TX,EE. UU.
7323,Sarah,Corporate,Caguas,PR,Puerto Rico
3432,John,Corporate,Rego Park,NY,EE. UU.
1197,Michael,Consumer,Houston,TX,EE. UU.
10974,Mary,Consumer,Clementon,NJ,EE. UU.
5049,Mary,Consumer,Caguas,PR,Puerto Rico
5735,Ashley,Consumer,Caguas,PR,Puerto Rico
4814,Paul,Corporate,Simi Valley,CA,EE. UU.
3753,Hannah,Home Office,Fresno,CA,EE. UU.
8832,Victoria,Home Office,Brooklyn,NY,EE. UU.
5337,Samuel,Home Office,Caguas,PR,Puerto Rico
4935,Sarah,Home Office,Orange Park,FL,EE. UU.
480,Mary,Consumer,Austin,TX,EE. UU.
11783,Maria,Home Office,Highland Park,MI,EE. UU.
3574,Mary,Home Office,Salt Lake City,UT,EE. UU.
5847,Mary,Home Office,Lockport,NY,EE. UU.
1817,Teresa,Home Office,Florissant,MO,EE. UU.
10551,Jacqueline,Consumer,Tucson,AZ,EE. UU.
5857,Mary,Consumer,Caguas,PR,Puerto Rico
7453,John,Corporate,Caguas,PR,Puerto Rico
2853,Mary,Home Office,Fullerton,CA,EE. UU.
2418,Helen,Home Office,Enfield,CT,EE. UU.
8332,Bruce,Home Office,Hanford,CA,EE. UU.
5473,Randy,Consumer,Caguas,PR,Puerto Rico
11850,Deborah,Corporate,Caguas,PR,Puerto Rico
8595,Elizabeth,Corporate,Caguas,PR,Puerto Rico
12201,Mary,Consumer,Dorchester Center,MA,EE. UU.
9749,Anthony,Consumer,Caguas,PR,Puerto Rico
10810,Mary,Consumer,North Bergen,NJ,EE. UU.
10267,Mary,Corporate,Caguas,PR,Puerto Rico
12308,Joseph,Consumer,Chicago,IL,EE. UU.
10458,Mary,Consumer,Oceanside,CA,EE. UU.
2913,Victoria,Home Office,Las Cruces,NM,EE. UU.
6730,Mary,Corporate,Caguas,PR,Puerto Rico
1419,Mary,Home Office,Brooklyn,NY,EE. UU.
6105,Mary,Consumer,Los Angeles,CA,EE. UU.
8947,Mary,Home Office,Milford,CT,EE. UU.
8941,Mary,Home Office,Richmond,VA,EE. UU.
10938,Carolyn,Consumer,Caguas,PR,Puerto Rico
8891,Michael,Consumer,Detroit,MI,EE. UU.
9481,Julie,Consumer,Lynnwood,WA,EE. UU.
11400,Frances,Home Office,Fort Worth,TX,EE. UU.
388,Robert,Consumer,Los Angeles,CA,EE. UU.
1702,Mary,Consumer,Austin,TX,EE. UU.
7587,Mary,Home Office,Caguas,PR,Puerto Rico
6008,Mary,Consumer,Vega Baja,PR,Puerto Rico
7408,Mary,Home Office,Peoria,AZ,EE. UU.
4272,Mary,Home Office,Los Angeles,CA,EE. UU.
5951,Brenda,Consumer,Phoenix,AZ,EE. UU.
8827,Brian,Home Office,San Antonio,TX,EE. UU.
3847,Julie,Home Office,Columbia,MO,EE. UU.
6351,Michael,Home Office,Lancaster,PA,EE. UU.
3060,Mary,Consumer,Oxnard,CA,EE. UU.
3656,Willie,Home Office,Philadelphia,PA,EE. UU.
11942,Mary,Consumer,Caguas,PR,Puerto Rico
707,Shawn,Consumer,Caguas,PR,Puerto Rico
10625,Mark,Consumer,San Diego,CA,EE. UU.
8965,Peter,Home Office,Caguas,PR,Puerto Rico
7093,Mary,Consumer,Lilburn,GA,EE. UU.
11422,Mary,Home Office,Moreno Valley,CA,EE. UU.
3316,Mary,Consumer,Caguas,PR,Puerto Rico
1882,Jacob,Home Office,Bronx,NY,EE. UU.
1926,Mary,Consumer,Los Angeles,CA,EE. UU.
5882,Mary,Consumer,Oceanside,CA,EE. UU.
3164,Karen,Consumer,Woonsocket,RI,EE. UU.
7358,Michael,Consumer,Carmichael,CA,EE. UU.
8852,John,Consumer,Caguas,PR,Puerto Rico
2066,Mary,Consumer,Brooklyn,NY,EE. UU.
7402,Joseph,Consumer,Caguas,PR,Puerto Rico
11690,Mary,Consumer,El Paso,TX,EE. UU.
2124,Matthew,Home Office,Toms River,NJ,EE. UU.
181,Mary,Home Office,Irwin,PA,EE. UU.
2614,William,Consumer,Lawrenceville,GA,EE. UU.
5335,Phillip,Corporate,Caguas,PR,Puerto Rico
3495,Mary,Consumer,Winter Park,FL,EE. UU.
11191,Mary,Consumer,Caguas,PR,Puerto Rico
6371,Mary,Home Office,Caguas,PR,Puerto Rico
8907,Michelle,Corporate,Caguas,PR,Puerto Rico
11126,Joe,Consumer,Cleveland,OH,EE. UU.
3963,Mary,Corporate,Caguas,PR,Puerto Rico
11377,Brandon,Consumer,Caguas,PR,Puerto Rico
6981,Mary,Home Office,Long Beach,CA,EE. UU.
1924,Mary,Consumer,Tucson,AZ,EE. UU.
10718,Mary,Home Office,Marietta,GA,EE. UU.
7601,Mary,Corporate,Caguas,PR,Puerto Rico
5853,Ralph,Corporate,Caguas,PR,Puerto Rico
9258,John,Consumer,Marrero,LA,EE. UU.
3252,Mary,Consumer,Caguas,PR,Puerto Rico
9919,Mary,Consumer,Raleigh,NC,EE. UU.
334,Kathleen,Consumer,Tracy,CA,EE. UU.
3285,Michelle,Corporate,Bronx,NY,EE. UU.
2099,Dylan,Corporate,Caguas,PR,Puerto Rico
5218,Timothy,Consumer,Costa Mesa,CA,EE. UU.
10550,Elizabeth,Corporate,Caguas,PR,Puerto Rico
4255,Brittany,Consumer,Caguas,PR,Puerto Rico
12081,Margaret,Home Office,Opa Locka,FL,EE. UU.
307,Mary,Consumer,Baltimore,MD,EE. UU.
6622,Mary,Consumer,Canoga Park,CA,EE. UU.
8023,Mary,Consumer,Tampa,FL,EE. UU.
10944,Brittany,Corporate,Caguas,PR,Puerto Rico
2669,Dorothy,Home Office,Costa Mesa,CA,EE. UU.
12198,Peter,Consumer,Oviedo,FL,EE. UU.
2744,Amanda,Home Office,Algonquin,IL,EE. UU.
6794,Wayne,Consumer,Caguas,PR,Puerto Rico
5804,Mary,Corporate,York,PA,EE. UU.
8235,Bruce,Consumer,Sugar Land,TX,EE. UU.
12268,Harry,Corporate,Fresno,CA,EE. UU.
2108,Rachel,Consumer,Elgin,IL,EE. UU.
5170,Mary,Consumer,Lynwood,CA,EE. UU.
11429,Janice,Home Office,Honolulu,HI,EE. UU.
6870,Jessica,Home Office,San Diego,CA,EE. UU.
5416,Justin,Home Office,Medford,MA,EE. UU.
10824,Mary,Corporate,Caguas,PR,Puerto Rico
11790,Janet,Corporate,Caguas,PR,Puerto Rico
4520,Mary,Home Office,Chicago,IL,EE. UU.
2494,Mary,Consumer,Reynoldsburg,OH,EE. UU.
10573,Roger,Consumer,New York,NY,EE. UU.
11541,Marie,Consumer,Santa Clara,CA,EE. UU.
9043,Henry,Consumer,Sandusky,OH,EE. UU.
6044,Megan,Corporate,Caguas,PR,Puerto Rico
1403,Mary,Consumer,Bountiful,UT,EE. UU.
2509,Grace,Consumer,Tampa,FL,EE. UU.
9534,Christopher,Consumer,Las Vegas,NV,EE. UU.
750,Mary,Consumer,Chicago,IL,EE. UU.
7118,Ethan,Consumer,York,PA,EE. UU.
4363,Mary,Consumer,Caguas,PR,Puerto Rico
1356,Albert,Corporate,San Juan,PR,Puerto Rico
4419,Elizabeth,Home Office,Fremont,CA,EE. UU.
8809,Christina,Consumer,Bakersfield,CA,EE. UU.
1799,John,Consumer,Newark,OH,EE. UU.
8503,Amy,Corporate,Houston,TX,EE. UU.
8943,Brian,Home Office,Las Vegas,NV,EE. UU.
3115,Tammy,Consumer,Caguas,PR,Puerto Rico
5163,Patricia,Consumer,Palatine,IL,EE. UU.
7127,Catherine,Consumer,Bronx,NY,EE. UU.
5000,Mary,Consumer,San Juan,PR,Puerto Rico
11097,Mary,Consumer,Caguas,PR,Puerto Rico
10637,Matthew,Consumer,Seattle,WA,EE. UU.
11729,Christine,Consumer,Lakewood,OH,EE. UU.
2376,David,Home Office,Milford,CT,EE. UU.
4730,Karen,Corporate,Miami,FL,EE. UU.
9842,Mary,Consumer,Caguas,PR,Puerto Rico
5726,Terry,Consumer,North Hills,CA,EE. UU.
2239,Mary,Home Office,Silver Spring,MD,EE. UU.
2076,George,Home Office,Hamilton,OH,EE. UU.
8820,Jessica,Home Office,San Jose,CA,EE. UU.
3321,Robert,Consumer,Caguas,PR,Puerto Rico
10674,George,Home Office,Bronx,NY,EE. UU.
9420,Frank,Consumer,Citrus Heights,CA,EE. UU.
11601,Crystal,Consumer,Glendale,AZ,EE. UU.
3208,Mildred,Consumer,Hollywood,FL,EE. UU.
12153,James,Home Office,Modesto,CA,EE. UU.
9744,Donna,Home Office,Memphis,TN,EE. UU.
3417,Daniel,Home Office,Chicago,IL,EE. UU.
5630,Raymond,Corporate,Caguas,PR,Puerto Rico
9748,Mary,Consumer,Tampa,FL,EE. UU.
5285,Heather,Consumer,Clearfield,UT,EE. UU.
10358,Larry,Home Office,Caguas,PR,Puerto Rico
8585,Sharon,Consumer,Anaheim,CA,EE. UU.
2833,Eric,Corporate,Caguas,PR,Puerto Rico
2259,Mary,Home Office,Bronx,NY,EE. UU.
5126,Karen,Consumer,Wheeling,WV,EE. UU.
10197,Judith,Home Office,Lancaster,PA,EE. UU.
7513,Mary,Consumer,El Paso,TX,EE. UU.
2475,Dennis,Consumer,Detroit,MI,EE. UU.
1451,Mary,Home Office,Pompano Beach,FL,EE. UU.
5451,Wayne,Home Office,Chicago,IL,EE. UU.
5460,Lori,Home Office,Houston,TX,EE. UU.
5896,Wayne,Consumer,Forest Hills,NY,EE. UU.
364,Jason,Home Office,Tulare,CA,EE. UU.
6838,Lisa,Home Office,New York,NY,EE. UU.
1382,Mary,Home Office,Caguas,PR,Puerto Rico
888,Mary,Home Office,Los Angeles,CA,EE. UU.
5350,Timothy,Home Office,Compton,CA,EE. UU.
8308,Kathy,Consumer,Cleveland,OH,EE. UU.
6298,Mary,Consumer,Sun Valley,CA,EE. UU.
8256,James,Home Office,Phoenix,AZ,EE. UU.
11965,Emma,Consumer,North Richland Hills,TX,EE. UU.
2671,Nancy,Consumer,Portland,OR,EE. UU.
11333,Mary,Home Office,San Jose,CA,EE. UU.
2352,Timothy,Consumer,Caguas,PR,Puerto Rico
8695,Larry,Corporate,Caguas,PR,Puerto Rico
2220,James,Corporate,Caguas,PR,Puerto Rico
10073,Megan,Consumer,West Orange,NJ,EE. UU.
12015,Vincent,Corporate,Caguas,PR,Puerto Rico
8628,Frances,Consumer,Apopka,FL,EE. UU.
10323,Eric,Consumer,Caguas,PR,Puerto Rico
8320,James,Consumer,Caguas,PR,Puerto Rico
1606,Brandon,Corporate,Caguas,PR,Puerto Rico
4116,Mary,Home Office,Elgin,IL,EE. UU.
1903,Mary,Consumer,Blacksburg,VA,EE. UU.
4620,Carolyn,Consumer,Caguas,PR,Puerto Rico
8649,Mary,Corporate,Caguas,PR,Puerto Rico
11363,Frank,Consumer,Garland,TX,EE. UU.
9889,Mary,Consumer,Santa Ana,CA,EE. UU.
9058,Mary,Home Office,Dearborn,MI,EE. UU.
12149,Mary,Corporate,Caguas,PR,Puerto Rico
6790,Mary,Corporate,Caguas,PR,Puerto Rico
9340,Mary,Consumer,Victorville,CA,EE. UU.
941,Jeremy,Consumer,Modesto,CA,EE. UU.
10649,Helen,Corporate,Caguas,PR,Puerto Rico
3694,Mary,Consumer,Dearborn,MI,EE. UU.
8194,David,Consumer,Clearfield,UT,EE. UU.
1264,Melissa,Corporate,Caguas,PR,Puerto Rico
2826,Lisa,Home Office,San Ramon,CA,EE. UU.
7788,Diana,Corporate,Mission Viejo,CA,EE. UU.
2563,Linda,Corporate,Caguas,PR,Puerto Rico
8777,Mary,Consumer,Kent,WA,EE. UU.
8161,Ruth,Corporate,Caguas,PR,Puerto Rico
8226,Mary,Corporate,Caguas,PR,Puerto Rico
4879,Helen,Consumer,Beaverton,OR,EE. UU.
368,Pamela,Corporate,Caguas,PR,Puerto Rico
10302,Mary,Home Office,Broken Arrow,OK,EE. UU.
6959,Joan,Consumer,Fairfield,OH,EE. UU.
10742,Mary,Home Office,Cleveland,OH,EE. UU.
6407,Steven,Home Office,Rochester,NY,EE. UU.
5340,Nicole,Home Office,Hawthorne,CA,EE. UU.
2121,Mary,Consumer,Virginia Beach,VA,EE. UU.
1291,Mary,Home Office,Massillon,OH,EE. UU.
11042,Mary,Corporate,Ontario,CA,EE. UU.
7392,Benjamin,Home Office,Philadelphia,PA,EE. UU.
2498,Mary,Consumer,Salem,OR,EE. UU.
6823,Mary,Home Office,Chicago,IL,EE. UU.
6256,Mary,Home Office,North Bergen,NJ,EE. UU.
83,Mary,Corporate,Caguas,PR,Puerto Rico
11652,Mary,Home Office,Los Angeles,CA,EE. UU.
6047,Mary,Consumer,Garden Grove,CA,EE. UU.
3415,Frances,Home Office,Daly City,CA,EE. UU.
9319,David,Corporate,Caguas,PR,Puerto Rico
622,Karen,Corporate,Caguas,PR,Puerto Rico
2113,David,Home Office,Harvey,IL,EE. UU.
6132,Madison,Consumer,Gardena,CA,EE. UU.
4872,Mary,Consumer,Brooklyn,NY,EE. UU.
10192,Kathryn,Home Office,Chicago,IL,EE. UU.
10325,Patricia,Home Office,Caguas,PR,Puerto Rico
10256,Mary,Home Office,Dallas,TX,EE. UU.
6136,Mary,Consumer,Caguas,PR,Puerto Rico
9408,Mary,Consumer,Chicago,IL,EE. UU.
3128,Karen,Consumer,Edison,NJ,EE. UU.
3959,Laura,Consumer,Fort Lauderdale,FL,EE. UU.
10213,Justin,Consumer,Guayama,PR,Puerto Rico
9056,Andrew,Home Office,Carlsbad,CA,EE. UU.
1887,Katherine,Home Office,Mount Prospect,IL,EE. UU.
10193,Mary,Home Office,San Diego,CA,EE. UU.
2964,Eugene,Consumer,Saint Paul,MN,EE. UU.
464,Mary,Consumer,Morrisville,PA,EE. UU.
7255,Joe,Consumer,Saint Louis,MO,EE. UU.
7324,Jose,Consumer,Philadelphia,PA,EE. UU.
12404,Mary,Corporate,Caguas,PR,Puerto Rico
12121,Beverly,Corporate,Caguas,PR,Puerto Rico
4086,James,Corporate,Caguas,PR,Puerto Rico
11105,Jason,Home Office,Houston,TX,EE. UU.
7034,Brenda,Corporate,Bismarck,ND,EE. UU.
10455,Kenneth,Consumer,Caguas,PR,Puerto Rico
9941,Mary,Corporate,Caguas,PR,Puerto Rico
46,Jennifer,Consumer,Freeport,NY,EE. UU.
8058,Ryan,Consumer,Kailua,HI,EE. UU.
2446,Paul,Home Office,Pompano Beach,FL,EE. UU.
12084,Jennifer,Home Office,Frankfort,KY,EE. UU.
5627,Judith,Consumer,Jacksonville,FL,EE. UU.
10895,Mary,Consumer,Caguas,PR,Puerto Rico
3440,Mary,Consumer,Salinas,CA,EE. UU.
10103,Julie,Corporate,Aurora,CO,EE. UU.
10381,Tyler,Consumer,Long Beach,CA,EE. UU.
11877,Jeffrey,Home Office,San Francisco,CA,EE. UU.
3449,Joyce,Consumer,Cupertino,CA,EE. UU.
1062,Philip,Corporate,Caguas,PR,Puerto Rico
3309,Mary,Corporate,Caguas,PR,Puerto Rico
2692,Mary,Consumer,Pharr,TX,EE. UU.
9798,Brittany,Home Office,Houston,TX,EE. UU.
284,John,Consumer,Caguas,PR,Puerto Rico
11799,Mary,Home Office,Brooklyn,NY,EE. UU.
5053,Mary,Corporate,Caguas,PR,Puerto Rico
3693,Megan,Consumer,Compton,CA,EE. UU.
3733,Elizabeth,Corporate,Caguas,PR,Puerto Rico
1512,Mary,Corporate,Caguas,PR,Puerto Rico
5293,Michelle,Consumer,Sacramento,CA,EE. UU.
11058,Charles,Home Office,Brooklyn,NY,EE. UU.
9567,Donna,Consumer,Brooklyn,NY,EE. UU.
4506,Michael,Consumer,Virginia Beach,VA,EE. UU.
12058,Mary,Home Office,Washington,DC,EE. UU.
753,Sandra,Home Office,New York,NY,EE. UU.
969,Rose,Consumer,Bakersfield,CA,EE. UU.
1892,Nicholas,Consumer,Caguas,PR,Puerto Rico
6853,Kelly,Consumer,Dayton,OH,EE. UU.
10787,Mary,Consumer,Blacksburg,VA,EE. UU.
4575,Ashley,Home Office,Orlando,FL,EE. UU.
4959,Laura,Home Office,Brooklyn,NY,EE. UU.
6309,Cynthia,Consumer,Carlisle,PA,EE. UU.
417,Teresa,Corporate,New York,NY,EE. UU.
9000,Amber,Corporate,Caguas,PR,Puerto Rico
4324,Carolyn,Consumer,Carson,CA,EE. UU.
5426,Mary,Home Office,Antioch,CA,EE. UU.
1514,Christine,Consumer,Caguas,PR,Puerto Rico
11373,William,Consumer,Caguas,PR,Puerto Rico
4630,Mary,Home Office,Chicago,IL,EE. UU.
2390,Pamela,Corporate,Caguas,PR,Puerto Rico
3700,Stephen,Corporate,Las Vegas,NV,EE. UU.
9642,Mary,Consumer,Clearfield,UT,EE. UU.
12400,Mary,Corporate,Caguas,PR,Puerto Rico
393,Mary,Corporate,Caguas,PR,Puerto Rico
3806,Adam,Home Office,Upland,CA,EE. UU.
9935,Mary,Corporate,Caguas,PR,Puerto Rico
7165,Douglas,Home Office,Caguas,PR,Puerto Rico
3790,Alan,Consumer,Powder Springs,GA,EE. UU.
2842,Charles,Home Office,Chino Hills,CA,EE. UU.
7091,Elizabeth,Consumer,Taunton,MA,EE. UU.
4054,Mary,Home Office,Austin,TX,EE. UU.
4881,Kelly,Consumer,Caguas,PR,Puerto Rico
8521,Joe,Consumer,Chicago,IL,EE. UU.
171,Evelyn,Consumer,Caguas,PR,Puerto Rico
162,John,Corporate,Caguas,PR,Puerto Rico
2039,Mary,Consumer,Brentwood,NY,EE. UU.
6014,Mary,Home Office,Tucson,AZ,EE. UU.
1262,Mary,Consumer,Caguas,PR,Puerto Rico
5035,Mary,Consumer,New York,NY,EE. UU.
11847,Mary,Home Office,Charlotte,NC,EE. UU.
4519,Kevin,Home Office,Caguas,PR,Puerto Rico
4615,Christopher,Consumer,Chicago,IL,EE. UU.
9273,Bobby,Home Office,New Orleans,LA,EE. UU.
2359,Emily,Home Office,Philadelphia,PA,EE. UU.
8801,Ashley,Consumer,Livermore,CA,EE. UU.
3332,Mary,Consumer,Stockton,CA,EE. UU.
7148,Kyle,Corporate,Caguas,PR,Puerto Rico
7143,Mary,Home Office,Brooklyn,NY,EE. UU.
7627,Bruce,Home Office,York,PA,EE. UU.
8012,Gregory,Home Office,Hayward,CA,EE. UU.
498,Kyle,Home Office,Chicago,IL,EE. UU.
9934,Kathleen,Home Office,Bridgeton,NJ,EE. UU.
7046,Crystal,Home Office,Memphis,TN,EE. UU.
520,Mary,Consumer,Caguas,PR,Puerto Rico
10309,Robert,Home Office,Elmhurst,NY,EE. UU.
3397,Mary,Corporate,Caguas,PR,Puerto Rico
11925,James,Corporate,Tinley Park,IL,EE. UU.
5161,Mary,Consumer,Mission Viejo,CA,EE. UU.
2147,Joyce,Home Office,Salina,KS,EE. UU.
3794,Julia,Home Office,Manchester,CT,EE. UU.
10189,Harry,Corporate,Mililani,HI,EE. UU.
10486,Ronald,Consumer,Chicago,IL,EE. UU.
5682,Mary,Home Office,Redmond,WA,EE. UU.
2781,Jean,Corporate,Caguas,PR,Puerto Rico
10593,Mary,Corporate,Caguas,PR,Puerto Rico
6671,Randy,Corporate,Caguas,PR,Puerto Rico
3712,Mary,Consumer,Caguas,PR,Puerto Rico
3716,Hannah,Consumer,San Jose,CA,EE. UU.
5836,Mary,Consumer,New York,NY,EE. UU.
10493,Frances,Home Office,Chicago,IL,EE. UU.
11520,Mary,Corporate,Caguas,PR,Puerto Rico
5655,Mary,Home Office,Los Angeles,CA,EE. UU.
2835,Bryan,Corporate,Caguas,PR,Puerto Rico
6015,Emily,Home Office,Escondido,CA,EE. UU.
3006,Barbara,Corporate,Caguas,PR,Puerto Rico
4043,Mary,Home Office,San Bernardino,CA,EE. UU.
8904,Ashley,Consumer,Caguas,PR,Puerto Rico
1010,Carolyn,Consumer,Walnut,CA,EE. UU.
11085,Christopher,Home Office,Albuquerque,NM,EE. UU.
7447,Janet,Consumer,San Jose,CA,EE. UU.
8669,Amanda,Consumer,Astoria,NY,EE. UU.
11495,Mary,Consumer,Chicago,IL,EE. UU.
7875,Mary,Corporate,Lenoir,NC,EE. UU.
6974,Michael,Home Office,Chicago,IL,EE. UU.
4133,Mary,Consumer,Los Angeles,CA,EE. UU.
3443,James,Consumer,West Lafayette,IN,EE. UU.
9441,Victoria,Corporate,Colorado Springs,CO,EE. UU.
2306,Mary,Corporate,Caguas,PR,Puerto Rico
11749,William,Consumer,Troy,NY,EE. UU.
8780,Alice,Home Office,Caguas,PR,Puerto Rico
4739,Mary,Home Office,Bayamon,PR,Puerto Rico
4827,Mary,Consumer,Caguas,PR,Puerto Rico
2925,Mary,Home Office,Houston,TX,EE. UU.
9617,Mary,Consumer,Los Angeles,CA,EE. UU.
2213,Henry,Consumer,Chapel Hill,NC,EE. UU.
2347,Rose,Consumer,Caguas,PR,Puerto Rico
761,Sara,Consumer,Sunnyvale,CA,EE. UU.
7128,Randy,Consumer,Gardena,CA,EE. UU.
1389,Elizabeth,Corporate,Modesto,CA,EE. UU.
8564,Melissa,Home Office,Irving,TX,EE. UU.
459,Sean,Home Office,Sanford,NC,EE. UU.
4882,Mary,Consumer,Detroit,MI,EE. UU.
8973,Mary,Consumer,Caguas,PR,Puerto Rico
8326,Steven,Home Office,Oregon City,OR,EE. UU.
11538,Christian,Home Office,Carolina,PR,Puerto Rico
1363,Kathy,Home Office,Washington,DC,EE. UU.
8373,Christina,Home Office,Lompoc,CA,EE. UU.
7224,Margaret,Home Office,New York,NY,EE. UU.
10853,Michelle,Home Office,Las Vegas,NV,EE. UU.
6036,Barbara,Consumer,Stafford,VA,EE. UU.
6656,Ruth,Corporate,Caguas,PR,Puerto Rico
10627,Jerry,Home Office,Union City,NJ,EE. UU.
5298,Lisa,Consumer,New York,NY,EE. UU.
3139,Mary,Consumer,New York,NY,EE. UU.
2646,Mary,Home Office,El Cajon,CA,EE. UU.
9050,Mary,Home Office,Cleveland,OH,EE. UU.
9725,Robert,Consumer,O Fallon,MO,EE. UU.
11349,Mary,Consumer,Caguas,PR,Puerto Rico
4456,Evelyn,Consumer,Miami,FL,EE. UU.
12271,Mary,Consumer,Ontario,CA,EE. UU.
1236,Virginia,Home Office,Chapel Hill,NC,EE. UU.
1372,Shawn,Home Office,Virginia Beach,VA,EE. UU.
9877,Shawn,Home Office,Fresno,CA,EE. UU.
1008,Mary,Home Office,Sacramento,CA,EE. UU.
9949,Ashley,Home Office,El Paso,TX,EE. UU.
6120,Mary,Home Office,Yonkers,NY,EE. UU.
249,Mary,Consumer,Portland,OR,EE. UU.
3545,Austin,Home Office,Rochester,NY,EE. UU.
6152,Joseph,Consumer,Caguas,PR,Puerto Rico
7210,Mary,Consumer,New York,NY,EE. UU.
11374,Stephen,Consumer,Houston,TX,EE. UU.
11096,Carol,Home Office,Lockport,IL,EE. UU.
6134,James,Home Office,Brooklyn,NY,EE. UU.
4952,Elizabeth,Consumer,Long Beach,CA,EE. UU.
6752,Daniel,Consumer,Caguas,PR,Puerto Rico
55,Janet,Home Office,Phoenix,AZ,EE. UU.
3839,Adam,Consumer,Mechanicsburg,PA,EE. UU.
2268,Mary,Home Office,Marietta,GA,EE. UU.
8292,Emma,Consumer,La Mirada,CA,EE. UU.
11080,Mary,Consumer,Santa Ana,CA,EE. UU.
4396,Mary,Consumer,Bronx,NY,EE. UU.
3781,Richard,Home Office,Hamtramck,MI,EE. UU.
813,Jack,Corporate,San Francisco,CA,EE. UU.
2453,Stephen,Corporate,Caguas,PR,Puerto Rico
4110,Maria,Home Office,Hyattsville,MD,EE. UU.
9762,Ronald,Consumer,San Diego,CA,EE. UU.
4417,Arthur,Home Office,Rochester,NY,EE. UU.
10565,Mary,Consumer,Jacksonville,FL,EE. UU.
2517,Jose,Consumer,Cumberland,MD,EE. UU.
8365,Matthew,Consumer,Caguas,PR,Puerto Rico
7922,Jennifer,Home Office,Norfolk,VA,EE. UU.
2394,Mary,Consumer,Rego Park,NY,EE. UU.
13806,Heather,Consumer,Highland Park,MI,EE. UU.
11128,Timothy,Consumer,Miami,FL,EE. UU.
14896,Medge,Consumer,San Pablo,CA,EE. UU.
996,Amanda,Consumer,Austin,TX,EE. UU.
5970,Mary,Consumer,Manchester,CT,EE. UU.
14823,Wynter,Consumer,Cypress,CA,EE. UU.
14894,Blythe,Consumer,Honolulu,HI,EE. UU.
2274,Mary,Consumer,South El Monte,CA,EE. UU.
7952,Jose,Consumer,Eugene,OR,EE. UU.
3856,Mary,Consumer,Laredo,TX,EE. UU.
13731,Hiroko,Consumer,Winnetka,CA,EE. UU.
2523,Emily,Consumer,Buffalo,NY,EE. UU.
10984,Joseph,Consumer,Florissant,MO,EE. UU.
6252,Kevin,Consumer,Carrollton,TX,EE. UU.
13836,Amelia,Consumer,Pompano Beach,FL,EE. UU.
4150,Jordan,Consumer,Madera,CA,EE. UU.
5347,Madison,Consumer,Woodbridge,VA,EE. UU.
10297,Karen,Consumer,Henderson,NV,EE. UU.
12023,Olivia,Consumer,New York,NY,EE. UU.
13905,Jordan,Consumer,Los Angeles,CA,EE. UU.
14850,Shelley,Consumer,Mesa,AZ,EE. UU.
2029,Andrea,Consumer,San Diego,CA,EE. UU.
13615,Ann,Consumer,Broken Arrow,OK,EE. UU.
9178,Sharon,Consumer,New Orleans,LA,EE. UU.
13903,Joelle,Consumer,Phoenix,AZ,EE. UU.
814,Mary,Consumer,Chicago,IL,EE. UU.
12036,Jacob,Consumer,Saint Charles,MO,EE. UU.
7973,Rebecca,Consumer,Bronx,NY,EE. UU.
13902,Chava,Consumer,Lenoir,NC,EE. UU.
13866,Jenette,Consumer,Philadelphia,PA,EE. UU.
11901,Mary,Consumer,Saint Louis,MO,EE. UU.
7037,Mary,Consumer,New York,NY,EE. UU.
1598,Mary,Consumer,Rego Park,NY,EE. UU.
7419,Mary,Consumer,Las Vegas,NV,EE. UU.
14720,Ivory,Consumer,Philadelphia,PA,EE. UU.
6836,Virginia,Consumer,Albuquerque,NM,EE. UU.
5658,Michael,Consumer,Harlingen,TX,EE. UU.
14737,Kelsie,Consumer,Spring Valley,CA,EE. UU.
10069,George,Consumer,Albuquerque,NM,EE. UU.
893,Dennis,Consumer,Ogden,UT,EE. UU.
13574,Irma,Consumer,Mount Pleasant,MI,EE. UU.
2305,Donna,Consumer,Temecula,CA,EE. UU.
4390,Kelly,Consumer,Marietta,GA,EE. UU.
8328,Donna,Consumer,Crown Point,IN,EE. UU.
1770,John,Consumer,Philadelphia,PA,EE. UU.
12360,Mary,Consumer,Chicago,IL,EE. UU.
6031,Mary,Consumer,Portland,OR,EE. UU.
2815,Justin,Consumer,Lakewood,NJ,EE. UU.
3336,Sandra,Consumer,Brooklyn,NY,EE. UU.
332,Mary,Consumer,Placentia,CA,EE. UU.
566,Mary,Consumer,Dayton,OH,EE. UU.
11646,Joe,Consumer,Phoenix,AZ,EE. UU.
2684,Mary,Consumer,Fort Lauderdale,FL,EE. UU.
10299,Mary,Consumer,Mechanicsburg,PA,EE. UU.
5604,Frances,Consumer,Highland Park,MI,EE. UU.
4020,Angela,Consumer,New York,NY,EE. UU.
10523,Mary,Consumer,Chicago,IL,EE. UU.
373,George,Consumer,Union City,NJ,EE. UU.
999,Mary,Consumer,Saint Paul,MN,EE. UU.
3135,Helen,Consumer,Houston,TX,EE. UU.
570,Julia,Consumer,Buffalo,NY,EE. UU.
3523,Mary,Consumer,Fort Lauderdale,FL,EE. UU.
8863,Henry,Consumer,Washington,DC,EE. UU.
1862,Jerry,Consumer,Los Angeles,CA,EE. UU.
11803,Katherine,Consumer,Salina,KS,EE. UU.
8236,Mary,Consumer,Tucson,AZ,EE. UU.
3178,Victoria,Consumer,Middletown,OH,EE. UU.
10838,Kathryn,Consumer,Elmhurst,NY,EE. UU.
7819,Mary,Consumer,Santa Ana,CA,EE. UU.
9463,Mary,Consumer,Cleveland,OH,EE. UU.
4475,Bobby,Consumer,Glendale,AZ,EE. UU.
4035,Mary,Consumer,Dallas,TX,EE. UU.
6831,Mary,Consumer,Modesto,CA,EE. UU.
4753,Diana,Consumer,Saint Louis,MO,EE. UU.
5031,Mary,Consumer,San Antonio,TX,EE. UU.
3452,Mary,Consumer,Hialeah,FL,EE. UU.
12703,Lenore,Consumer,Columbus,OH,EE. UU.
12522,Nadine,Consumer,Fort Worth,TX,EE. UU.
12662,Cassandra,Consumer,Oxnard,CA,EE. UU.
12496,Jessamine,Consumer,Webster,NY,EE. UU.
12564,Madonna,Consumer,Augusta,GA,EE. UU.
12436,Mike,Consumer,Brownsville,TX,EE. UU.
12453,Susan,Consumer,Taylor,MI,EE. UU.
14998,Violet,Consumer,Apex,NC,EE. UU.
12832,Constance,Consumer,Richmond,TX,EE. UU.
12882,Ifeoma,Consumer,Mission Viejo,CA,EE. UU.
12828,Rae,Consumer,Doylestown,PA,EE. UU.
15082,Callie,Consumer,El Cajon,CA,EE. UU.
14956,Claudia,Consumer,Woonsocket,RI,EE. UU.
15114,Cathleen,Consumer,Simi Valley,CA,EE. UU.
12910,Tamekah,Consumer,Philadelphia,PA,EE. UU.
15130,Blair,Consumer,Philadelphia,PA,EE. UU.
14966,Quail,Consumer,Peabody,MA,EE. UU.
15109,Donna,Consumer,Granite City,IL,EE. UU.
7251,Benjamin,Consumer,Los Angeles,CA,EE. UU.
10448,Nancy,Consumer,Dallas,TX,EE. UU.
6771,Victoria,Consumer,Tucson,AZ,EE. UU.
3110,Phillip,Consumer,Irwin,PA,EE. UU.
9225,Anthony,Consumer,San Diego,CA,EE. UU.
12177,Brenda,Consumer,Bronx,NY,EE. UU.
1667,Tammy,Consumer,Phoenix,AZ,EE. UU.
18,Robert,Consumer,Martinez,CA,EE. UU.
4022,Mary,Consumer,Garland,TX,EE. UU.
1530,David,Consumer,West Chester,PA,EE. UU.
7912,Mary,Consumer,Bend,OR,EE. UU.
7120,Mary,Consumer,South Richmond Hill,NY,EE. UU.
737,Lawrence,Consumer,Pomona,CA,EE. UU.
8446,James,Consumer,Baltimore,MD,EE. UU.
7619,Mary,Consumer,Silver Spring,MD,EE. UU.
2425,Donna,Consumer,Los Angeles,CA,EE. UU.
5472,Joyce,Consumer,Brighton,MA,EE. UU.
3786,Mary,Consumer,Irving,TX,EE. UU.
2367,Sean,Consumer,Columbus,OH,EE. UU.
8866,Rachel,Consumer,Chambersburg,PA,EE. UU.
5739,Mary,Consumer,East Lansing,MI,EE. UU.
5608,James,Consumer,New York,NY,EE. UU.
8870,Nicole,Consumer,Fort Lauderdale,FL,EE. UU.
9323,Debra,Consumer,Tallahassee,FL,EE. UU.
6177,Olivia,Consumer,Detroit,MI,EE. UU.
7019,Kelly,Consumer,Bellflower,CA,EE. UU.
4018,Mildred,Consumer,Bismarck,ND,EE. UU.
3763,Mary,Consumer,Warren,MI,EE. UU.
6361,Mary,Consumer,Sugar Land,TX,EE. UU.
7678,Arthur,Consumer,Louisville,KY,EE. UU.
9527,Anna,Consumer,Napa,CA,EE. UU.
11525,Mary,Consumer,Brooklyn,NY,EE. UU.
1992,Mary,Consumer,Virginia Beach,VA,EE. UU.
1398,Cheryl,Consumer,Longmont,CO,EE. UU.
2673,Mary,Consumer,Granite City,IL,EE. UU.
9781,Mary,Consumer,Los Angeles,CA,EE. UU.
5712,Mary,Consumer,Chandler,AZ,EE. UU.
7919,Brittany,Consumer,Augusta,GA,EE. UU.
4036,David,Consumer,Granite City,IL,EE. UU.
7189,Pamela,Consumer,Jonesboro,AR,EE. UU.
9311,Mary,Consumer,Saint Charles,MO,EE. UU.
7203,Mary,Consumer,Bronx,NY,EE. UU.
7043,Cheryl,Consumer,Brooklyn,NY,EE. UU.
9834,Mary,Consumer,Huntington Park,CA,EE. UU.
6057,Mary,Consumer,Brooklyn,NY,EE. UU.
7073,Joan,Consumer,Del Rio,TX,EE. UU.
6668,Maria,Consumer,Los Angeles,CA,EE. UU.
11179,Mary,Consumer,Escondido,CA,EE. UU.
11605,Cynthia,Consumer,Sylmar,CA,EE. UU.
5320,Mary,Consumer,Stockton,CA,EE. UU.
11890,Kenneth,Consumer,Hesperia,CA,EE. UU.
2325,Mary,Consumer,Antioch,CA,EE. UU.
6066,Mary,Consumer,Kenner,LA,EE. UU.
5012,Karen,Consumer,Brooklyn,NY,EE. UU.
11117,Peter,Consumer,San Diego,CA,EE. UU.
5555,Mary,Consumer,Joliet,IL,EE. UU.
7815,Mary,Consumer,Lithonia,GA,EE. UU.
5738,Mildred,Consumer,Baltimore,MD,EE. UU.
1150,Judith,Consumer,Clearfield,UT,EE. UU.
11599,Mary,Consumer,Hickory,NC,EE. UU.
10158,Robert,Consumer,Albuquerque,NM,EE. UU.
18062,Sara,Consumer,Jacksonville,NC,EE. UU.
18061,Imani,Consumer,Brooklyn,NY,EE. UU.
18094,Rosalyn,Consumer,Hacienda Heights,CA,EE. UU.
18200,Joelle,Consumer,Woodbridge,VA,EE. UU.
18235,Tatum,Consumer,Fort Worth,TX,EE. UU.
18174,Uta,Consumer,Hialeah,FL,EE. UU.
18156,Marcia,Consumer,Fountain Valley,CA,EE. UU.
16431,Tamara,Consumer,North Las Vegas,NV,EE. UU.
16413,Kim,Consumer,Detroit,MI,EE. UU.
19213,Kirby,Consumer,Chicago,IL,EE. UU.
16571,Renee,Consumer,Augusta,GA,EE. UU.
19120,Carly,Consumer,Brooklyn,NY,EE. UU.
19210,Blossom,Consumer,Brooklyn,NY,EE. UU.
16406,Daryl,Consumer,Washington,DC,EE. UU.
16620,Iola,Consumer,Conway,AR,EE. UU.
16548,Kaye,Consumer,Elyria,OH,EE. UU.
19133,Fiona,Consumer,Dorchester Center,MA,EE. UU.
19132,Moana,Consumer,Marrero,LA,EE. UU.
16510,Hanna,Consumer,West Chester,PA,EE. UU.
19150,Iona,Consumer,Cordova,TN,EE. UU.
19078,Meredith,Consumer,Lockport,IL,EE. UU.
19183,Pandora,Consumer,Sugar Land,TX,EE. UU.
16613,Marcia,Consumer,Chesapeake,VA,EE. UU.
19036,Justina,Consumer,Clementon,NJ,EE. UU.
15682,Madonna,Consumer,San Jose,CA,EE. UU.
18842,Darrel,Consumer,Hendersonville,TN,EE. UU.
15731,Kaitlin,Consumer,Los Angeles,CA,EE. UU.
15785,Daria,Consumer,San Diego,CA,EE. UU.
15712,Rosalyn,Consumer,Lancaster,PA,EE. UU.
15710,Rosalyn,Consumer,Des Plaines,IL,EE. UU.
15709,Indira,Consumer,Sunnyvale,CA,EE. UU.
18762,Whoopi,Consumer,Norcross,GA,EE. UU.
15903,Mara,Consumer,Pacoima,CA,EE. UU.
5686,Mary,Consumer,Rochester,NY,EE. UU.
1043,Mary,Consumer,Florissant,MO,EE. UU.
7928,Madison,Consumer,Irving,TX,EE. UU.
3714,Kimberly,Consumer,Los Angeles,CA,EE. UU.
11864,Cheryl,Consumer,Panorama City,CA,EE. UU.
4125,Mary,Consumer,Meridian,ID,EE. UU.
17273,Petra,Consumer,Redmond,WA,EE. UU.
5124,Amber,Consumer,Los Angeles,CA,EE. UU.
7044,Mary,Consumer,Detroit,MI,EE. UU.
45,Mary,Consumer,Denver,CO,EE. UU.
17942,Destiny,Consumer,Simi Valley,CA,EE. UU.
17271,Clio,Consumer,Bolingbrook,IL,EE. UU.
16091,Raya,Consumer,Mount Prospect,IL,EE. UU.
16073,Hillary,Consumer,Bronx,NY,EE. UU.
2267,Rebecca,Consumer,Glendale,AZ,EE. UU.
3812,Robert,Consumer,Hendersonville,TN,EE. UU.
18476,Kylie,Consumer,Corona,CA,EE. UU.
18404,Rina,Consumer,Chicago,IL,EE. UU.
17992,Chantale,Consumer,Jackson Heights,NY,EE. UU.
18350,Freya,Consumer,Pompano Beach,FL,EE. UU.
20639,Nora,Consumer,Richardson,TX,EE. UU.
18874,Kylynn,Consumer,Hampton,VA,EE. UU.
17304,Lenore,Consumer,South El Monte,CA,EE. UU.
17448,Oprah,Consumer,Enfield,CT,EE. UU.
17466,Hannah,Consumer,Albuquerque,NM,EE. UU.
9480,Mary,Consumer,Sacramento,CA,EE. UU.
20440,Ciara,Consumer,Los Angeles,CA,EE. UU.
18294,Angela,Consumer,New York,NY,EE. UU.
17990,Rowan,Consumer,Manchester,CT,EE. UU.
15961,Mikayla,Consumer,Cleveland,OH,EE. UU.
18008,Hiroko,Consumer,Bakersfield,CA,EE. UU.
3234,Jacob,Consumer,El Paso,TX,EE. UU.
8540,Michael,Consumer,Kent,WA,EE. UU.
17641,Renee,Consumer,South Richmond Hill,NY,EE. UU.
20383,Chloe,Consumer,Crystal Lake,IL,EE. UU.
18291,Dawn,Consumer,Vacaville,CA,EE. UU.
17353,Breanna,Consumer,Webster,NY,EE. UU.
18273,Hilary,Consumer,Hamilton,OH,EE. UU.
17915,Sheila,Consumer,New York,NY,EE. UU.
18525,Neve,Consumer,Winter Park,FL,EE. UU.
1898,Mary,Consumer,Virginia Beach,VA,EE. UU.
7837,Thomas,Consumer,Eugene,OR,EE. UU.
1901,Jacob,Consumer,Chicago,IL,EE. UU.
18343,Beatrice,Consumer,Ballwin,MO,EE. UU.
18361,Pamela,Consumer,Fountain Valley,CA,EE. UU.
12074,Mary,Consumer,Conway,AR,EE. UU.
20452,Kimberly,Consumer,Holland,MI,EE. UU.
20631,Shaine,Consumer,Richmond,KY,EE. UU.
4938,Donald,Consumer,Jersey City,NJ,EE. UU.
5798,Mary,Consumer,Albuquerque,NM,EE. UU.
28,Timothy,Consumer,Longview,WA,EE. UU.
18485,Nora,Consumer,Tucson,AZ,EE. UU.
4660,Maria,Consumer,New York,NY,EE. UU.
2487,Nicole,Consumer,Las Cruces,NM,EE. UU.
17276,Xyla,Consumer,Ontario,CA,EE. UU.
20593,Yvonne,Consumer,Los Angeles,CA,EE. UU.
17455,Gillian,Consumer,Los Angeles,CA,EE. UU.
483,Mary,Consumer,Granada Hills,CA,EE. UU.
1656,Mary,Consumer,Virginia Beach,VA,EE. UU.
5984,Janet,Consumer,Dallas,TX,EE. UU.
10429,Mary,Consumer,Miami,FL,EE. UU.
5987,Mary,Consumer,Houston,TX,EE. UU.
18647,Grace,Consumer,Jackson,MI,EE. UU.
15574,Ainsley,Consumer,Houston,TX,EE. UU.
15626,Myra,Consumer,Sandusky,OH,EE. UU.
18715,Xandra,Consumer,Apex,NC,EE. UU.
15319,Veda,Consumer,Sheboygan,WI,EE. UU.
18729,Amela,Consumer,La Habra,CA,EE. UU.
15439,Amela,Consumer,Sheboygan,WI,EE. UU.
18727,Kameko,Consumer,Ypsilanti,MI,EE. UU.
15635,Jaquelyn,Consumer,New York,NY,EE. UU.
18725,Eden,Consumer,Portland,OR,EE. UU.
15328,Dakota,Consumer,San Antonio,TX,EE. UU.
15633,Farrah,Consumer,Los Angeles,CA,EE. UU.
6326,Mary,Consumer,Cleveland,OH,EE. UU.
26,Johnny,Consumer,Glenview,IL,EE. UU.
10176,Katherine,Consumer,Oregon City,OR,EE. UU.
9964,Mary,Consumer,Frankfort,KY,EE. UU.
4081,Shawn,Consumer,Dallas,TX,EE. UU.
6701,Mary,Consumer,Endicott,NY,EE. UU.
11481,Walter,Consumer,Bend,OR,EE. UU.
2874,Denise,Consumer,Los Angeles,CA,EE. UU.
10712,Ann,Consumer,Brooklyn,NY,EE. UU.
17556,Kylie,Consumer,Seattle,WA,EE. UU.
17591,Raya,Consumer,Jersey City,NJ,EE. UU.
20369,Lilah,Consumer,Stockbridge,GA,EE. UU.
20099,Phyllis,Consumer,Hyattsville,MD,EE. UU.
20351,Karly,Consumer,Pompano Beach,FL,EE. UU.
19936,Xerxes,Consumer,Las Vegas,NV,EE. UU.
18557,Eleanor,Consumer,Hesperia,CA,EE. UU.
20260,Shannon,Consumer,Phoenix,AZ,EE. UU.
19972,Jena,Consumer,Round Rock,TX,EE. UU.
15140,Veronica,Consumer,Fontana,CA,EE. UU.
18964,Aspen,Consumer,Algonquin,IL,EE. UU.
16312,Melyssa,Consumer,Normal,IL,EE. UU.
20366,Cynthia,Consumer,Chicago,IL,EE. UU.
17098,Laura,Consumer,Atlanta,GA,EE. UU.
19826,Virginia,Consumer,San Antonio,TX,EE. UU.
16329,Karly,Consumer,Los Angeles,CA,EE. UU.
19808,Madeline,Consumer,Chicago,IL,EE. UU.
20275,Destiny,Consumer,Richmond,VA,EE. UU.
18944,Lillian,Consumer,Manchester,CT,EE. UU.
18589,Kitra,Consumer,North Las Vegas,NV,EE. UU.
18925,Idola,Consumer,Brooklyn,NY,EE. UU.
17240,Amena,Consumer,Saint Charles,MO,EE. UU.
19877,Karina,Consumer,Washington,DC,EE. UU.
15153,Robin,Consumer,Spring Valley,NY,EE. UU.
15152,Felicia,Consumer,Milpitas,CA,EE. UU.
20144,Willow,Consumer,Detroit,MI,EE. UU.
20288,Mercedes,Consumer,Longview,WA,EE. UU.
20269,Jacqueline,Consumer,Albuquerque,NM,EE. UU.
18548,Camilla,Consumer,Clovis,CA,EE. UU.
16160,Sybill,Consumer,Douglasville,GA,EE. UU.
17791,Zoe,Consumer,Taylor,MI,EE. UU.
18618,Veronica,Consumer,La Mesa,CA,EE. UU.
16248,Minerva,Consumer,Hendersonville,TN,EE. UU.
18544,Hiroko,Consumer,Danbury,CT,EE. UU.
15182,Paloma,Consumer,Dearborn,MI,EE. UU.
19851,Orli,Consumer,Troy,MI,EE. UU.
18987,Nevada,Consumer,Cumberland,MD,EE. UU.
18597,Sara,Consumer,Honolulu,HI,EE. UU.
20012,Lynn,Consumer,Milford,CT,EE. UU.
19004,Kelsey,Consumer,Seattle,WA,EE. UU.
15180,Xandra,Consumer,Algonquin,IL,EE. UU.
19867,Deirdre,Consumer,Modesto,CA,EE. UU.
20370,May,Consumer,San Diego,CA,EE. UU.
9282,Austin,Consumer,Fremont,CA,EE. UU.
10770,Anna,Consumer,La Crosse,WI,EE. UU.
4894,Nancy,Consumer,Enfield,CT,EE. UU.
10849,Hannah,Consumer,Mission Viejo,CA,EE. UU.
11272,Rose,Consumer,Opelousas,LA,EE. UU.
8848,Mary,Consumer,Katy,TX,EE. UU.
4252,Susan,Consumer,Middletown,OH,EE. UU.
10198,Mary,Consumer,Hamilton,OH,EE. UU.
881,Marilyn,Consumer,Memphis,TN,EE. UU.
1427,Eric,Consumer,Weslaco,TX,EE. UU.
7969,Sean,Consumer,Duluth,GA,EE. UU.
807,Kevin,Consumer,Elk Grove,CA,EE. UU.
766,Mary,Consumer,Austin,TX,EE. UU.
9379,Mary,Consumer,Daly City,CA,EE. UU.
6739,Matthew,Consumer,Lake Forest,CA,EE. UU.
12281,Scott,Consumer,Louisville,KY,EE. UU.
1036,Mary,Consumer,Miami,FL,EE. UU.
4145,Tyler,Consumer,West Orange,NJ,EE. UU.
2001,Elizabeth,Consumer,Wichita,KS,EE. UU.
2997,Mary,Consumer,West New York,NJ,EE. UU.
7040,Mary,Consumer,Pompano Beach,FL,EE. UU.
8408,Patrick,Consumer,Columbus,OH,EE. UU.
1612,Jeffrey,Consumer,Kailua,HI,EE. UU.
11692,Mary,Consumer,Dayton,OH,EE. UU.
392,Beverly,Consumer,Doylestown,PA,EE. UU.
8240,James,Consumer,New Castle,DE,EE. UU.
5932,Charles,Consumer,Sun Valley,CA,EE. UU.
8505,James,Consumer,Buena Park,CA,EE. UU.
10281,Lauren,Consumer,East Brunswick,NJ,EE. UU.
3034,Mary,Consumer,Peoria,AZ,EE. UU.
8476,Mary,Consumer,Los Angeles,CA,EE. UU.
4034,Pamela,Consumer,Fontana,CA,EE. UU.
7297,Philip,Consumer,Carmichael,CA,EE. UU.
2007,Mary,Consumer,Warren,MI,EE. UU.
5986,Matthew,Consumer,Dallas,TX,EE. UU.
10326,Joshua,Consumer,Grand Prairie,TX,EE. UU.
3054,Gregory,Consumer,Compton,CA,EE. UU.
8406,Ethan,Consumer,El Centro,CA,EE. UU.
8429,Mary,Consumer,Cleveland,OH,EE. UU.
12243,Sharon,Consumer,Brooklyn,NY,EE. UU.
5711,Nicholas,Consumer,Chambersburg,PA,EE. UU.
6919,Tyler,Consumer,San Pablo,CA,EE. UU.
1446,Carolyn,Consumer,Memphis,TN,EE. UU.
209,Thomas,Consumer,Fort Worth,TX,EE. UU.
1096,David,Consumer,Newark,DE,EE. UU.
5483,Mary,Consumer,Murfreesboro,TN,EE. UU.
7057,Jennifer,Consumer,Carson,CA,EE. UU.
7903,Harold,Consumer,Fullerton,CA,EE. UU.
7946,Donald,Consumer,San Marcos,CA,EE. UU.
12424,Judy,Consumer,San Diego,CA,EE. UU.
166,Steven,Consumer,Florissant,MO,EE. UU.
11437,Jason,Consumer,Dallas,TX,EE. UU.
320,Mary,Consumer,Chicago,IL,EE. UU.
428,Andrew,Consumer,Spring Valley,CA,EE. UU.
5102,Heather,Consumer,Fort Lauderdale,FL,EE. UU.
1743,Mary,Consumer,New Orleans,LA,EE. UU.
2253,Charles,Consumer,Memphis,TN,EE. UU.
1467,Mary,Consumer,Phoenix,AZ,EE. UU.
2047,Megan,Consumer,Tracy,CA,EE. UU.
4921,Mary,Consumer,Hialeah,FL,EE. UU.
5837,Denise,Consumer,New York,NY,EE. UU.
6367,Daniel,Consumer,South Richmond Hill,NY,EE. UU.
5883,James,Consumer,Fayetteville,NC,EE. UU.
1545,Mary,Consumer,Fontana,CA,EE. UU.
805,Stephen,Consumer,Ypsilanti,MI,EE. UU.
5760,Larry,Consumer,Pompano Beach,FL,EE. UU.
902,Virginia,Consumer,Dearborn,MI,EE. UU.
12108,Gloria,Consumer,Hilliard,OH,EE. UU.
7102,David,Consumer,Staten Island,NY,EE. UU.
6978,Mary,Consumer,Los Angeles,CA,EE. UU.
10741,Gary,Consumer,Saint Louis,MO,EE. UU.
4963,Mary,Consumer,Brownsville,TX,EE. UU.
5014,Peter,Consumer,Highland Park,MI,EE. UU.
7722,Sarah,Consumer,Miami,FL,EE. UU.
8633,Andrea,Consumer,Greenville,NC,EE. UU.
9113,Patricia,Consumer,Salem,OR,EE. UU.
3610,Jordan,Consumer,Stafford,VA,EE. UU.
6118,Mary,Consumer,San Diego,CA,EE. UU.
4332,Mary,Consumer,Albany,OR,EE. UU.
7152,Mary,Consumer,Daly City,CA,EE. UU.
6907,Timothy,Consumer,El Paso,TX,EE. UU.
6528,Mary,Consumer,Compton,CA,EE. UU.
1111,Mary,Consumer,York,PA,EE. UU.
1666,Margaret,Consumer,Miami,FL,EE. UU.
897,Anthony,Consumer,Aurora,IL,EE. UU.
4566,Mary,Consumer,Victorville,CA,EE. UU.
10791,Mary,Consumer,Burnsville,MN,EE. UU.
1578,Lisa,Consumer,Fort Lauderdale,FL,EE. UU.
2875,Mary,Consumer,Danbury,CT,EE. UU.
5736,Mary,Consumer,Los Angeles,CA,EE. UU.
7617,David,Consumer,New York,NY,EE. UU.
299,Katherine,Consumer,Troy,MI,EE. UU.
12200,Sean,Consumer,San Diego,CA,EE. UU.
4837,Robert,Consumer,Louisville,KY,EE. UU.
3895,Mary,Consumer,Brooklyn,NY,EE. UU.
3333,James,Consumer,East Lansing,MI,EE. UU.
5379,Ralph,Consumer,Virginia Beach,VA,EE. UU.
4239,Mary,Consumer,Houston,TX,EE. UU.
529,Kathy,Consumer,Chicago,IL,EE. UU.
6563,Kathy,Consumer,Katy,TX,EE. UU.
5022,Judy,Consumer,San Jose,CA,EE. UU.
4192,Mary,Consumer,New York,NY,EE. UU.
1749,Mary,Consumer,Cincinnati,OH,EE. UU.
1272,Mary,Consumer,Bolingbrook,IL,EE. UU.
4508,Emma,Consumer,Austin,TX,EE. UU.
3481,Ronald,Consumer,Wyoming,MI,EE. UU.
7584,Patricia,Consumer,Elgin,IL,EE. UU.
6713,Mary,Consumer,San Diego,CA,EE. UU.
4738,Thomas,Consumer,Chicago,IL,EE. UU.
4776,Mary,Consumer,Chapel Hill,NC,EE. UU.
2847,Theresa,Consumer,Tonawanda,NY,EE. UU.
2722,Harold,Consumer,Newark,DE,EE. UU.
9653,Samuel,Consumer,New York,NY,EE. UU.
2266,Kevin,Consumer,Chino,CA,EE. UU.
13328,Chantale,Consumer,Mesquite,TX,EE. UU.
13345,Blythe,Consumer,Kent,WA,EE. UU.
13362,Danielle,Consumer,Wilkes Barre,PA,EE. UU.
14483,Keelie,Consumer,Tracy,CA,EE. UU.
14271,Pearl,Consumer,Buffalo,NY,EE. UU.
14500,Basia,Consumer,Dallas,TX,EE. UU.
12982,Germane,Consumer,Clearfield,UT,EE. UU.
14269,Maya,Consumer,Virginia Beach,VA,EE. UU.
14179,Veronica,Consumer,New Orleans,LA,EE. UU.
13177,Leigh,Consumer,Brooklyn,NY,EE. UU.
14141,Carolyn,Consumer,Orlando,FL,EE. UU.
14068,Cynthia,Consumer,Citrus Heights,CA,EE. UU.
13319,Brenna,Consumer,Santa Clara,CA,EE. UU.
14264,Beatrice,Consumer,Saint Paul,MN,EE. UU.
14209,Lareina,Consumer,Canton,MI,EE. UU.
13532,Naida,Consumer,Newark,DE,EE. UU.
13369,Morgan,Consumer,Bridgeton,NJ,EE. UU.
13135,Deborah,Consumer,Houston,TX,EE. UU.
13314,Chava,Consumer,West Covina,CA,EE. UU.
13511,Rhiannon,Consumer,Washington,DC,EE. UU.
13097,Eve,Consumer,Detroit,MI,EE. UU.
13510,Indigo,Consumer,San Pedro,CA,EE. UU.
14577,Sara,Consumer,CA,95758,EE. UU.
14469,Martina,Consumer,Union City,NJ,EE. UU.
4386,Rose,Consumer,Brooklyn,NY,EE. UU.
2691,Donald,Consumer,La Crosse,WI,EE. UU.
7910,Mary,Consumer,Cordova,TN,EE. UU.
9596,Mary,Consumer,Escondido,CA,EE. UU.
6865,Mary,Consumer,Moline,IL,EE. UU.
7094,Mary,Consumer,Newark,NJ,EE. UU.
12032,Mary,Consumer,Spring Valley,CA,EE. UU.
14751,Hyacinth,Consumer,Weslaco,TX,EE. UU.
9917,Kevin,Consumer,Miami,FL,EE. UU.
6456,Mary,Consumer,Las Vegas,NV,EE. UU.
11814,Jack,Consumer,Phoenix,AZ,EE. UU.
11172,Mary,Consumer,Greensboro,NC,EE. UU.
8395,Theresa,Consumer,Brooklyn,NY,EE. UU.
12792,Beatrice,Consumer,Catonsville,MD,EE. UU.
14890,Florence,Consumer,Santa Clara,CA,EE. UU.
3154,Terry,Consumer,Chicago,IL,EE. UU.
13600,Susan,Consumer,Elyria,OH,EE. UU.
2870,Ronald,Consumer,El Paso,TX,EE. UU.
2301,Mary,Consumer,Spring Valley,CA,EE. UU.
11661,Johnny,Consumer,Moline,IL,EE. UU.
9584,Maria,Consumer,Bronx,NY,EE. UU.
9205,James,Consumer,Hilliard,OH,EE. UU.
1690,Elizabeth,Consumer,Bolingbrook,IL,EE. UU.
1632,Deborah,Consumer,Citrus Heights,CA,EE. UU.
6650,Sarah,Consumer,Orlando,FL,EE. UU.
14885,Tatiana,Consumer,Elgin,IL,EE. UU.
14722,Camille,Consumer,Baltimore,MD,EE. UU.
2272,Christopher,Consumer,Goose Creek,SC,EE. UU.
8286,Jacqueline,Consumer,San Bernardino,CA,EE. UU.
13739,Veronica,Consumer,Dallas,TX,EE. UU.
14919,Iris,Consumer,Brooklyn,NY,EE. UU.
13756,Cassady,Consumer,Los Angeles,CA,EE. UU.
816,Mary,Consumer,Miami,FL,EE. UU.
12213,Mary,Consumer,Algonquin,IL,EE. UU.
5330,Mary,Consumer,Atlanta,GA,EE. UU.
13954,Mia,Consumer,Baltimore,MD,EE. UU.
14918,Alyssa,Consumer,Riverside,CA,EE. UU.
6103,Mary,Consumer,Phoenix,AZ,EE. UU.
13737,Tatyana,Consumer,Cerritos,CA,EE. UU.
10945,Mary,Consumer,Woodbridge,VA,EE. UU.
14755,Minerva,Consumer,Jackson,MI,EE. UU.
11200,Shirley,Consumer,Saint Peters,MO,EE. UU.
11108,Mary,Consumer,Plainfield,IL,EE. UU.
8909,Arthur,Consumer,Los Angeles,CA,EE. UU.
4289,Robert,Consumer,New York,NY,EE. UU.
8345,Betty,Consumer,Lynn,MA,EE. UU.
7191,Cheryl,Consumer,Berwyn,IL,EE. UU.
5239,Johnny,Consumer,San Diego,CA,EE. UU.
11691,Cheryl,Consumer,Toms River,NJ,EE. UU.
10383,Martha,Consumer,Greeley,CO,EE. UU.
4451,Joseph,Consumer,Salinas,CA,EE. UU.
2714,Albert,Consumer,Gilroy,CA,EE. UU.
3475,Mary,Consumer,Augusta,GA,EE. UU.
2212,Mary,Consumer,Des Plaines,IL,EE. UU.
10645,Julie,Consumer,Brooklyn,NY,EE. UU.
7284,Evelyn,Consumer,Greeley,CO,EE. UU.
1246,Mary,Consumer,Everett,WA,EE. UU.
3042,David,Consumer,Orange Park,FL,EE. UU.
12722,Glenna,Consumer,Santa Cruz,CA,EE. UU.
12698,Margaret,Consumer,Chicago,IL,EE. UU.
12642,Hedy,Consumer,Pompano Beach,FL,EE. UU.
12696,Piper,Consumer,North Hollywood,CA,EE. UU.
12461,Desirae,Consumer,Peoria,AZ,EE. UU.
12688,Illana,Consumer,Richardson,TX,EE. UU.
12957,Aurora,Consumer,Portland,OR,EE. UU.
12955,Amy,Consumer,Ogden,UT,EE. UU.
12932,Xerxes,Consumer,Revere,MA,EE. UU.
15023,Abigail,Consumer,Bensalem,PA,EE. UU.
15036,Mariam,Consumer,Hayward,CA,EE. UU.
12959,Dominique,Consumer,Mission Viejo,CA,EE. UU.
13507,Evangeline,Consumer,Chicago,IL,EE. UU.
14502,Cora,Consumer,Brooklyn,NY,EE. UU.
13128,Yvonne,Consumer,Phoenix,AZ,EE. UU.
13120,Yolanda,Consumer,Highland Park,MI,EE. UU.
14154,Pandora,Consumer,Buffalo,NY,EE. UU.
13278,Kaitlin,Consumer,New Haven,CT,EE. UU.
7406,Mary,Consumer,Atlanta,GA,EE. UU.
9286,Mary,Consumer,Chapel Hill,NC,EE. UU.
6161,Benjamin,Consumer,Burnsville,MN,EE. UU.
4864,Crystal,Consumer,Fresno,CA,EE. UU.
6886,Jessica,Consumer,Lawrence,MA,EE. UU.
5248,James,Consumer,Far Rockaway,NY,EE. UU.
11825,Mary,Consumer,Las Vegas,NV,EE. UU.
583,Mary,Consumer,San Marcos,TX,EE. UU.
1973,Mary,Consumer,Kent,WA,EE. UU.
7736,Timothy,Consumer,Brooklyn,NY,EE. UU.
11315,Kimberly,Consumer,College Station,TX,EE. UU.
12344,Mary,Consumer,Aurora,CO,EE. UU.
2338,Catherine,Consumer,Lindenhurst,NY,EE. UU.
2901,Emma,Consumer,Tonawanda,NY,EE. UU.
5254,Victoria,Consumer,Beloit,WI,EE. UU.
6848,Larry,Consumer,Phoenix,AZ,EE. UU.
1828,Doris,Consumer,Saint Paul,MN,EE. UU.
763,Michael,Consumer,Chicago,IL,EE. UU.
7606,Mary,Consumer,San Antonio,TX,EE. UU.
10955,Jose,Consumer,Wichita,KS,EE. UU.
2010,Mary,Consumer,San Antonio,TX,EE. UU.
5664,Teresa,Consumer,South Gate,CA,EE. UU.
3600,Jennifer,Consumer,Moreno Valley,CA,EE. UU.
14231,Jaquelyn,Consumer,Washington,DC,EE. UU.
9095,Henry,Consumer,Chicago,IL,EE. UU.
13997,Leilani,Consumer,Lewisville,TX,EE. UU.
2182,Mary,Consumer,Elk Grove,CA,EE. UU.
14347,Hermione,Consumer,Fayetteville,NC,EE. UU.
13365,Liberty,Consumer,Pompano Beach,FL,EE. UU.
14593,Aimee,Consumer,Tustin,CA,EE. UU.
14646,Nora,Consumer,Saint Charles,MO,EE. UU.
14556,Sopoline,Consumer,Brooklyn,NY,EE. UU.
14664,Audrey,Consumer,Aurora,CO,EE. UU.
13092,Aubrey,Consumer,Pomona,CA,EE. UU.
14573,Lila,Consumer,Moreno Valley,CA,EE. UU.
14163,Leigh,Consumer,Jamaica,NY,EE. UU.
14288,Hyacinth,Consumer,Rome,NY,EE. UU.
14323,Lilah,Consumer,Mount Prospect,IL,EE. UU.
14642,Hanae,Consumer,Lancaster,CA,EE. UU.
13122,Darryl,Consumer,North Hollywood,CA,EE. UU.
13193,Jennifer,Consumer,Tempe,AZ,EE. UU.
13481,Chloe,Consumer,Huntington Station,NY,EE. UU.
14422,Adele,Consumer,Phoenix,AZ,EE. UU.
13192,Audrey,Consumer,Peabody,MA,EE. UU.
13479,Emi,Consumer,Florissant,MO,EE. UU.
14507,Belle,Consumer,Los Angeles,CA,EE. UU.
14350,Emma,Consumer,Moline,IL,EE. UU.
13062,Evangeline,Consumer,Dallas,TX,EE. UU.
14349,Eliana,Consumer,Daly City,CA,EE. UU.
14470,Zelda,Consumer,Fort Lauderdale,FL,EE. UU.
13204,Gay,Consumer,Indio,CA,EE. UU.
72,Frank,Consumer,Vista,CA,EE. UU.
2130,Mary,Consumer,Austin,TX,EE. UU.
7990,Jason,Consumer,Bakersfield,CA,EE. UU.
14914,Farrah,Consumer,Las Vegas,NV,EE. UU.
2921,Denise,Consumer,Chicago,IL,EE. UU.
726,Barbara,Consumer,Mililani,HI,EE. UU.
377,Mary,Consumer,Lancaster,CA,EE. UU.
13822,Imani,Consumer,Beaverton,OR,EE. UU.
6654,Mary,Consumer,Irving,TX,EE. UU.
14803,Mechelle,Consumer,Columbus,OH,EE. UU.
8685,Mary,Consumer,Santa Ana,CA,EE. UU.
14036,Madonna,Consumer,El Cajon,CA,EE. UU.
13550,Grace,Consumer,El Paso,TX,EE. UU.
2655,Mary,Consumer,Lancaster,CA,EE. UU.
6830,Susan,Consumer,Lakewood,OH,EE. UU.
9293,Jeremy,Consumer,Broken Arrow,OK,EE. UU.
1506,Melissa,Consumer,Hagerstown,MD,EE. UU.
3317,Betty,Consumer,Los Angeles,CA,EE. UU.
133,Mary,Consumer,Brooklyn,NY,EE. UU.
13816,Karleigh,Consumer,Huntington Beach,CA,EE. UU.
14726,Amity,Consumer,Endicott,NY,EE. UU.
11885,Philip,Consumer,San Antonio,TX,EE. UU.
12331,Matthew,Consumer,Wheeling,WV,EE. UU.
3394,Mary,Consumer,Chicago,IL,EE. UU.
13886,Charissa,Consumer,Saint Paul,MN,EE. UU.
14904,Adena,Consumer,Enfield,CT,EE. UU.
14813,Melanie,Consumer,Carlisle,PA,EE. UU.
13885,Kai,Consumer,Lawrenceville,GA,EE. UU.
3256,Michael,Consumer,Newark,DE,EE. UU.
13596,Imani,Consumer,Los Angeles,CA,EE. UU.
13991,Signe,Consumer,Staten Island,NY,EE. UU.
6598,Mary,Consumer,Zanesville,OH,EE. UU.
13664,Sonya,Consumer,Sunnyvale,CA,EE. UU.
12401,Angela,Consumer,Los Angeles,CA,EE. UU.
6485,Carolyn,Consumer,Pompano Beach,FL,EE. UU.
6218,Mary,Consumer,Middletown,CT,EE. UU.
4067,Mary,Consumer,Massillon,OH,EE. UU.
11590,Mark,Consumer,Azusa,CA,EE. UU.
2999,Mary,Consumer,Glendale,AZ,EE. UU.
2568,Maria,Consumer,Memphis,TN,EE. UU.
9014,Mary,Consumer,Cypress,CA,EE. UU.
10611,Laura,Consumer,Taunton,MA,EE. UU.
12611,Pearl,Consumer,Los Angeles,CA,EE. UU.
12437,Anne,Consumer,Brownsville,TX,EE. UU.
12597,Hiroko,Consumer,Hialeah,FL,EE. UU.
12900,Myra,Consumer,Morrisville,PA,EE. UU.
15029,Taylor,Consumer,Piscataway,NJ,EE. UU.
15025,Nyssa,Consumer,Wayne,NJ,EE. UU.
12837,Whitney,Consumer,Aurora,CO,EE. UU.
12854,Geraldine,Consumer,Gardena,CA,EE. UU.
12905,May,Consumer,South San Francisco,CA,EE. UU.
11047,Mary,Consumer,Chicago,IL,EE. UU.
4424,Mary,Consumer,Newark,DE,EE. UU.
11089,Mary,Consumer,San Pablo,CA,EE. UU.
2797,David,Consumer,Denver,CO,EE. UU.
7199,James,Consumer,Miami,FL,EE. UU.
8855,Mary,Consumer,Poway,CA,EE. UU.
11758,Gerald,Consumer,Bensalem,PA,EE. UU.
11568,Stephen,Consumer,Quincy,IL,EE. UU.
11853,Mary,Consumer,Columbus,GA,EE. UU.
4890,Mary,Consumer,Chicago,IL,EE. UU.
6287,Mary,Consumer,Columbus,OH,EE. UU.
4066,Diana,Consumer,Bronx,NY,EE. UU.
1237,Mary,Consumer,Houston,TX,EE. UU.
7201,Mary,Consumer,Opa Locka,FL,EE. UU.
1162,Mary,Consumer,Winnetka,CA,EE. UU.
10419,Jerry,Consumer,Beaverton,OR,EE. UU.
4558,Jennifer,Consumer,San Francisco,CA,EE. UU.
8121,Marie,Consumer,Portland,OR,EE. UU.
11360,Jesse,Consumer,Washington,DC,EE. UU.
423,Mary,Consumer,Huntington Beach,CA,EE. UU.
2375,Mary,Consumer,Bronx,NY,EE. UU.
3181,Mary,Consumer,Del Rio,TX,EE. UU.
8732,Kathleen,Consumer,Marietta,GA,EE. UU.
8933,Jason,Consumer,Dallas,TX,EE. UU.
12297,Mary,Consumer,Lenoir,NC,EE. UU.
4505,Mary,Consumer,San Diego,CA,EE. UU.
7505,Sharon,Consumer,Indianapolis,IN,EE. UU.
560,Emma,Consumer,Richmond,VA,EE. UU.
9284,Kathleen,Consumer,Tempe,AZ,EE. UU.
8278,Jeffrey,Consumer,Staten Island,NY,EE. UU.
5355,Andrea,Consumer,Charlotte,NC,EE. UU.
7135,Benjamin,Consumer,Woodbridge,VA,EE. UU.
6135,Alexander,Consumer,Grove City,OH,EE. UU.
4060,Mary,Consumer,Greenville,NC,EE. UU.
4928,Mary,Consumer,Moreno Valley,CA,EE. UU.
735,Charles,Consumer,Saint Peters,MO,EE. UU.
9990,Mary,Consumer,Lancaster,CA,EE. UU.
4334,Scott,Consumer,Lenoir,NC,EE. UU.
1593,Nicholas,Consumer,Wilkes Barre,PA,EE. UU.
10657,Bryan,Consumer,Anaheim,CA,EE. UU.
4162,Benjamin,Consumer,Brooklyn,NY,EE. UU.
9866,Willie,Consumer,Los Angeles,CA,EE. UU.
6443,Mary,Consumer,Tempe,AZ,EE. UU.
10468,Mary,Consumer,Chicago,IL,EE. UU.
8169,Mary,Consumer,Bell Gardens,CA,EE. UU.
6291,Dorothy,Consumer,Las Vegas,NV,EE. UU.
41,Victoria,Consumer,Brooklyn,NY,EE. UU.
11145,Mary,Consumer,Simi Valley,CA,EE. UU.
17082,Patricia,Consumer,Loveland,OH,EE. UU.
16323,Remedios,Consumer,Garland,TX,EE. UU.
19940,Whitney,Consumer,Los Angeles,CA,EE. UU.
17893,Bertha,Consumer,Crown Point,IN,EE. UU.
18168,Sara,Consumer,Houston,TX,EE. UU.
18069,Latifah,Consumer,Sunnyvale,CA,EE. UU.
18248,Cameron,Consumer,Staten Island,NY,EE. UU.
19143,Hedy,Consumer,Cary,NC,EE. UU.
19215,Azalia,Consumer,Saint Paul,MN,EE. UU.
16410,Quincy,Consumer,Seattle,WA,EE. UU.
19189,Illana,Consumer,Laredo,TX,EE. UU.
16440,Britanney,Consumer,Pacoima,CA,EE. UU.
16546,Jaquelyn,Consumer,Hyattsville,MD,EE. UU.
16600,Regina,Consumer,Panorama City,CA,EE. UU.
16456,Claudia,Consumer,New York,NY,EE. UU.
16526,Piper,Consumer,Brooklyn,NY,EE. UU.
19217,Oliver,Consumer,Augusta,GA,EE. UU.
15760,Shannon,Consumer,Aurora,CO,EE. UU.
15740,Amena,Consumer,Chicago,IL,EE. UU.
9456,Mary,Consumer,South Richmond Hill,NY,EE. UU.
18409,Lillian,Consumer,Union City,NJ,EE. UU.
8554,Evelyn,Consumer,Tempe,AZ,EE. UU.
17399,Hyacinth,Consumer,Findlay,OH,EE. UU.
5107,Mary,Consumer,Corona,CA,EE. UU.
18480,Imogene,Consumer,Diamond Bar,CA,EE. UU.
18281,Cara,Consumer,Los Angeles,CA,EE. UU.
18424,Callie,Consumer,Chicago,IL,EE. UU.
3676,Mary,Consumer,Fargo,ND,EE. UU.
1947,Mary,Consumer,Conway,AR,EE. UU.
1796,Mary,Consumer,Baltimore,MD,EE. UU.
20709,Willow,Consumer,Hilliard,OH,EE. UU.
407,Mary,Consumer,Atlanta,GA,EE. UU.
17337,Violet,Consumer,Atlanta,GA,EE. UU.
17444,Natalie,Consumer,Mesa,AZ,EE. UU.
59,Douglas,Consumer,Sunnyvale,CA,EE. UU.
6150,Willie,Consumer,Lompoc,CA,EE. UU.
1388,William,Consumer,Virginia Beach,VA,EE. UU.
4609,Philip,Consumer,Los Angeles,CA,EE. UU.
20469,Rhoda,Consumer,Palatine,IL,EE. UU.
17912,Iris,Consumer,Amarillo,TX,EE. UU.
7569,Mary,Consumer,San Jose,CA,EE. UU.
20539,Fay,Consumer,Albuquerque,NM,EE. UU.
18303,Cassandra,Consumer,Sunnyvale,CA,EE. UU.
17633,Maite,Consumer,Costa Mesa,CA,EE. UU.
17669,Gay,Consumer,Los Angeles,CA,EE. UU.
10978,Mary,Consumer,Burnsville,MN,EE. UU.
18696,Kimberly,Consumer,Princeton,NJ,EE. UU.
15293,Imelda,Consumer,Saint Peters,MO,EE. UU.
18703,September,Consumer,Bell Gardens,CA,EE. UU.
11246,Mary,Consumer,Howell,MI,EE. UU.
11618,Tammy,Consumer,Houston,TX,EE. UU.
7208,Donald,Consumer,Middletown,CT,EE. UU.
4123,Elizabeth,Consumer,Princeton,NJ,EE. UU.
10702,Mary,Consumer,Upland,CA,EE. UU.
17541,Ainsley,Consumer,Apex,NC,EE. UU.
17582,Alexandra,Consumer,Mount Prospect,IL,EE. UU.
17856,Nichole,Consumer,San Ramon,CA,EE. UU.
20277,Fay,Consumer,San Bernardino,CA,EE. UU.
19899,Orli,Consumer,Dallas,TX,EE. UU.
18627,Nicole,Consumer,Miami,FL,EE. UU.
19862,Signe,Consumer,York,PA,EE. UU.
15283,Chantale,Consumer,Tonawanda,NY,EE. UU.
19987,Nadine,Consumer,Chicago,IL,EE. UU.
16129,Sonia,Consumer,Compton,CA,EE. UU.
20054,Alfreda,Consumer,South Richmond Hill,NY,EE. UU.
18938,Wynter,Consumer,Lakewood,NJ,EE. UU.
16268,Katell,Consumer,Aurora,IL,EE. UU.
20305,Heidi,Consumer,New York,NY,EE. UU.
19798,Desirae,Consumer,Oak Lawn,IL,EE. UU.
20320,Emma,Consumer,Indio,CA,EE. UU.
17788,Angelica,Consumer,Phoenix,AZ,EE. UU.
19958,Ora,Consumer,Asheboro,NC,EE. UU.
11935,Madison,Consumer,Watsonville,CA,EE. UU.
1597,Megan,Consumer,Norcross,GA,EE. UU.
652,Joseph,Consumer,Alpharetta,GA,EE. UU.
782,Mary,Consumer,Dallas,TX,EE. UU.
7098,Howard,Consumer,Chicago,IL,EE. UU.
10404,Tyler,Consumer,Pico Rivera,CA,EE. UU.
8170,Rachel,Consumer,Henderson,NV,EE. UU.
8775,Mary,Consumer,New Orleans,LA,EE. UU.
7425,Rebecca,Consumer,Pompano Beach,FL,EE. UU.
11809,Eric,Consumer,Jersey City,NJ,EE. UU.
4030,Angela,Consumer,Aurora,CO,EE. UU.
1072,James,Consumer,New Orleans,LA,EE. UU.
1472,Mary,Consumer,Brooklyn,NY,EE. UU.
4719,Mary,Consumer,Hollywood,FL,EE. UU.
3448,Mary,Consumer,Chicago,IL,EE. UU.
3126,Mary,Consumer,Fountain Valley,CA,EE. UU.
4048,Mary,Consumer,Lockport,IL,EE. UU.
12261,Mary,Consumer,Sheboygan,WI,EE. UU.
7653,Karen,Consumer,Chicago,IL,EE. UU.
1424,James,Consumer,Mesa,AZ,EE. UU.
8937,Amy,Consumer,Aurora,CO,EE. UU.
2956,William,Consumer,Brooklyn,NY,EE. UU.
3400,Frank,Consumer,Moreno Valley,CA,EE. UU.
10744,Samantha,Consumer,Palatine,IL,EE. UU.
7252,Mary,Consumer,Freehold,NJ,EE. UU.
1397,Dorothy,Consumer,Las Vegas,NV,EE. UU.
3479,Mary,Consumer,Brooklyn,NY,EE. UU.
6624,Mary,Consumer,Raleigh,NC,EE. UU.
9664,Jordan,Consumer,Brooklyn,NY,EE. UU.
9965,Rose,Consumer,Los Angeles,CA,EE. UU.
7690,James,Consumer,Los Angeles,CA,EE. UU.
4295,Jessica,Consumer,New York,NY,EE. UU.
3350,Mary,Consumer,Loveland,OH,EE. UU.
4096,Beverly,Consumer,Brooklyn,NY,EE. UU.
11194,Frances,Consumer,Aurora,CO,EE. UU.
9780,Henry,Consumer,Chicago,IL,EE. UU.
10395,Mary,Consumer,Troy,NY,EE. UU.
854,Daniel,Consumer,Del Rio,TX,EE. UU.
878,Mary,Consumer,West Covina,CA,EE. UU.
6254,Charles,Consumer,Tonawanda,NY,EE. UU.
4384,Marie,Consumer,Denver,CO,EE. UU.
7381,Mary,Consumer,Rio Rancho,NM,EE. UU.
1669,Martha,Consumer,New York,NY,EE. UU.
728,Anthony,Consumer,Philadelphia,PA,EE. UU.
1965,Mary,Consumer,Joliet,IL,EE. UU.
3251,Kenneth,Consumer,Los Angeles,CA,EE. UU.
10059,Julia,Consumer,Orange Park,FL,EE. UU.
759,Donna,Consumer,Lawton,OK,EE. UU.
8923,Mary,Consumer,Opelousas,LA,EE. UU.
7170,Bryan,Consumer,San Diego,CA,EE. UU.
6653,Judy,Consumer,Hagerstown,MD,EE. UU.
4254,Mary,Consumer,South Richmond Hill,NY,EE. UU.
7836,Mary,Consumer,College Station,TX,EE. UU.
131,Brenda,Consumer,Methuen,MA,EE. UU.
9766,Rachel,Consumer,Elyria,OH,EE. UU.
5230,Jason,Consumer,Santa Ana,CA,EE. UU.
10639,Mary,Consumer,San Francisco,CA,EE. UU.
5966,Joseph,Consumer,Fullerton,CA,EE. UU.
10846,Danielle,Consumer,Canoga Park,CA,EE. UU.
4954,Mary,Consumer,Houston,TX,EE. UU.
7677,Mary,Consumer,Chicago,IL,EE. UU.
4858,Mary,Consumer,Del Rio,TX,EE. UU.
6575,Sarah,Consumer,Pompano Beach,FL,EE. UU.
9477,Lawrence,Consumer,Vista,CA,EE. UU.
11494,Harry,Consumer,Joliet,IL,EE. UU.
9007,Mary,Consumer,Chicago,IL,EE. UU.
381,Katherine,Consumer,Fairfield,OH,EE. UU.
12229,Rachel,Consumer,Chicago,IL,EE. UU.
9369,Matthew,Consumer,Chicago,IL,EE. UU.
7971,William,Consumer,Annandale,VA,EE. UU.
6867,Mary,Consumer,Cicero,IL,EE. UU.
184,Mary,Consumer,Lindenhurst,NY,EE. UU.
7798,James,Consumer,New York,NY,EE. UU.
1305,Mary,Consumer,Columbia,SC,EE. UU.
14169,Bell,Consumer,Pharr,TX,EE. UU.
5253,Susan,Consumer,Chandler,AZ,EE. UU.
6447,Helen,Consumer,Crystal Lake,IL,EE. UU.
4014,Mary,Consumer,Dallas,TX,EE. UU.
2899,Albert,Consumer,Honolulu,HI,EE. UU.
13975,Emma,Consumer,Saint Louis,MO,EE. UU.
13593,Stella,Consumer,Hilliard,OH,EE. UU.
3937,Nancy,Consumer,Santa Ana,CA,EE. UU.
12446,Lesley,Consumer,Stafford,VA,EE. UU.
12831,Amber,Consumer,Revere,MA,EE. UU.
12843,Audrey,Consumer,Atlanta,GA,EE. UU.
14149,Aileen,Consumer,Frankfort,KY,EE. UU.
14167,Lenore,Consumer,Spring,TX,EE. UU.
14414,Hayfa,Consumer,Los Angeles,CA,EE. UU.
13184,Renee,Consumer,Del Rio,TX,EE. UU.
13111,Deborah,Consumer,Greensboro,NC,EE. UU.
13309,Patience,Consumer,Bay Shore,NY,EE. UU.
13488,Gloria,Consumer,Lakewood,NJ,EE. UU.
14465,Abigail,Consumer,San Diego,CA,EE. UU.
14411,Jennifer,Consumer,Smyrna,GA,EE. UU.
14681,Willow,Consumer,Las Vegas,NV,EE. UU.
13451,Leilani,Consumer,Glenview,IL,EE. UU.
14361,Blossom,Consumer,Moreno Valley,CA,EE. UU.
13523,Rylee,Consumer,Richardson,TX,EE. UU.
13450,Sheila,Consumer,Jamaica,NY,EE. UU.
14517,Sarah,Consumer,Rio Rancho,NM,EE. UU.
13234,Zorita,Consumer,Chandler,AZ,EE. UU.
13396,Sloane,Consumer,New Bedford,MA,EE. UU.
13323,Angelica,Consumer,Reseda,CA,EE. UU.
14341,Xerxes,Consumer,Chicago,IL,EE. UU.
13485,Amity,Consumer,Washington,DC,EE. UU.
13359,Ori,Consumer,Norfolk,VA,EE. UU.
14125,Megan,Consumer,Troy,NY,EE. UU.
14233,Cecilia,Consumer,Memphis,TN,EE. UU.
14462,Gillian,Consumer,Colorado Springs,CO,EE. UU.
13304,Kitra,Consumer,Irvington,NJ,EE. UU.
13178,Carla,Consumer,Santa Maria,CA,EE. UU.
14677,Katell,Consumer,Bolingbrook,IL,EE. UU.
13519,Chelsea,Consumer,Dorchester Center,MA,EE. UU.
13411,Beatrice,Consumer,Saginaw,MI,EE. UU.
14675,Xena,Consumer,Silver Spring,MD,EE. UU.
13410,Shay,Consumer,Fresno,CA,EE. UU.
13032,Winter,Consumer,Pompano Beach,FL,EE. UU.
14320,Hope,Consumer,Pacoima,CA,EE. UU.
13085,Nomlanga,Consumer,Stockton,CA,EE. UU.
14157,Wynter,Consumer,Ventura,CA,EE. UU.
14530,Bree,Consumer,Portland,OR,EE. UU.
14229,Hope,Consumer,Glenview,IL,EE. UU.
14228,Sacha,Consumer,Jersey City,NJ,EE. UU.
14371,Medge,Consumer,Alpharetta,GA,EE. UU.
13514,Juliet,Consumer,Los Angeles,CA,EE. UU.
14334,Geraldine,Consumer,Virginia Beach,VA,EE. UU.
14118,Christine,Consumer,Woodside,NY,EE. UU.
14437,Hannah,Consumer,Wichita,KS,EE. UU.
14599,Katelyn,Consumer,Irving,TX,EE. UU.
13225,Brenna,Consumer,San Diego,CA,EE. UU.
14616,Velma,Consumer,Stockbridge,GA,EE. UU.
14062,Minerva,Consumer,Garden Grove,CA,EE. UU.
14453,Freya,Consumer,Perth Amboy,NJ,EE. UU.
13116,Zia,Consumer,Strongsville,OH,EE. UU.
13079,Yael,Consumer,New Orleans,LA,EE. UU.
13312,Montana,Consumer,Aurora,CO,EE. UU.
4127,Christopher,Consumer,Tempe,AZ,EE. UU.
3773,Brenda,Consumer,Tempe,AZ,EE. UU.
5676,William,Consumer,Chicago,IL,EE. UU.
10816,Henry,Consumer,Dallas,TX,EE. UU.
1165,Edward,Consumer,Houston,TX,EE. UU.
11844,Pamela,Consumer,Hollywood,FL,EE. UU.
11937,Michael,Consumer,Aurora,CO,EE. UU.
1052,Daniel,Consumer,Lakewood,NJ,EE. UU.
6589,Crystal,Consumer,Bensalem,PA,EE. UU.
5945,Mary,Consumer,Morganton,NC,EE. UU.
5291,Carolyn,Consumer,Brooklyn,NY,EE. UU.
13951,Lillith,Consumer,Massapequa,NY,EE. UU.
5866,Daniel,Consumer,Modesto,CA,EE. UU.
8868,Mary,Consumer,Philadelphia,PA,EE. UU.
1559,James,Consumer,Aurora,CO,EE. UU.
13968,Jessamine,Consumer,Fresno,CA,EE. UU.
3203,Mary,Consumer,Rego Park,NY,EE. UU.
6605,Mary,Consumer,Philadelphia,PA,EE. UU.
11201,Wayne,Consumer,Indio,CA,EE. UU.
13877,Rhonda,Consumer,Houston,TX,EE. UU.
10352,Mary,Consumer,Miami,FL,EE. UU.
4919,Judith,Consumer,Opa Locka,FL,EE. UU.
982,Mary,Consumer,New Albany,IN,EE. UU.
5398,James,Consumer,Jersey City,NJ,EE. UU.
13659,Briar,Consumer,Bronx,NY,EE. UU.
12794,Nayda,Consumer,San Antonio,TX,EE. UU.
915,Sean,Consumer,Broken Arrow,OK,EE. UU.
2290,Joe,Consumer,Endicott,NY,EE. UU.
14892,Bree,Consumer,York,PA,EE. UU.
14856,Charity,Consumer,Weslaco,TX,EE. UU.
314,Maria,Consumer,Milwaukee,WI,EE. UU.
13586,Diana,Consumer,Clearfield,UT,EE. UU.
13729,Amela,Consumer,Methuen,MA,EE. UU.
13837,Kiara,Consumer,Lawton,OK,EE. UU.
13657,Alma,Consumer,Aurora,CO,EE. UU.
14837,Liberty,Consumer,Union City,CA,EE. UU.
4371,Doris,Consumer,Saint Charles,MO,EE. UU.
13783,Cameron,Consumer,Hayward,CA,EE. UU.
9033,Mary,Consumer,Marrero,LA,EE. UU.
12387,Mary,Consumer,Irwin,PA,EE. UU.
5272,Jean,Consumer,Las Vegas,NV,EE. UU.
5646,Christine,Consumer,Jamaica,NY,EE. UU.
13746,Ila,Consumer,Indianapolis,IN,EE. UU.
6793,Helen,Consumer,Plano,TX,EE. UU.
13691,Martha,Consumer,New York,NY,EE. UU.
14051,Quincy,Consumer,Martinez,CA,EE. UU.
13781,Jeanette,Consumer,Mentor,OH,EE. UU.
10301,Jeremy,Consumer,Edinburg,TX,EE. UU.
14763,Cherokee,Consumer,West Chester,PA,EE. UU.
12753,Cassandra,Consumer,Wayne,NJ,EE. UU.
751,Benjamin,Consumer,Los Angeles,CA,EE. UU.
13672,Stacy,Consumer,Chapel Hill,NC,EE. UU.
2393,Dorothy,Consumer,Hesperia,CA,EE. UU.
10390,Anthony,Consumer,Hialeah,FL,EE. UU.
13761,Giselle,Consumer,New Haven,CT,EE. UU.
10376,Mary,Consumer,Yuma,AZ,EE. UU.
8469,Amanda,Consumer,Garden Grove,CA,EE. UU.
13707,Sierra,Consumer,Simi Valley,CA,EE. UU.
10575,Mary,Consumer,Ontario,CA,EE. UU.
12805,Leigh,Consumer,Chicago,IL,EE. UU.
3225,Mary,Consumer,Ann Arbor,MI,EE. UU.
14759,Lee,Consumer,Webster,NY,EE. UU.
13831,Madeline,Consumer,Santa Ana,CA,EE. UU.
13741,Mallory,Consumer,Columbia,SC,EE. UU.
14758,Shelley,Consumer,Walnut,CA,EE. UU.
14010,Kalia,Consumer,Miami,FL,EE. UU.
13577,Dorothy,Consumer,Howell,MI,EE. UU.
10128,Amber,Consumer,San Diego,CA,EE. UU.
14009,Aspen,Consumer,Phoenix,AZ,EE. UU.
14703,Brianna,Consumer,Glendale,AZ,EE. UU.
4113,Frank,Consumer,Cary,NC,EE. UU.
12801,Kelly,Consumer,Garden Grove,CA,EE. UU.
2245,Megan,Consumer,Las Vegas,NV,EE. UU.
11875,Joseph,Consumer,Princeton,NJ,EE. UU.
10237,Margaret,Consumer,Medina,OH,EE. UU.
7855,Robert,Consumer,Cicero,IL,EE. UU.
12800,Martha,Consumer,Tulare,CA,EE. UU.
13826,Veda,Consumer,Phoenix,AZ,EE. UU.
13844,Amena,Consumer,Chicago,IL,EE. UU.
13628,Fay,Consumer,Washington,PA,EE. UU.
8495,Patricia,Consumer,Upland,CA,EE. UU.
6904,Mary,Consumer,Hamilton,OH,EE. UU.
7378,Mary,Consumer,Pico Rivera,CA,EE. UU.
3035,Anna,Consumer,Glenview,IL,EE. UU.
9805,Mary,Consumer,Walnut,CA,EE. UU.
7026,Ann,Corporate,Caguas,PR,Puerto Rico
9673,Mary,Corporate,Caguas,PR,Puerto Rico
2022,Beverly,Corporate,Caguas,PR,Puerto Rico
2472,Alan,Corporate,Caguas,PR,Puerto Rico
2612,Lori,Corporate,Caguas,PR,Puerto Rico
10399,Kevin,Corporate,Caguas,PR,Puerto Rico
5321,Robert,Corporate,Caguas,PR,Puerto Rico
5212,Mary,Corporate,Caguas,PR,Puerto Rico
12398,Charles,Corporate,Caguas,PR,Puerto Rico
7611,Mary,Corporate,Caguas,PR,Puerto Rico
1910,Helen,Corporate,Caguas,PR,Puerto Rico
5930,Sara,Corporate,Caguas,PR,Puerto Rico
19161,Dawn,Corporate,Guayama,PR,Puerto Rico
19241,Maya,Corporate,Caguas,PR,Puerto Rico
5019,Mary,Corporate,Caguas,PR,Puerto Rico
6912,Kathy,Corporate,Bayamon,PR,Puerto Rico
4584,Mary,Corporate,San Juan,PR,Puerto Rico
17906,Daryl,Corporate,Caguas,PR,Puerto Rico
17673,Jamalia,Corporate,Caguas,PR,Puerto Rico
11511,Albert,Corporate,Caguas,PR,Puerto Rico
17526,Gwendolyn,Corporate,Caguas,PR,Puerto Rico
20332,Morgan,Corporate,Caguas,PR,Puerto Rico
17777,Montana,Corporate,Caguas,PR,Puerto Rico
20337,Violet,Corporate,Caguas,PR,Puerto Rico
17030,Cheyenne,Corporate,Caguas,PR,Puerto Rico
19079,Leila,Corporate,Caguas,PR,Puerto Rico
18279,Dawn,Corporate,Caguas,PR,Puerto Rico
17449,Nichole,Corporate,Caguas,PR,Puerto Rico
17920,Hope,Corporate,Caguas,PR,Puerto Rico
4283,Eugene,Corporate,Caguas,PR,Puerto Rico
5690,Mary,Corporate,Caguas,PR,Puerto Rico
11780,Karen,Corporate,Caguas,PR,Puerto Rico
1226,Dorothy,Corporate,Caguas,PR,Puerto Rico
8893,Mary,Corporate,Caguas,PR,Puerto Rico
10153,Mary,Corporate,Caguas,PR,Puerto Rico
6494,Brittany,Corporate,Arecibo,PR,Puerto Rico
7981,Mark,Corporate,Caguas,PR,Puerto Rico
1032,Mary,Corporate,Caguas,PR,Puerto Rico
4480,Alan,Corporate,Vega Baja,PR,Puerto Rico
10900,Jennifer,Corporate,Caguas,PR,Puerto Rico
8599,Elizabeth,Corporate,Caguas,PR,Puerto Rico
77,Shirley,Corporate,Caguas,PR,Puerto Rico
10274,Scott,Corporate,Caguas,PR,Puerto Rico
11607,Robert,Corporate,Caguas,PR,Puerto Rico
1772,Mary,Corporate,Caguas,PR,Puerto Rico
8955,Michael,Corporate,Caguas,PR,Puerto Rico
9612,Willie,Corporate,Caguas,PR,Puerto Rico
1358,Gloria,Corporate,Caguas,PR,Puerto Rico
2648,Mary,Corporate,Caguas,PR,Puerto Rico
4450,Mary,Corporate,Caguas,PR,Puerto Rico
13203,Xena,Corporate,Caguas,PR,Puerto Rico
14485,Ingrid,Corporate,Caguas,PR,Puerto Rico
14180,Jade,Corporate,Caguas,PR,Puerto Rico
14478,Zenaida,Corporate,Caguas,PR,Puerto Rico
14440,Simone,Corporate,Guaynabo,PR,Puerto Rico
14188,Regan,Corporate,Humacao,PR,Puerto Rico
3286,Stephen,Corporate,Caguas,PR,Puerto Rico
3579,Mary,Corporate,Caguas,PR,Puerto Rico
13681,Shana,Corporate,Caguas,PR,Puerto Rico
14004,Remedios,Corporate,Caguas,PR,Puerto Rico
3769,Amy,Corporate,Caguas,PR,Puerto Rico
2459,Robert,Corporate,Caguas,PR,Puerto Rico
13679,Moana,Corporate,Caguas,PR,Puerto Rico
3233,Mary,Corporate,Caguas,PR,Puerto Rico
6723,Mary,Corporate,Caguas,PR,Puerto Rico
7898,Mary,Corporate,Caguas,PR,Puerto Rico
13546,Petra,Corporate,Caguas,PR,Puerto Rico
8017,Mary,Corporate,Caguas,PR,Puerto Rico
11256,David,Corporate,Caguas,PR,Puerto Rico
3136,Mary,Corporate,Caguas,PR,Puerto Rico
12329,Scott,Corporate,Caguas,PR,Puerto Rico
9346,Jack,Corporate,Caguas,PR,Puerto Rico
14775,Katell,Corporate,Caguas,PR,Puerto Rico
10161,Mary,Corporate,Caguas,PR,Puerto Rico
8335,Aaron,Corporate,Caguas,PR,Puerto Rico
4201,Mary,Corporate,Caguas,PR,Puerto Rico
2735,Mary,Corporate,Caguas,PR,Puerto Rico
6341,Daniel,Corporate,Caguas,PR,Puerto Rico
4053,Rebecca,Corporate,Caguas,PR,Puerto Rico
8876,Timothy,Corporate,Caguas,PR,Puerto Rico
7932,Catherine,Corporate,Caguas,PR,Puerto Rico
5615,Albert,Corporate,Caguas,PR,Puerto Rico
4499,Cynthia,Corporate,Caguas,PR,Puerto Rico
3176,Donna,Corporate,Caguas,PR,Puerto Rico
94,Mary,Corporate,Caguas,PR,Puerto Rico
8748,Steven,Corporate,Caguas,PR,Puerto Rico
8411,Harold,Corporate,Caguas,PR,Puerto Rico
4089,Samantha,Corporate,Caguas,PR,Puerto Rico
5660,Mary,Corporate,Caguas,PR,Puerto Rico
2049,Gary,Corporate,Caguas,PR,Puerto Rico
12668,Farrah,Corporate,Caguas,PR,Puerto Rico
12441,John,Corporate,Caguas,PR,Puerto Rico
12653,Megan,Corporate,Caguas,PR,Puerto Rico
12598,Aileen,Corporate,Caguas,PR,Puerto Rico
15031,Darryl,Corporate,Caguas,PR,Puerto Rico
15119,Shelley,Corporate,Caguas,PR,Puerto Rico
14420,Kay,Corporate,Caguas,PR,Puerto Rico
190,Mary,Corporate,Caguas,PR,Puerto Rico
11623,Patricia,Corporate,Yauco,PR,Puerto Rico
10673,William,Corporate,Caguas,PR,Puerto Rico
11829,Steven,Corporate,Caguas,PR,Puerto Rico
7455,Ann,Corporate,Caguas,PR,Puerto Rico
13943,Kelsey,Corporate,Caguas,PR,Puerto Rico
2650,David,Corporate,Caguas,PR,Puerto Rico
3423,Mary,Corporate,Caguas,PR,Puerto Rico
3877,John,Corporate,Caguas,PR,Puerto Rico
7049,Justin,Corporate,Caguas,PR,Puerto Rico
3881,Patricia,Corporate,Caguas,PR,Puerto Rico
3816,Dorothy,Corporate,Caguas,PR,Puerto Rico
4118,Mary,Corporate,Caguas,PR,Puerto Rico
6025,Mary,Corporate,Caguas,PR,Puerto Rico
7631,Alexander,Corporate,Caguas,PR,Puerto Rico
10360,Mary,Corporate,Caguas,PR,Puerto Rico
9637,Nicole,Corporate,Caguas,PR,Puerto Rico
5596,Mary,Corporate,Caguas,PR,Puerto Rico
3354,Russell,Corporate,Caguas,PR,Puerto Rico
6300,Willie,Corporate,Caguas,PR,Puerto Rico
3155,Mary,Corporate,Caguas,PR,Puerto Rico
1123,Mary,Corporate,Caguas,PR,Puerto Rico
4467,Howard,Corporate,Caguas,PR,Puerto Rico
4779,Theresa,Corporate,Caguas,PR,Puerto Rico
11581,Mary,Corporate,Juana Diaz,PR,Puerto Rico
4065,Mary,Corporate,Caguas,PR,Puerto Rico
10707,Mary,Corporate,Caguas,PR,Puerto Rico
7870,Mary,Corporate,Caguas,PR,Puerto Rico
2150,Andrea,Corporate,Caguas,PR,Puerto Rico
9717,Rose,Corporate,Caguas,PR,Puerto Rico
2479,Mary,Corporate,Caguas,PR,Puerto Rico
3277,Jennifer,Corporate,Caguas,PR,Puerto Rico
12061,Ruth,Corporate,Caguas,PR,Puerto Rico
8403,Joseph,Corporate,Caguas,PR,Puerto Rico
7536,Virginia,Corporate,Caguas,PR,Puerto Rico
11322,Gary,Corporate,Caguas,PR,Puerto Rico
5618,Victoria,Corporate,Caguas,PR,Puerto Rico
4517,Mary,Corporate,Caguas,PR,Puerto Rico
5155,Mary,Corporate,Caguas,PR,Puerto Rico
10768,Lawrence,Corporate,Caguas,PR,Puerto Rico
11873,Joe,Corporate,Caguas,PR,Puerto Rico
4204,Mary,Corporate,Caguas,PR,Puerto Rico
2747,Nicholas,Corporate,Caguas,PR,Puerto Rico
9565,Donald,Corporate,Caguas,PR,Puerto Rico
18129,Sonya,Corporate,Caguas,PR,Puerto Rico
19156,Sheila,Corporate,Caguas,PR,Puerto Rico
19281,Melinda,Corporate,Caguas,PR,Puerto Rico
19154,Megan,Corporate,Caguas,PR,Puerto Rico
19151,Phyllis,Corporate,Caguas,PR,Puerto Rico
19201,Rama,Corporate,Caguas,PR,Puerto Rico
16522,Xaviera,Corporate,Caguas,PR,Puerto Rico
15781,Hyacinth,Corporate,Caguas,PR,Puerto Rico
15814,Heather,Corporate,Caguas,PR,Puerto Rico
15705,Maya,Corporate,Caguas,PR,Puerto Rico
4603,Emily,Corporate,Caguas,PR,Puerto Rico
3018,Mary,Corporate,Caguas,PR,Puerto Rico
9676,Theresa,Corporate,Caguas,PR,Puerto Rico
875,Mary,Corporate,Caguas,PR,Puerto Rico
10826,Mary,Corporate,Caguas,PR,Puerto Rico
1190,Madison,Corporate,Caguas,PR,Puerto Rico
4731,Hannah,Corporate,Caguas,PR,Puerto Rico
17646,Larissa,Corporate,Caguas,PR,Puerto Rico
7193,Jennifer,Corporate,Caguas,PR,Puerto Rico
18028,Rhoda,Corporate,Caguas,PR,Puerto Rico
8062,Dennis,Corporate,Caguas,PR,Puerto Rico
17678,Iola,Corporate,Caguas,PR,Puerto Rico
17445,Cassandra,Corporate,Caguas,PR,Puerto Rico
7449,Jerry,Corporate,Caguas,PR,Puerto Rico
8651,George,Corporate,Caguas,PR,Puerto Rico
10115,Mary,Corporate,Caguas,PR,Puerto Rico
18523,Mari,Corporate,Caguas,PR,Puerto Rico
20559,Jessamine,Corporate,Caguas,PR,Puerto Rico
140,Amanda,Corporate,Caguas,PR,Puerto Rico
20468,Avye,Corporate,Caguas,PR,Puerto Rico
18431,Rhea,Corporate,Caguas,PR,Puerto Rico
8924,Emma,Corporate,Caguas,PR,Puerto Rico
7086,Mary,Corporate,Caguas,PR,Puerto Rico
2222,Paul,Corporate,Caguas,PR,Puerto Rico
12295,Mary,Corporate,Caguas,PR,Puerto Rico
15515,Justina,Corporate,Caguas,PR,Puerto Rico
15533,Maxine,Corporate,Caguas,PR,Puerto Rico
15653,Illana,Corporate,Caguas,PR,Puerto Rico
15598,Laura,Corporate,Caguas,PR,Puerto Rico
15434,Zenia,Corporate,Caguas,PR,Puerto Rico
8729,Amber,Corporate,Caguas,PR,Puerto Rico
2749,Mary,Corporate,Caguas,PR,Puerto Rico
1563,Carolyn,Corporate,Caguas,PR,Puerto Rico
4912,William,Corporate,Caguas,PR,Puerto Rico
17579,Phoebe,Corporate,Caguas,PR,Puerto Rico
15195,Daryl,Corporate,Caguas,PR,Puerto Rico
20096,Moana,Corporate,Caguas,PR,Puerto Rico
16340,Diana,Corporate,Caguas,PR,Puerto Rico
16106,Clare,Corporate,Caguas,PR,Puerto Rico
20140,Emerald,Corporate,Caguas,PR,Puerto Rico
20068,Ila,Corporate,Caguas,PR,Puerto Rico
20301,Kylie,Corporate,Caguas,PR,Puerto Rico
17751,Shelley,Corporate,Caguas,PR,Puerto Rico
16425,Courtney,Corporate,Caguas,PR,Puerto Rico
4466,Rachel,Corporate,Yauco,PR,Puerto Rico
10653,Mary,Corporate,Caguas,PR,Puerto Rico
1754,Kevin,Corporate,Caguas,PR,Puerto Rico
18420,Leigh,Corporate,Caguas,PR,Puerto Rico
10842,Ashley,Corporate,Caguas,PR,Puerto Rico
2318,Benjamin,Corporate,Caguas,PR,Puerto Rico
8682,Mary,Corporate,Caguas,PR,Puerto Rico
17083,Selma,Corporate,Caguas,PR,Puerto Rico
16174,Willow,Corporate,Caguas,PR,Puerto Rico
4447,Mary,Corporate,Canovanas,PR,Puerto Rico
11233,Mary,Corporate,Caguas,PR,Puerto Rico
1188,Crystal,Corporate,Caguas,PR,Puerto Rico
5602,Mary,Corporate,Caguas,PR,Puerto Rico
9690,Edward,Corporate,Caguas,PR,Puerto Rico
6895,Mary,Corporate,Caguas,PR,Puerto Rico
6092,Mary,Corporate,Caguas,PR,Puerto Rico
1912,Robert,Corporate,Caguas,PR,Puerto Rico
11485,Jean,Corporate,Caguas,PR,Puerto Rico
7480,Mary,Corporate,Trujillo Alto,PR,Puerto Rico
10574,Phillip,Corporate,Caguas,PR,Puerto Rico
6505,Margaret,Corporate,Caguas,PR,Puerto Rico
9306,Scott,Corporate,Caguas,PR,Puerto Rico
3640,Mary,Corporate,Caguas,PR,Puerto Rico
9758,Mary,Corporate,Caguas,PR,Puerto Rico
8263,Mary,Corporate,Caguas,PR,Puerto Rico
7196,Megan,Corporate,Caguas,PR,Puerto Rico
5475,Debra,Corporate,Caguas,PR,Puerto Rico
43,Mary,Corporate,Caguas,PR,Puerto Rico
4737,Mary,Corporate,Caguas,PR,Puerto Rico
4082,Mary,Corporate,Caguas,PR,Puerto Rico
495,Marilyn,Corporate,Caguas,PR,Puerto Rico
8149,Kenneth,Corporate,Caguas,PR,Puerto Rico
8394,Tyler,Corporate,Caguas,PR,Puerto Rico
8146,Carolyn,Corporate,Caguas,PR,Puerto Rico
5510,Mary,Corporate,Caguas,PR,Puerto Rico
9288,Mary,Corporate,Caguas,PR,Puerto Rico
5967,Matthew,Corporate,Caguas,PR,Puerto Rico
1737,Mary,Corporate,Caguas,PR,Puerto Rico
1323,Mary,Corporate,Caguas,PR,Puerto Rico
11701,Mary,Corporate,Caguas,PR,Puerto Rico
9931,Mary,Corporate,Caguas,PR,Puerto Rico
3819,Mary,Corporate,Caguas,PR,Puerto Rico
10613,Mary,Corporate,Caguas,PR,Puerto Rico
6228,Roger,Corporate,Caguas,PR,Puerto Rico
7962,Justin,Corporate,Caguas,PR,Puerto Rico
6179,Samuel,Corporate,Caguas,PR,Puerto Rico
2510,Mary,Corporate,Caguas,PR,Puerto Rico
7880,Joyce,Corporate,Caguas,PR,Puerto Rico
10292,Mary,Corporate,Caguas,PR,Puerto Rico
6240,Virginia,Corporate,Caguas,PR,Puerto Rico
4410,Mary,Corporate,Caguas,PR,Puerto Rico
4317,Jean,Corporate,Caguas,PR,Puerto Rico
11857,Judy,Corporate,Caguas,PR,Puerto Rico
4024,Mary,Corporate,Caguas,PR,Puerto Rico
7851,Douglas,Corporate,Caguas,PR,Puerto Rico
9938,Patrick,Corporate,Caguas,PR,Puerto Rico
3059,Lori,Corporate,Caguas,PR,Puerto Rico
11045,Paul,Corporate,Caguas,PR,Puerto Rico
1609,Kathy,Corporate,Caguas,PR,Puerto Rico
7813,Mary,Corporate,Caguas,PR,Puerto Rico
4682,Marilyn,Corporate,Caguas,PR,Puerto Rico
989,Helen,Corporate,Caguas,PR,Puerto Rico
9374,John,Corporate,Caguas,PR,Puerto Rico
4816,Bruce,Corporate,Caguas,PR,Puerto Rico
9722,Carolyn,Corporate,Caguas,PR,Puerto Rico
1163,Timothy,Corporate,Caguas,PR,Puerto Rico
774,Mary,Corporate,Caguas,PR,Puerto Rico
2664,Edward,Corporate,Caguas,PR,Puerto Rico
4871,Justin,Corporate,Caguas,PR,Puerto Rico
3667,Andrew,Corporate,Caguas,PR,Puerto Rico
13526,Rhoda,Corporate,Caguas,PR,Puerto Rico
13040,Dahlia,Corporate,Caguas,PR,Puerto Rico
14091,Caryn,Corporate,Caguas,PR,Puerto Rico
14680,Jamalia,Corporate,Caguas,PR,Puerto Rico
13414,Barbara,Corporate,Caguas,PR,Puerto Rico
13198,Jocelyn,Corporate,Caguas,PR,Puerto Rico
14607,Deborah,Corporate,Caguas,PR,Puerto Rico
13089,Donna,Corporate,Caguas,PR,Puerto Rico
14089,Patricia,Corporate,Caguas,PR,Puerto Rico
14251,Bree,Corporate,Caguas,PR,Puerto Rico
13412,Sydnee,Corporate,Caguas,PR,Puerto Rico
14214,Chastity,Corporate,Caguas,PR,Puerto Rico
14461,Tana,Corporate,Caguas,PR,Puerto Rico
14441,Lucy,Corporate,Caguas,PR,Puerto Rico
14639,Francesca,Corporate,Caguas,PR,Puerto Rico
14392,Miriam,Corporate,Caguas,PR,Puerto Rico
14458,Constance,Corporate,Caguas,PR,Puerto Rico
14619,Illana,Corporate,Caguas,PR,Puerto Rico
14083,Pearl,Corporate,Caguas,PR,Puerto Rico
14065,Hadassah,Corporate,Caguas,PR,Puerto Rico
14438,Quail,Corporate,Caguas,PR,Puerto Rico
14617,Guinevere,Corporate,Caguas,PR,Puerto Rico
14099,Ariel,Corporate,Caguas,PR,Puerto Rico
13531,Quintessa,Corporate,Caguas,PR,Puerto Rico
13297,Desirae,Corporate,Caguas,PR,Puerto Rico
13117,Alexandra,Corporate,Caguas,PR,Puerto Rico
14278,Clio,Corporate,Caguas,PR,Puerto Rico
14417,Taylor,Corporate,Caguas,PR,Puerto Rico
14650,Carla,Corporate,Caguas,PR,Puerto Rico
13349,Pascale,Corporate,Caguas,PR,Puerto Rico
14415,Wanda,Corporate,Caguas,PR,Puerto Rico
13294,Fiona,Corporate,Caguas,PR,Puerto Rico
14276,Jacqueline,Corporate,Caguas,PR,Puerto Rico
8689,Mary,Corporate,Caguas,PR,Puerto Rico
8597,Christina,Corporate,Caguas,PR,Puerto Rico
4465,John,Corporate,Caguas,PR,Puerto Rico
4716,Edward,Corporate,Caguas,PR,Puerto Rico
13897,Idola,Corporate,Caguas,PR,Puerto Rico
11156,Jessica,Corporate,Caguas,PR,Puerto Rico
9978,Joyce,Corporate,Caguas,PR,Puerto Rico
14022,Justina,Corporate,Caguas,PR,Puerto Rico
13950,Jemima,Corporate,Caguas,PR,Puerto Rico
13859,Tatiana,Corporate,Caguas,PR,Puerto Rico
12778,Hillary,Corporate,Caguas,PR,Puerto Rico
3244,Mary,Corporate,Caguas,PR,Puerto Rico
3360,Mary,Corporate,Caguas,PR,Puerto Rico
1121,Kathleen,Corporate,Caguas,PR,Puerto Rico
8619,Jack,Corporate,Caguas,PR,Puerto Rico
13965,Aubrey,Corporate,Caguas,PR,Puerto Rico
11079,Russell,Corporate,Caguas,PR,Puerto Rico
9351,Joseph,Corporate,Caguas,PR,Puerto Rico
655,Joseph,Corporate,Caguas,PR,Puerto Rico
13875,Lisandra,Corporate,Caguas,PR,Puerto Rico
3793,Janet,Corporate,Caguas,PR,Puerto Rico
490,Sandra,Corporate,Caguas,PR,Puerto Rico
7923,Sharon,Corporate,Caguas,PR,Puerto Rico
6813,Jeffrey,Corporate,Caguas,PR,Puerto Rico
14053,Rhonda,Corporate,Caguas,PR,Puerto Rico
14783,Carolyn,Corporate,Caguas,PR,Puerto Rico
6509,Mary,Corporate,Caguas,PR,Puerto Rico
13909,Ainsley,Corporate,Caguas,PR,Puerto Rico
14908,Nola,Corporate,Caguas,PR,Puerto Rico
5998,Mary,Corporate,Caguas,PR,Puerto Rico
13709,Uta,Corporate,Caguas,PR,Puerto Rico
14709,Astra,Corporate,Caguas,PR,Puerto Rico
13780,Suki,Corporate,Caguas,PR,Puerto Rico
4051,Christine,Corporate,Caguas,PR,Puerto Rico
12327,Emily,Corporate,Caguas,PR,Puerto Rico
13617,Callie,Corporate,Caguas,PR,Puerto Rico
13742,Olivia,Corporate,Caguas,PR,Puerto Rico
281,Stephanie,Corporate,Juana Diaz,PR,Puerto Rico
13650,Idona,Corporate,Caguas,PR,Puerto Rico
5959,Thomas,Corporate,Caguas,PR,Puerto Rico
13865,Kimberly,Corporate,Caguas,PR,Puerto Rico
3729,John,Corporate,Caguas,PR,Puerto Rico
2989,Mary,Corporate,Caguas,PR,Puerto Rico
10467,Janet,Corporate,Caguas,PR,Puerto Rico
5229,Thomas,Corporate,Caguas,PR,Puerto Rico
8454,Mary,Corporate,Caguas,PR,Puerto Rico
8550,Mary,Corporate,Caguas,PR,Puerto Rico
5079,Gregory,Corporate,Caguas,PR,Puerto Rico
5096,Mary,Corporate,Caguas,PR,Puerto Rico
6188,Kevin,Corporate,Caguas,PR,Puerto Rico
2372,Melissa,Corporate,Caguas,PR,Puerto Rico
3390,Elizabeth,Corporate,Caguas,PR,Puerto Rico
916,Mary,Corporate,Caguas,PR,Puerto Rico
7,Melissa,Corporate,Caguas,PR,Puerto Rico
13700,Chastity,Corporate,Caguas,PR,Puerto Rico
5774,Virginia,Corporate,Caguas,PR,Puerto Rico
4887,Nicholas,Corporate,Caguas,PR,Puerto Rico
1195,Danielle,Corporate,Caguas,PR,Puerto Rico
1270,Stephen,Corporate,Caguas,PR,Puerto Rico
1218,Elizabeth,Corporate,Caguas,PR,Puerto Rico
516,Mary,Corporate,Caguas,PR,Puerto Rico
3301,Richard,Corporate,Caguas,PR,Puerto Rico
7301,Mary,Corporate,Caguas,PR,Puerto Rico
11869,Thomas,Corporate,Caguas,PR,Puerto Rico
11161,Mary,Corporate,Caguas,PR,Puerto Rico
2293,Mary,Corporate,Caguas,PR,Puerto Rico
7646,Mary,Corporate,Caguas,PR,Puerto Rico
3989,Margaret,Corporate,Caguas,PR,Puerto Rico
4821,Brittany,Corporate,Caguas,PR,Puerto Rico
11736,Jeffrey,Corporate,Caguas,PR,Puerto Rico
10711,Cynthia,Corporate,Caguas,PR,Puerto Rico
7188,Mary,Corporate,Caguas,PR,Puerto Rico
8291,Mary,Corporate,Caguas,PR,Puerto Rico
4748,Mary,Corporate,Caguas,PR,Puerto Rico
12452,Catherine,Corporate,Caguas,PR,Puerto Rico
12699,Halee,Corporate,Caguas,PR,Puerto Rico
12731,Jolene,Corporate,Caguas,PR,Puerto Rico
12511,Kylie,Corporate,Caguas,PR,Puerto Rico
12689,Kendall,Corporate,Caguas,PR,Puerto Rico
15104,Zena,Corporate,Caguas,PR,Puerto Rico
15014,Melyssa,Corporate,Caguas,PR,Puerto Rico
12883,Tatyana,Corporate,Caguas,PR,Puerto Rico
15048,Kaye,Corporate,Caguas,PR,Puerto Rico
14990,Rowan,Corporate,Caguas,PR,Puerto Rico
12840,Heidi,Corporate,Caguas,PR,Puerto Rico
12947,Stacy,Corporate,Caguas,PR,Puerto Rico
12928,Lana,Corporate,Bayamon,PR,Puerto Rico
15129,Sonya,Corporate,Caguas,PR,Puerto Rico
12873,Hedy,Corporate,Caguas,PR,Puerto Rico
14427,Amy,Corporate,Caguas,PR,Puerto Rico
13231,Brianna,Corporate,Caguas,PR,Puerto Rico
13301,Calista,Corporate,Caguas,PR,Puerto Rico
8089,Evelyn,Corporate,Caguas,PR,Puerto Rico
12816,Hyacinth,Corporate,Caguas,PR,Puerto Rico
12428,Jeffrey,Corporate,Caguas,PR,Puerto Rico
14910,Quemby,Corporate,Caguas,PR,Puerto Rico
13622,Yolanda,Corporate,Caguas,PR,Puerto Rico
6493,Mary,Corporate,Caguas,PR,Puerto Rico
6216,Thomas,Corporate,Caguas,PR,Puerto Rico
6785,Mary,Corporate,Caguas,PR,Puerto Rico
2224,Ann,Corporate,Caguas,PR,Puerto Rico
7793,Mary,Corporate,Caguas,PR,Puerto Rico
7527,Pamela,Corporate,Caguas,PR,Puerto Rico
13559,Charde,Corporate,Caguas,PR,Puerto Rico
2417,Mary,Corporate,Caguas,PR,Puerto Rico
13629,Rosalyn,Corporate,Caguas,PR,Puerto Rico
5468,Katherine,Corporate,Caguas,PR,Puerto Rico
6711,Mary,Corporate,Yauco,PR,Puerto Rico
1135,Bryan,Corporate,Caguas,PR,Puerto Rico
7489,Teresa,Corporate,Caguas,PR,Puerto Rico
15106,Hillary,Corporate,Caguas,PR,Puerto Rico
121,Mary,Corporate,Caguas,PR,Puerto Rico
5807,Edward,Corporate,Caguas,PR,Puerto Rico
12208,Mary,Corporate,Caguas,PR,Puerto Rico
8229,Mary,Corporate,Caguas,PR,Puerto Rico
9376,Mary,Corporate,Caguas,PR,Puerto Rico
132,Eric,Corporate,Caguas,PR,Puerto Rico
8323,Mary,Corporate,Caguas,PR,Puerto Rico
9770,Teresa,Corporate,Caguas,PR,Puerto Rico
9238,Judy,Corporate,Caguas,PR,Puerto Rico
8509,Mary,Corporate,Caguas,PR,Puerto Rico
11449,Barbara,Corporate,Bayamon,PR,Puerto Rico
3158,Jesse,Corporate,Caguas,PR,Puerto Rico
11100,Barbara,Corporate,Caguas,PR,Puerto Rico
3630,Barbara,Corporate,Caguas,PR,Puerto Rico
12049,Mildred,Corporate,Caguas,PR,Puerto Rico
3255,Mary,Corporate,Caguas,PR,Puerto Rico
8346,Mary,Corporate,Caguas,PR,Puerto Rico
12406,Mary,Corporate,Caguas,PR,Puerto Rico
6274,Mary,Corporate,San Juan,PR,Puerto Rico
2751,Brenda,Corporate,Caguas,PR,Puerto Rico
9228,Jacqueline,Corporate,Caguas,PR,Puerto Rico
3123,Karen,Corporate,Caguas,PR,Puerto Rico
6596,Nicole,Corporate,Caguas,PR,Puerto Rico
5310,Ryan,Corporate,Caguas,PR,Puerto Rico
6991,Mary,Corporate,Caguas,PR,Puerto Rico
9257,Mary,Corporate,Caguas,PR,Puerto Rico
10296,Mary,Corporate,Caguas,PR,Puerto Rico
8553,Mary,Corporate,Caguas,PR,Puerto Rico
8165,Mary,Corporate,Caguas,PR,Puerto Rico
8691,Mary,Corporate,Guaynabo,PR,Puerto Rico
9881,Amber,Corporate,Caguas,PR,Puerto Rico
10430,Katherine,Corporate,Caguas,PR,Puerto Rico
7241,Virginia,Corporate,Caguas,PR,Puerto Rico
6559,Mary,Corporate,San Sebastian,PR,Puerto Rico
9016,Mary,Corporate,Caguas,PR,Puerto Rico
12179,Keith,Corporate,Caguas,PR,Puerto Rico
11986,Gerald,Corporate,Caguas,PR,Puerto Rico
9799,Olivia,Corporate,Caguas,PR,Puerto Rico
5862,David,Corporate,Caguas,PR,Puerto Rico
1156,Mary,Corporate,Caguas,PR,Puerto Rico
8693,Mary,Corporate,Caguas,PR,Puerto Rico
293,Christopher,Corporate,Caguas,PR,Puerto Rico
11067,Anthony,Corporate,Caguas,PR,Puerto Rico
9022,Mary,Corporate,Caguas,PR,Puerto Rico
1203,Mary,Corporate,Caguas,PR,Puerto Rico
2764,Mary,Corporate,Caguas,PR,Puerto Rico
11408,Vincent,Corporate,Caguas,PR,Puerto Rico
4666,Mary,Corporate,Manati,PR,Puerto Rico
2490,Mary,Corporate,Caguas,PR,Puerto Rico
5058,Mary,Corporate,Caguas,PR,Puerto Rico
8066,Mary,Corporate,Caguas,PR,Puerto Rico
7791,Andrea,Corporate,Caguas,PR,Puerto Rico
5032,Christopher,Corporate,Caguas,PR,Puerto Rico
10878,Emily,Corporate,Caguas,PR,Puerto Rico
18134,Shelby,Corporate,Caguas,PR,Puerto Rico
18241,Sybil,Corporate,Caguas,PR,Puerto Rico
18185,Alika,Corporate,Caguas,PR,Puerto Rico
18239,Skyler,Corporate,Caguas,PR,Puerto Rico
18093,Fay,Corporate,Caguas,PR,Puerto Rico
18073,Natalie,Corporate,Caguas,PR,Puerto Rico
18127,Lacy,Corporate,Caguas,PR,Puerto Rico
18159,Hanna,Corporate,Caguas,PR,Puerto Rico
17899,Amela,Corporate,Caguas,PR,Puerto Rico
19178,Aileen,Corporate,Caguas,PR,Puerto Rico
16464,Shelley,Corporate,Caguas,PR,Puerto Rico
16607,Nita,Corporate,Caguas,PR,Puerto Rico
19049,Stella,Corporate,Caguas,PR,Puerto Rico
16408,Octavia,Corporate,Caguas,PR,Puerto Rico
16534,Dominique,Corporate,Caguas,PR,Puerto Rico
16387,Blythe,Corporate,Caguas,PR,Puerto Rico
16419,Ina,Corporate,Caguas,PR,Puerto Rico
19184,Allegra,Corporate,Caguas,PR,Puerto Rico
16489,Neve,Corporate,Caguas,PR,Puerto Rico
19056,Carolyn,Corporate,Caguas,PR,Puerto Rico
16612,Grace,Corporate,Caguas,PR,Puerto Rico
15844,Sopoline,Corporate,Caguas,PR,Puerto Rico
15878,Hadley,Corporate,Caguas,PR,Puerto Rico
18753,Sage,Corporate,Humacao,PR,Puerto Rico
18752,Calista,Corporate,Caguas,PR,Puerto Rico
15823,Sybil,Corporate,Caguas,PR,Puerto Rico
18823,Lesley,Corporate,Caguas,PR,Puerto Rico
15857,Phyllis,Corporate,Caguas,PR,Puerto Rico
18857,Roanna,Corporate,Caguas,PR,Puerto Rico
15873,Odessa,Corporate,Caguas,PR,Puerto Rico
15837,Violet,Corporate,Caguas,PR,Puerto Rico
18800,Jaime,Corporate,San Sebastian,PR,Puerto Rico
15833,Rhonda,Corporate,Caguas,PR,Puerto Rico
15688,Emily,Corporate,Caguas,PR,Puerto Rico
15902,Cleo,Corporate,Caguas,PR,Puerto Rico
10471,Mary,Corporate,Caguas,PR,Puerto Rico
10798,Grace,Corporate,Caguas,PR,Puerto Rico
11404,Helen,Corporate,Caguas,PR,Puerto Rico
20662,Brenna,Corporate,Caguas,PR,Puerto Rico
16093,Yvonne,Corporate,Caguas,PR,Puerto Rico
16057,Aubrey,Corporate,Caguas,PR,Puerto Rico
533,Olivia,Corporate,Caguas,PR,Puerto Rico
7280,Jane,Corporate,Caguas,PR,Puerto Rico
17666,Desiree,Corporate,Caguas,PR,Puerto Rico
3587,Michelle,Corporate,Caguas,PR,Puerto Rico
5430,Emma,Corporate,Caguas,PR,Puerto Rico
16072,Genevieve,Corporate,Caguas,PR,Puerto Rico
6344,Mary,Corporate,Caguas,PR,Puerto Rico
20424,Dominique,Corporate,Caguas,PR,Puerto Rico
11530,Richard,Corporate,Caguas,PR,Puerto Rico
20513,Hilary,Corporate,Caguas,PR,Puerto Rico
18494,Anika,Corporate,Caguas,PR,Puerto Rico
398,Teresa,Corporate,Caguas,PR,Puerto Rico
17937,May,Corporate,Caguas,PR,Puerto Rico
18403,Wynter,Corporate,Caguas,PR,Puerto Rico
20691,Audrey,Corporate,Caguas,PR,Puerto Rico
20618,Farrah,Corporate,Caguas,PR,Puerto Rico
17952,Evangeline,Corporate,Caguas,PR,Puerto Rico
8095,Dennis,Corporate,Caguas,PR,Puerto Rico
20401,Cally,Corporate,Caguas,PR,Puerto Rico
17988,Rylee,Corporate,Caguas,PR,Puerto Rico
17425,Basia,Corporate,Caguas,PR,Puerto Rico
18326,Angelica,Corporate,Caguas,PR,Puerto Rico
2576,Margaret,Corporate,Caguas,PR,Puerto Rico
20579,Phoebe,Corporate,Caguas,PR,Puerto Rico
10608,Ralph,Corporate,Caguas,PR,Puerto Rico
20524,Macy,Corporate,Caguas,PR,Puerto Rico
2397,Maria,Corporate,Caguas,PR,Puerto Rico
2527,Heather,Corporate,Caguas,PR,Puerto Rico
10780,Mary,Corporate,Caguas,PR,Puerto Rico
18001,Lucy,Corporate,Caguas,PR,Puerto Rico
1375,Linda,Corporate,Caguas,PR,Puerto Rico
6783,Mary,Corporate,Caguas,PR,Puerto Rico
788,Patrick,Corporate,Caguas,PR,Puerto Rico
18520,Chelsea,Corporate,Caguas,PR,Puerto Rico
17348,Tatyana,Corporate,Caguas,PR,Puerto Rico
16061,Genevieve,Corporate,Caguas,PR,Puerto Rico
15970,Ursula,Corporate,Caguas,PR,Puerto Rico
20736,Karyn,Corporate,Caguas,PR,Puerto Rico
20591,Raya,Corporate,Caguas,PR,Puerto Rico
18719,Dahlia,Corporate,San Juan,PR,Puerto Rico
15610,Jade,Corporate,Caguas,PR,Puerto Rico
15501,Quyn,Corporate,Caguas,PR,Puerto Rico
15481,Shafira,Corporate,Caguas,PR,Puerto Rico
15479,Destiny,Corporate,Caguas,PR,Puerto Rico
18713,Darryl,Corporate,Caguas,PR,Puerto Rico
15317,Clementine,Corporate,Caguas,PR,Puerto Rico
1818,Mary,Corporate,Caguas,PR,Puerto Rico
15476,Kylie,Corporate,Caguas,PR,Puerto Rico
15601,Nayda,Corporate,Caguas,PR,Puerto Rico
18672,Stacy,Corporate,Caguas,PR,Puerto Rico
15418,Susan,Corporate,Caguas,PR,Puerto Rico
18687,Felicia,Corporate,Caguas,PR,Puerto Rico
15525,Alice,Corporate,Caguas,PR,Puerto Rico
15650,Wynter,Corporate,Caguas,PR,Puerto Rico
5262,Eric,Corporate,Caguas,PR,Puerto Rico
10525,Mary,Corporate,Caguas,PR,Puerto Rico
12047,Mary,Corporate,Caguas,PR,Puerto Rico
5530,Donald,Corporate,Caguas,PR,Puerto Rico
8450,Diane,Corporate,Caguas,PR,Puerto Rico
3614,John,Corporate,Caguas,PR,Puerto Rico
1384,Mary,Corporate,Caguas,PR,Puerto Rico
17563,Whoopi,Corporate,Caguas,PR,Puerto Rico
19829,Chantale,Corporate,Caguas,PR,Puerto Rico
19792,Cherokee,Corporate,Caguas,PR,Puerto Rico
17118,Megan,Corporate,Caguas,PR,Puerto Rico
17135,Jaquelyn,Corporate,Caguas,PR,Puerto Rico
17781,Gloria,Corporate,Caguas,PR,Puerto Rico
18945,Nell,Corporate,Caguas,PR,Puerto Rico
19952,Leilani,Corporate,Caguas,PR,Puerto Rico
16113,Demetria,Corporate,Caguas,PR,Puerto Rico
20023,Freya,Corporate,Caguas,PR,Puerto Rico
17815,Orli,Corporate,Caguas,PR,Puerto Rico
20363,Chloe,Corporate,Caguas,PR,Puerto Rico
18606,Renee,Corporate,Caguas,PR,Puerto Rico
15171,Lilah,Corporate,Caguas,PR,Puerto Rico
20182,Madonna,Corporate,Caguas,PR,Puerto Rico
15260,Sara,Corporate,Caguas,PR,Puerto Rico
15277,Azalia,Corporate,Caguas,PR,Puerto Rico
16125,Vielka,Corporate,San Juan,PR,Puerto Rico
15151,Fatima,Corporate,Caguas,PR,Puerto Rico
17092,Ariel,Corporate,Caguas,PR,Puerto Rico
15240,Emma,Corporate,Caguas,PR,Puerto Rico
15204,Veronica,Corporate,Caguas,PR,Puerto Rico
18583,Dora,Corporate,Caguas,PR,Puerto Rico
18529,Skyler,Corporate,Toa Baja,PR,Puerto Rico
20286,Xyla,Corporate,Caguas,PR,Puerto Rico
20196,Jolene,Corporate,Caguas,PR,Puerto Rico
16266,Calista,Corporate,Caguas,PR,Puerto Rico
17753,Chava,Corporate,Caguas,PR,Puerto Rico
16337,Ainsley,Corporate,Caguas,PR,Puerto Rico
17807,Zia,Corporate,Caguas,PR,Puerto Rico
20356,Nelle,Corporate,Caguas,PR,Puerto Rico
16317,Jaime,Corporate,Caguas,PR,Puerto Rico
20372,Rose,Corporate,Caguas,PR,Puerto Rico
17050,Gemma,Corporate,Caguas,PR,Puerto Rico
17032,Karleigh,Corporate,Caguas,PR,Puerto Rico
17876,Beatrice,Corporate,Caguas,PR,Puerto Rico
17229,Alice,Corporate,Caguas,PR,Puerto Rico
15252,Hedwig,Corporate,Caguas,PR,Puerto Rico
16315,Orli,Corporate,Caguas,PR,Puerto Rico
17857,Desiree,Corporate,Caguas,PR,Puerto Rico
18271,Karyn,Corporate,Caguas,PR,Puerto Rico
9947,Mary,Corporate,Caguas,PR,Puerto Rico
11266,Mary,Corporate,Caguas,PR,Puerto Rico
17686,Azalia,Corporate,Caguas,PR,Puerto Rico
15994,Rachel,Corporate,Caguas,PR,Puerto Rico
15992,Hayfa,Corporate,Caguas,PR,Puerto Rico
6382,Mary,Corporate,Caguas,PR,Puerto Rico
20629,Sonia,Corporate,Caguas,PR,Puerto Rico
15519,Raya,Corporate,Caguas,PR,Puerto Rico
18660,Tara,Corporate,Caguas,PR,Puerto Rico
18728,Petra,Corporate,Caguas,PR,Puerto Rico
15397,Rebecca,Corporate,Caguas,PR,Puerto Rico
17173,Jade,Corporate,Caguas,PR,Puerto Rico
19918,Rowan,Corporate,Caguas,PR,Puerto Rico
16111,Astra,Corporate,Caguas,PR,Puerto Rico
20164,Halee,Corporate,Caguas,PR,Puerto Rico
20250,Yoko,Corporate,Caguas,PR,Puerto Rico
6627,Christina,Corporate,Aguadilla,PR,Puerto Rico
6437,Sara,Corporate,Caguas,PR,Puerto Rico
4315,Mary,Corporate,Caguas,PR,Puerto Rico
5508,Mary,Corporate,Caguas,PR,Puerto Rico
4773,Andrew,Corporate,Caguas,PR,Puerto Rico
11003,Mary,Corporate,Caguas,PR,Puerto Rico
11445,Danielle,Corporate,Caguas,PR,Puerto Rico
2935,Mary,Consumer,Knoxville,TN,EE. UU.
13602,Sheila,Consumer,Las Vegas,NV,EE. UU.
14744,Germaine,Consumer,Austin,TX,EE. UU.
14743,Karyn,Consumer,Atlanta,GA,EE. UU.
4797,Russell,Consumer,Pomona,CA,EE. UU.
11473,Mary,Consumer,Elmhurst,IL,EE. UU.
12589,Alfreda,Consumer,Hollywood,FL,EE. UU.
12917,Beverly,Consumer,Los Angeles,CA,EE. UU.
6332,Mary,Consumer,West Covina,CA,EE. UU.
50,Mary,Consumer,San Bernardino,CA,EE. UU.
966,Mary,Consumer,Los Angeles,CA,EE. UU.
7817,Mary,Consumer,West Lafayette,IN,EE. UU.
12030,Linda,Consumer,Placentia,CA,EE. UU.
6933,Grace,Consumer,Taylor,MI,EE. UU.
2690,Mary,Consumer,Philadelphia,PA,EE. UU.
7939,Tammy,Consumer,South Ozone Park,NY,EE. UU.
10418,Mary,Consumer,Brooklyn,NY,EE. UU.
2917,Kyle,Consumer,San Jose,CA,EE. UU.
11030,Mary,Consumer,Fort Lauderdale,FL,EE. UU.
2825,Sarah,Consumer,Detroit,MI,EE. UU.
9826,Mary,Consumer,Carmichael,CA,EE. UU.
1855,Mary,Consumer,Santa Cruz,CA,EE. UU.
2931,Carl,Consumer,New Braunfels,TX,EE. UU.
6530,Mary,Consumer,Chicago,IL,EE. UU.
179,Mary,Consumer,Los Angeles,CA,EE. UU.
9841,Eugene,Consumer,Kaneohe,HI,EE. UU.
12421,Kyle,Consumer,Middletown,CT,EE. UU.
4046,Eric,Consumer,Wyandotte,MI,EE. UU.
8441,Mary,Consumer,North Hollywood,CA,EE. UU.
7820,John,Consumer,Fort Lauderdale,FL,EE. UU.
5411,Robert,Consumer,Aurora,CO,EE. UU.
930,Mary,Consumer,Mission Viejo,CA,EE. UU.
7772,Mary,Consumer,Bronx,NY,EE. UU.
6420,Jacqueline,Consumer,Morganton,NC,EE. UU.
803,James,Consumer,Miami,FL,EE. UU.
5903,Virginia,Consumer,Antioch,TN,EE. UU.
141,Mary,Consumer,Brooklyn,NY,EE. UU.
11125,Edward,Consumer,Las Vegas,NV,EE. UU.
5702,Karen,Consumer,Tucson,AZ,EE. UU.
7205,Maria,Consumer,Carrollton,TX,EE. UU.
7310,Mary,Consumer,Saint Charles,MO,EE. UU.
420,Jose,Consumer,Round Rock,TX,EE. UU.
8858,Mary,Consumer,Los Angeles,CA,EE. UU.
2411,James,Consumer,Richmond,KY,EE. UU.
18053,Rhoda,Consumer,Long Beach,CA,EE. UU.
18088,Fatima,Consumer,El Centro,CA,EE. UU.
18052,Lee,Consumer,Dallas,TX,EE. UU.
19197,Piper,Consumer,Malden,MA,EE. UU.
19142,Rinah,Consumer,Elyria,OH,EE. UU.
16626,Carol,Consumer,Woonsocket,RI,EE. UU.
16477,Mara,Consumer,Madison,WI,EE. UU.
16493,Skyler,Consumer,Aurora,CO,EE. UU.
19258,Hope,Consumer,Detroit,MI,EE. UU.
19167,Abigail,Consumer,Tucson,AZ,EE. UU.
16581,Meghan,Consumer,West Orange,NJ,EE. UU.
16508,Hiroko,Consumer,Eugene,OR,EE. UU.
19219,Xyla,Consumer,Los Angeles,CA,EE. UU.
16561,Imani,Consumer,Meridian,ID,EE. UU.
18809,Quyn,Consumer,Madera,CA,EE. UU.
15915,Adele,Consumer,Brooklyn,NY,EE. UU.
15913,Kay,Consumer,Wheeling,WV,EE. UU.
15697,Karina,Consumer,Vacaville,CA,EE. UU.
15911,Marah,Consumer,Augusta,GA,EE. UU.
18855,Shaeleigh,Consumer,Silver Spring,MD,EE. UU.
18854,Veda,Consumer,Salt Lake City,UT,EE. UU.
15758,Felicia,Consumer,Del Rio,TX,EE. UU.
15793,Rae,Consumer,Lutz,FL,EE. UU.
15828,Jayme,Consumer,Los Angeles,CA,EE. UU.
15738,Violet,Consumer,Salem,OR,EE. UU.
9592,Jacqueline,Consumer,Goose Creek,SC,EE. UU.
3467,Victoria,Consumer,Pacoima,CA,EE. UU.
16039,Fay,Consumer,Longmont,CO,EE. UU.
20461,Mikayla,Consumer,Kent,WA,EE. UU.
17737,Germaine,Consumer,Chicago,IL,EE. UU.
8083,Marie,Consumer,New York,NY,EE. UU.
5947,Eric,Consumer,Phoenix,AZ,EE. UU.
17376,Iola,Consumer,Mesquite,TX,EE. UU.
17626,Sloane,Consumer,Yuma,AZ,EE. UU.
20602,Basia,Consumer,Hamtramck,MI,EE. UU.
6148,Mary,Consumer,Los Angeles,CA,EE. UU.
17464,Daryl,Consumer,Fayetteville,NC,EE. UU.
18312,Ariel,Consumer,Dallas,TX,EE. UU.
17936,Moana,Consumer,Gardena,CA,EE. UU.
20455,Gillian,Consumer,San Jose,CA,EE. UU.
17693,Morgan,Consumer,San Diego,CA,EE. UU.
20597,Deme,Consumer,Huntington Station,NY,EE. UU.
18415,Blaine,Consumer,Placentia,CA,EE. UU.
20686,Azalia,Consumer,San Jose,CA,EE. UU.
18414,Ruth,Consumer,Pasadena,MD,EE. UU.
20379,Yoshi,Consumer,New York,NY,EE. UU.
10338,Mary,Consumer,Chicago,IL,EE. UU.
18882,Rae,Consumer,Orlando,FL,EE. UU.
17742,Melissa,Consumer,Fremont,CA,EE. UU.
3032,Mary,Consumer,Jacksonville,NC,EE. UU.
20646,Larissa,Consumer,Bloomfield,NJ,EE. UU.
18501,Quyn,Consumer,New Bedford,MA,EE. UU.
17365,Myra,Consumer,Riverside,CA,EE. UU.
17981,Clio,Consumer,El Monte,CA,EE. UU.
20700,Lara,Consumer,Augusta,GA,EE. UU.
18410,Nell,Consumer,Detroit,MI,EE. UU.
5611,Michael,Consumer,Virginia Beach,VA,EE. UU.
2726,Barbara,Consumer,Annapolis,MD,EE. UU.
15410,Nell,Consumer,Chicago,IL,EE. UU.
15355,Olga,Consumer,Raleigh,NC,EE. UU.
15445,Tashya,Consumer,North Tonawanda,NY,EE. UU.
15444,Lillith,Consumer,Salina,KS,EE. UU.
15335,Carol,Consumer,Honolulu,HI,EE. UU.
15333,Stella,Consumer,Waukegan,IL,EE. UU.
15584,Caryn,Consumer,Lynwood,CA,EE. UU.
15654,Kendall,Consumer,Staten Island,NY,EE. UU.
15508,Jayme,Consumer,Hampton,VA,EE. UU.
18706,Lilah,Consumer,Fargo,ND,EE. UU.
15648,Allegra,Consumer,Washington,DC,EE. UU.
10716,John,Consumer,Lancaster,OH,EE. UU.
2967,Mary,Consumer,Hollywood,FL,EE. UU.
3057,Mary,Consumer,Chicago,IL,EE. UU.
669,Mary,Consumer,San Jose,CA,EE. UU.
5365,Mary,Consumer,Miami,FL,EE. UU.
10828,Mary,Consumer,Tallahassee,FL,EE. UU.
8631,Mary,Consumer,Marietta,GA,EE. UU.
10915,Andrew,Consumer,Dorchester Center,MA,EE. UU.
20081,Lacota,Consumer,Chicago,IL,EE. UU.
16115,Mary,Consumer,New York,NY,EE. UU.
20115,Phyllis,Consumer,Los Angeles,CA,EE. UU.
19970,Lillian,Consumer,Gardena,CA,EE. UU.
18625,Callie,Consumer,Catonsville,MD,EE. UU.
17078,Gretchen,Consumer,Greensboro,NC,EE. UU.
19014,Destiny,Consumer,Kent,WA,EE. UU.
18906,Ariel,Consumer,Normal,IL,EE. UU.
19012,Lael,Consumer,Dallas,TX,EE. UU.
17075,Iola,Consumer,Methuen,MA,EE. UU.
17847,Aimee,Consumer,Harvey,IL,EE. UU.
17883,Florence,Consumer,Fullerton,CA,EE. UU.
18567,Darryl,Consumer,La Mesa,CA,EE. UU.
16251,Shelley,Consumer,Bloomfield,NJ,EE. UU.
17828,Madonna,Consumer,Phoenix,AZ,EE. UU.
15186,Wynter,Consumer,Bowling Green,KY,EE. UU.
15150,Hedwig,Consumer,Gilroy,CA,EE. UU.
17827,Danielle,Consumer,Denver,CO,EE. UU.
18565,Taylor,Consumer,Encinitas,CA,EE. UU.
16104,Shafira,Consumer,Salem,OR,EE. UU.
20357,Phyllis,Consumer,Ypsilanti,MI,EE. UU.
17177,Kirby,Consumer,Salina,KS,EE. UU.
20157,Jena,Consumer,Brooklyn,NY,EE. UU.
18633,Iola,Consumer,Longmont,CO,EE. UU.
16154,Ann,Consumer,Las Vegas,NV,EE. UU.
20190,Maia,Consumer,Bridgeton,NJ,EE. UU.
19992,Hedy,Consumer,Brooklyn,NY,EE. UU.
18131,Danielle,Consumer,Mission Viejo,CA,EE. UU.
18084,Zelda,Consumer,Compton,CA,EE. UU.
19259,Abra,Consumer,Lockport,NY,EE. UU.
19109,Shay,Consumer,Tonawanda,NY,EE. UU.
18848,Madeson,Consumer,Tempe,AZ,EE. UU.
9222,Mary,Consumer,Fayetteville,NC,EE. UU.
8301,Michael,Consumer,Baltimore,MD,EE. UU.
20409,Felicia,Consumer,Houston,TX,EE. UU.
11291,Mary,Consumer,Brooklyn,NY,EE. UU.
18313,Madeson,Consumer,Martinsburg,WV,EE. UU.
18400,Regina,Consumer,Hialeah,FL,EE. UU.
15580,Audrey,Consumer,Hialeah,FL,EE. UU.
10035,Jack,Consumer,Lansdale,PA,EE. UU.
17887,Blythe,Consumer,Saint Peters,MO,EE. UU.
18639,Zena,Consumer,Hollywood,FL,EE. UU.
19957,Tamara,Consumer,Fort Lauderdale,FL,EE. UU.
3874,Mary,Consumer,Moreno Valley,CA,EE. UU.
7666,Cynthia,Consumer,Pharr,TX,EE. UU.
4023,Phillip,Consumer,Round Rock,TX,EE. UU.
1192,Edward,Consumer,Washington,PA,EE. UU.
1494,Rebecca,Consumer,Bend,OR,EE. UU.
1519,Deborah,Consumer,San Diego,CA,EE. UU.
10112,Barbara,Consumer,Harvey,IL,EE. UU.
3213,Mary,Consumer,Pekin,IL,EE. UU.
7516,Deborah,Consumer,Lynnwood,WA,EE. UU.
3988,Mary,Consumer,Ballwin,MO,EE. UU.
11334,Benjamin,Consumer,Quincy,MA,EE. UU.
7682,Mary,Consumer,Brooklyn,NY,EE. UU.
2167,Roger,Consumer,Los Angeles,CA,EE. UU.
3322,Joyce,Consumer,Del Rio,TX,EE. UU.
3967,Mary,Consumer,Saint Paul,MN,EE. UU.
7581,Kevin,Consumer,Reno,NV,EE. UU.
8728,John,Consumer,Raleigh,NC,EE. UU.
11547,Sarah,Consumer,Escondido,CA,EE. UU.
7300,Kyle,Consumer,New Bedford,MA,EE. UU.
10532,Mary,Consumer,Columbus,OH,EE. UU.
3572,Mary,Consumer,La Crosse,WI,EE. UU.
218,Charles,Consumer,La Puente,CA,EE. UU.
8353,Mary,Consumer,Mililani,HI,EE. UU.
9577,Mary,Consumer,Columbia,TN,EE. UU.
1625,Mary,Consumer,Chicago,IL,EE. UU.
12292,Doris,Consumer,Spring Valley,CA,EE. UU.
68,Mary,Consumer,Peoria,AZ,EE. UU.
1322,Aaron,Consumer,Memphis,TN,EE. UU.
1515,Crystal,Consumer,Massapequa,NY,EE. UU.
5669,Mary,Consumer,Cerritos,CA,EE. UU.
11396,Elizabeth,Consumer,Hamilton,OH,EE. UU.
1313,Terry,Consumer,Antioch,TN,EE. UU.
4189,Heather,Consumer,Los Angeles,CA,EE. UU.
448,Hannah,Consumer,Modesto,CA,EE. UU.
99,Betty,Consumer,Las Vegas,NV,EE. UU.
4217,Paul,Consumer,Greenville,NC,EE. UU.
8504,Mary,Consumer,Virginia Beach,VA,EE. UU.
9221,Eric,Consumer,San Bernardino,CA,EE. UU.
48,Mary,Consumer,Strongsville,OH,EE. UU.
2346,Mary,Consumer,Mesquite,TX,EE. UU.
4353,Mary,Consumer,Clementon,NJ,EE. UU.
1949,Sean,Consumer,Washington,DC,EE. UU.
3409,Mary,Consumer,Philadelphia,PA,EE. UU.
8636,Jerry,Consumer,Rome,NY,EE. UU.
5899,Mary,Consumer,Brooklyn,NY,EE. UU.
10728,Gloria,Consumer,West Orange,NJ,EE. UU.
11598,Kathy,Consumer,Marietta,GA,EE. UU.
2193,Catherine,Consumer,Moline,IL,EE. UU.
11638,Ruth,Consumer,Brentwood,NY,EE. UU.
11762,Mary,Consumer,Tampa,FL,EE. UU.
9439,Hannah,Consumer,Columbia,SC,EE. UU.
6077,Carolyn,Consumer,Memphis,TN,EE. UU.
1301,Mary,Consumer,Cerritos,CA,EE. UU.
14575,Adele,Consumer,Los Angeles,CA,EE. UU.
14111,Molly,Consumer,Sugar Land,TX,EE. UU.
13254,Amity,Consumer,San Diego,CA,EE. UU.
13470,Ivy,Consumer,Merced,CA,EE. UU.
14325,Lilah,Consumer,Smyrna,GA,EE. UU.
14475,Avye,Consumer,Brentwood,NY,EE. UU.
14563,Kylie,Consumer,Honolulu,HI,EE. UU.
13441,Daryl,Consumer,Brooklyn,NY,EE. UU.
14433,Joan,Consumer,Hanford,CA,EE. UU.
13788,Cara,Consumer,Lawrence,MA,EE. UU.
3245,Rebecca,Consumer,Hayward,CA,EE. UU.
11069,Mary,Consumer,Bronx,NY,EE. UU.
10539,Mary,Consumer,Hollister,CA,EE. UU.
13957,Bo,Consumer,Hawthorne,CA,EE. UU.
9246,Mary,Consumer,Greensboro,NC,EE. UU.
12747,Rosalyn,Consumer,Austin,TX,EE. UU.
14809,Meredith,Consumer,Goose Creek,SC,EE. UU.
8542,Jane,Consumer,Rowland Heights,CA,EE. UU.
12542,Mallory,Consumer,Napa,CA,EE. UU.
12540,Courtney,Consumer,Saint Paul,MN,EE. UU.
12587,Julie,Consumer,Richmond,TX,EE. UU.
12898,Chloe,Consumer,Newark,NJ,EE. UU.
13127,Katelyn,Consumer,Stafford,VA,EE. UU.
14580,Hillary,Consumer,Kenner,LA,EE. UU.
13060,Minerva,Consumer,Oceanside,CA,EE. UU.
9985,Ronald,Consumer,Philadelphia,PA,EE. UU.
62,Mary,Consumer,Brooklyn,NY,EE. UU.
12721,Gwendolyn,Consumer,Lancaster,CA,EE. UU.
12586,Cleo,Consumer,Union,NJ,EE. UU.
6438,Peter,Consumer,Cincinnati,OH,EE. UU.
6676,Daniel,Consumer,Milwaukee,WI,EE. UU.
10730,Rachel,Consumer,Miami,FL,EE. UU.
9334,Mary,Consumer,Tampa,FL,EE. UU.
5758,Jordan,Consumer,Huntington Beach,CA,EE. UU.
10050,Mary,Consumer,Lockport,NY,EE. UU.
12098,Ashley,Consumer,San Jose,CA,EE. UU.
9470,Bryan,Consumer,Hanford,CA,EE. UU.
7896,Susan,Consumer,Lindenhurst,NY,EE. UU.
2401,Grace,Consumer,Union City,CA,EE. UU.
5233,Mary,Consumer,Houston,TX,EE. UU.
747,Mary,Consumer,Paramount,CA,EE. UU.
18041,Iris,Consumer,Wichita,KS,EE. UU.
19064,Gwendolyn,Consumer,Fontana,CA,EE. UU.
19097,Cynthia,Consumer,Massillon,OH,EE. UU.
6501,Mary,Consumer,Fairfield,OH,EE. UU.
7577,Mary,Consumer,North Richland Hills,TX,EE. UU.
17943,Rebecca,Consumer,Las Cruces,NM,EE. UU.
4571,Catherine,Consumer,San Pedro,CA,EE. UU.
8064,Richard,Consumer,Oxnard,CA,EE. UU.
17458,Abigail,Consumer,Carmichael,CA,EE. UU.
17296,Amber,Consumer,Chino,CA,EE. UU.
2172,Gary,Consumer,West Haven,CT,EE. UU.
20645,Lynn,Consumer,Pomona,CA,EE. UU.
237,Mary,Consumer,San Jose,CA,EE. UU.
15303,Cassandra,Consumer,Van Nuys,CA,EE. UU.
15528,Gwendolyn,Consumer,Albuquerque,NM,EE. UU.
15325,Isabelle,Consumer,Hialeah,FL,EE. UU.
8389,Amanda,Consumer,Perth Amboy,NJ,EE. UU.
8566,Stephen,Consumer,Brooklyn,NY,EE. UU.
17528,Tatiana,Consumer,Salem,OR,EE. UU.
16114,Velma,Consumer,Brooklyn,NY,EE. UU.
20346,Kitra,Consumer,Orlando,FL,EE. UU.
20345,Summer,Consumer,San Antonio,TX,EE. UU.
17130,Jolene,Consumer,Austin,TX,EE. UU.
16289,Dominique,Consumer,South Richmond Hill,NY,EE. UU.
16249,Jayme,Consumer,Brooklyn,NY,EE. UU.
16230,Kelsie,Consumer,Manchester,CT,EE. UU.
20010,Kameko,Consumer,San Francisco,CA,EE. UU.
18443,Jemima,Consumer,Madera,CA,EE. UU.
15944,Natalie,Consumer,Escondido,CA,EE. UU.
17656,Cally,Consumer,Oceanside,CA,EE. UU.
17674,Willow,Consumer,Brooklyn,NY,EE. UU.
16296,Mechelle,Consumer,San Antonio,TX,EE. UU.
19967,Deanna,Consumer,San Diego,CA,EE. UU.
17053,Galena,Consumer,Brooklyn,NY,EE. UU.
9309,Mary,Consumer,Princeton,NJ,EE. UU.
3386,Justin,Consumer,Laredo,TX,EE. UU.
8040,Mary,Consumer,Paramount,CA,EE. UU.
4918,Mary,Consumer,Hickory,NC,EE. UU.
6534,Mary,Consumer,Massillon,OH,EE. UU.
6938,Kathleen,Consumer,Albuquerque,NM,EE. UU.
2165,Mary,Consumer,Louisville,KY,EE. UU.
7539,Jonathan,Consumer,Canyon Country,CA,EE. UU.
4721,Scott,Consumer,Chicago,IL,EE. UU.
3016,Mary,Consumer,Denver,CO,EE. UU.
5823,Mary,Consumer,Lancaster,PA,EE. UU.
910,Mary,Consumer,Hilliard,OH,EE. UU.
9963,Roy,Consumer,Brownsville,TX,EE. UU.
399,Mary,Consumer,Las Vegas,NV,EE. UU.
9550,Christian,Consumer,Dallas,TX,EE. UU.
7137,Thomas,Consumer,Daly City,CA,EE. UU.
9996,Mary,Consumer,La Habra,CA,EE. UU.
3118,Mary,Corporate,Jacksonville,NC,EE. UU.
1256,Rebecca,Corporate,West Covina,CA,EE. UU.
7899,Donald,Corporate,Bowling Green,KY,EE. UU.
2818,Mary,Corporate,Michigan City,IN,EE. UU.
10463,Mary,Corporate,Lancaster,PA,EE. UU.
6495,Mary,Corporate,San Bernardino,CA,EE. UU.
144,David,Corporate,Bronx,NY,EE. UU.
6640,Patricia,Corporate,Eugene,OR,EE. UU.
13292,Katelyn,Corporate,Fountain Valley,CA,EE. UU.
14686,Carly,Corporate,New York,NY,EE. UU.
8164,Kathleen,Corporate,Carrollton,TX,EE. UU.
13131,Mira,Corporate,Roswell,NM,EE. UU.
13454,Ina,Corporate,Metairie,LA,EE. UU.
14413,Lavinia,Corporate,Los Angeles,CA,EE. UU.
14520,Hilary,Corporate,Compton,CA,EE. UU.
13019,Madonna,Corporate,San Marcos,TX,EE. UU.
14181,Blossom,Corporate,Rowland Heights,CA,EE. UU.
13126,Raya,Corporate,Salt Lake City,UT,EE. UU.
14534,Evangeline,Corporate,Raleigh,NC,EE. UU.
14659,Whitney,Corporate,Virginia Beach,VA,EE. UU.
14376,Lilah,Corporate,Albuquerque,NM,EE. UU.
13087,Gemma,Corporate,Santa Fe,NM,EE. UU.
14085,Gretchen,Corporate,New Brunswick,NJ,EE. UU.
14247,Amena,Corporate,Detroit,MI,EE. UU.
14457,Erica,Corporate,West Jordan,UT,EE. UU.
13426,September,Corporate,Merced,CA,EE. UU.
13389,Echo,Corporate,Philadelphia,PA,EE. UU.
13388,Astra,Corporate,Hesperia,CA,EE. UU.
13118,Sydney,Corporate,Salinas,CA,EE. UU.
14064,Leandra,Corporate,Phoenix,AZ,EE. UU.
13495,Bethany,Corporate,Jacksonville,FL,EE. UU.
13530,Faith,Corporate,Bloomfield,NJ,EE. UU.
14386,Yoshi,Corporate,New Bedford,MA,EE. UU.
14116,Bertha,Corporate,Bloomfield,NJ,EE. UU.
14186,Azalia,Corporate,La Mesa,CA,EE. UU.
14114,Hedy,Corporate,West Chester,PA,EE. UU.
14595,Halee,Corporate,North Richland Hills,TX,EE. UU.
4923,Crystal,Corporate,Aurora,IL,EE. UU.
362,Mary,Corporate,Diamond Bar,CA,EE. UU.
13699,Victoria,Corporate,Ontario,CA,EE. UU.
13555,Ocean,Corporate,North Richland Hills,TX,EE. UU.
12761,Cecilia,Corporate,Washington,DC,EE. UU.
12815,Alma,Corporate,Wyandotte,MI,EE. UU.
1549,Diane,Corporate,Oregon City,OR,EE. UU.
13949,Skyler,Corporate,North Hills,CA,EE. UU.
13985,Linda,Corporate,Oregon City,OR,EE. UU.
5057,Angela,Corporate,Indianapolis,IN,EE. UU.
13876,Kellie,Corporate,Bakersfield,CA,EE. UU.
11304,Alexander,Corporate,Santa Cruz,CA,EE. UU.
13713,Darryl,Corporate,Beloit,WI,EE. UU.
10985,Samantha,Corporate,Strongsville,OH,EE. UU.
12775,Amena,Corporate,Long Beach,CA,EE. UU.
13910,Wynter,Corporate,Milpitas,CA,EE. UU.
10266,Scott,Corporate,Cleveland,OH,EE. UU.
14796,Dominique,Corporate,San Antonio,TX,EE. UU.
756,Robert,Corporate,Peabody,MA,EE. UU.
12750,Martena,Corporate,Milwaukee,WI,EE. UU.
6842,Carol,Corporate,San Diego,CA,EE. UU.
13558,Abigail,Corporate,Pico Rivera,CA,EE. UU.
9672,Carl,Corporate,Meridian,ID,EE. UU.
13539,Delilah,Corporate,Mentor,OH,EE. UU.
9233,Timothy,Corporate,Des Plaines,IL,EE. UU.
13556,Eleanor,Corporate,Danbury,CT,EE. UU.
10304,Mary,Corporate,Chicago,IL,EE. UU.
11427,Deborah,Corporate,Huntington Park,CA,EE. UU.
654,Mary,Corporate,Orange Park,FL,EE. UU.
12451,Camilla,Corporate,Fontana,CA,EE. UU.
12629,Nerea,Corporate,Gaithersburg,MD,EE. UU.
12700,Rama,Corporate,Goleta,CA,EE. UU.
12482,Mia,Corporate,Freeport,NY,EE. UU.
12554,Raya,Corporate,Ogden,UT,EE. UU.
12517,Kai,Corporate,Ithaca,NY,EE. UU.
12444,Lillian,Corporate,Lawrence,MA,EE. UU.
12569,Ursa,Corporate,Brooklyn,NY,EE. UU.
12639,Molly,Corporate,Phoenix,AZ,EE. UU.
12727,Aspen,Corporate,Bristol,CT,EE. UU.
12493,Aubrey,Corporate,Baltimore,MD,EE. UU.
12743,Christen,Corporate,Baltimore,MD,EE. UU.
12508,Teegan,Corporate,Vista,CA,EE. UU.
12562,Eugenia,Corporate,Amarillo,TX,EE. UU.
12454,Iona,Corporate,Martinez,CA,EE. UU.
12544,Jordan,Corporate,Bronx,NY,EE. UU.
12950,Adele,Corporate,La Habra,CA,EE. UU.
14972,Evangeline,Corporate,Los Angeles,CA,EE. UU.
12927,Patience,Corporate,Henderson,NV,EE. UU.
12889,Blossom,Corporate,Lancaster,SC,EE. UU.
15107,Nita,Corporate,Portland,OR,EE. UU.
7760,Mary,Corporate,New Orleans,LA,EE. UU.
2082,Megan,Corporate,Norcross,GA,EE. UU.
9015,Alice,Corporate,Tampa,FL,EE. UU.
6381,George,Corporate,Roseville,MI,EE. UU.
10246,Barbara,Corporate,Bronx,NY,EE. UU.
11831,Jacob,Corporate,North Las Vegas,NV,EE. UU.
11918,Steven,Corporate,Brooklyn,NY,EE. UU.
2024,Harold,Corporate,Poway,CA,EE. UU.
157,Catherine,Corporate,Citrus Heights,CA,EE. UU.
5029,Kevin,Corporate,Honolulu,HI,EE. UU.
903,Mary,Corporate,San Jose,CA,EE. UU.
7238,Mary,Corporate,Honolulu,HI,EE. UU.
7332,Mary,Corporate,Fond Du Lac,WI,EE. UU.
1217,Robert,Corporate,Chicago,IL,EE. UU.
1866,Jessica,Corporate,Buffalo,NY,EE. UU.
5816,Barbara,Corporate,Chicago,IL,EE. UU.
5512,Timothy,Corporate,Endicott,NY,EE. UU.
5428,Mary,Corporate,La Crosse,WI,EE. UU.
7085,Sean,Corporate,Longview,WA,EE. UU.
11351,Mary,Corporate,Tempe,AZ,EE. UU.
10354,Mary,Corporate,Tucson,AZ,EE. UU.
8568,Catherine,Corporate,Escondido,CA,EE. UU.
4285,Johnny,Corporate,Compton,CA,EE. UU.
19235,Robin,Corporate,Brooklyn,NY,EE. UU.
17471,Zenaida,Corporate,Jacksonville,NC,EE. UU.
20653,Karina,Corporate,Rowland Heights,CA,EE. UU.
1061,Mary,Corporate,Norcross,GA,EE. UU.
18582,Jaquelyn,Corporate,La Mesa,CA,EE. UU.
18046,Jaquelyn,Corporate,Denver,CO,EE. UU.
18240,Emma,Corporate,Escondido,CA,EE. UU.
18269,Maile,Corporate,Olathe,KS,EE. UU.
18268,Vivien,Corporate,Brooklyn,NY,EE. UU.
19053,Serina,Corporate,Round Rock,TX,EE. UU.
16484,Chelsea,Corporate,Lockport,IL,EE. UU.
19050,Martina,Corporate,New York,NY,EE. UU.
19247,Minerva,Corporate,Greenville,NC,EE. UU.
16402,Kerry,Corporate,Brooklyn,NY,EE. UU.
19094,Hadassah,Corporate,Pawtucket,RI,EE. UU.
19146,Jade,Corporate,Elgin,IL,EE. UU.
16523,Abigail,Corporate,Los Angeles,CA,EE. UU.
15862,Beatrice,Corporate,Fort Lauderdale,FL,EE. UU.
18826,Dawn,Corporate,Pompano Beach,FL,EE. UU.
15716,Kelsie,Corporate,Pawtucket,RI,EE. UU.
15860,Charity,Corporate,Clementon,NJ,EE. UU.
15858,Tamara,Corporate,Atlanta,GA,EE. UU.
18750,Moana,Corporate,Los Angeles,CA,EE. UU.
15888,Kylynn,Corporate,Hialeah,FL,EE. UU.
18816,Cara,Corporate,Irving,TX,EE. UU.
8035,Mark,Corporate,Pacoima,CA,EE. UU.
9460,Patrick,Corporate,Fairfield,OH,EE. UU.
17327,Geraldine,Corporate,Long Beach,CA,EE. UU.
20626,Sloane,Corporate,San Pedro,CA,EE. UU.
20464,Daryl,Corporate,Las Vegas,NV,EE. UU.
20445,Cassandra,Corporate,Ogden,UT,EE. UU.
6042,Mary,Corporate,El Paso,TX,EE. UU.
17905,Diana,Corporate,Danbury,CT,EE. UU.
18317,Clementine,Corporate,Kailua,HI,EE. UU.
16002,Carissa,Corporate,Chicago,IL,EE. UU.
18877,Pandora,Corporate,Columbia,MO,EE. UU.
17343,Emma,Corporate,Scottsdale,AZ,EE. UU.
15965,Vivian,Corporate,Endicott,NY,EE. UU.
8449,Mary,Corporate,Pompano Beach,FL,EE. UU.
18297,Leandra,Corporate,Henrico,VA,EE. UU.
18332,Heidi,Corporate,Salem,OR,EE. UU.
20711,Anastasia,Corporate,Stone Mountain,GA,EE. UU.
16034,Harriet,Corporate,Tucson,AZ,EE. UU.
16016,Alexa,Corporate,Palatine,IL,EE. UU.
15998,Tamara,Corporate,Annandale,VA,EE. UU.
20728,Hedda,Corporate,Chula Vista,CA,EE. UU.
17501,Roanna,Corporate,Hamtramck,MI,EE. UU.
20601,Aphrodite,Corporate,Washington,DC,EE. UU.
17462,Martina,Corporate,Albuquerque,NM,EE. UU.
2832,Angela,Corporate,Honolulu,HI,EE. UU.
20472,Mechelle,Corporate,New Braunfels,TX,EE. UU.
18023,Abigail,Corporate,Atlanta,GA,EE. UU.
17951,Madonna,Corporate,Chicago,IL,EE. UU.
20525,Minerva,Corporate,Cleveland,OH,EE. UU.
15938,Kim,Corporate,Antioch,CA,EE. UU.
8956,Jose,Corporate,Salina,KS,EE. UU.
16010,Sarah,Corporate,Salt Lake City,UT,EE. UU.
466,Mary,Corporate,Bronx,NY,EE. UU.
17984,Chelsea,Corporate,Martinsburg,WV,EE. UU.
17512,September,Corporate,Riverside,CA,EE. UU.
1376,Mary,Corporate,Brooklyn,NY,EE. UU.
8601,Mary,Corporate,Lutz,FL,EE. UU.
20627,Ora,Corporate,Washington,DC,EE. UU.
12148,Andrea,Corporate,Tempe,AZ,EE. UU.
15395,Chava,Corporate,Chicago,IL,EE. UU.
15646,Martha,Corporate,Escondido,CA,EE. UU.
15609,Bertha,Corporate,Daly City,CA,EE. UU.
15375,Mari,Corporate,Morrisville,PA,EE. UU.
15478,Linda,Corporate,Orange Park,FL,EE. UU.
15658,Karleigh,Corporate,Lakewood,NJ,EE. UU.
18673,Kevyn,Corporate,Los Angeles,CA,EE. UU.
15546,Rhonda,Corporate,Irwin,PA,EE. UU.
18688,Robin,Corporate,Huntington Beach,CA,EE. UU.
15562,Hiroko,Corporate,Fountain Valley,CA,EE. UU.
18723,Patience,Corporate,Compton,CA,EE. UU.
15651,Sybill,Corporate,El Paso,TX,EE. UU.
15416,Camilla,Corporate,Marietta,GA,EE. UU.
4365,Mary,Corporate,Mission Viejo,CA,EE. UU.
721,Catherine,Corporate,Lancaster,SC,EE. UU.
17592,Katelyn,Corporate,Apex,NC,EE. UU.
19793,Katelyn,Corporate,Hamilton,OH,EE. UU.
16314,Pascale,Corporate,Orlando,FL,EE. UU.
18947,Ursa,Corporate,Eugene,OR,EE. UU.
17782,Mariko,Corporate,Phoenix,AZ,EE. UU.
19953,Oprah,Corporate,Aurora,CO,EE. UU.
17171,Eugenia,Corporate,CA,95758,EE. UU.
20223,Abra,Corporate,Tucson,AZ,EE. UU.
17853,Astra,Corporate,Chicago,IL,EE. UU.
17080,Audrey,Corporate,Doylestown,PA,EE. UU.
20238,Violet,Corporate,North Hollywood,CA,EE. UU.
17132,Laurel,Corporate,Tustin,CA,EE. UU.
19806,Katell,Corporate,San Antonio,TX,EE. UU.
20022,Xandra,Corporate,Far Rockaway,NY,EE. UU.
19931,Remedios,Corporate,Wyandotte,MI,EE. UU.
20165,Rama,Corporate,South Ozone Park,NY,EE. UU.
20021,Basia,Corporate,South San Francisco,CA,EE. UU.
15172,Sierra,Corporate,Mount Pleasant,MI,EE. UU.
16236,Karyn,Corporate,Germantown,MD,EE. UU.
19787,Shelley,Corporate,Piscataway,NJ,EE. UU.
19768,Jenette,Corporate,Visalia,CA,EE. UU.
18941,Shellie,Corporate,El Paso,TX,EE. UU.
17094,Nerea,Corporate,Dallas,TX,EE. UU.
18569,Quin,Corporate,Washington,DC,EE. UU.
16361,Sloane,Corporate,Brooklyn,NY,EE. UU.
20019,Raya,Corporate,Modesto,CA,EE. UU.
15259,Carla,Corporate,Chicago,IL,EE. UU.
19998,Lani,Corporate,Mission Viejo,CA,EE. UU.
20016,Lacy,Corporate,Morrisville,PA,EE. UU.
18899,Tallulah,Corporate,Los Angeles,CA,EE. UU.
15146,Shana,Corporate,Albuquerque,NM,EE. UU.
16336,Xerxes,Corporate,Moline,IL,EE. UU.
20283,Kelsie,Corporate,Lilburn,GA,EE. UU.
15289,Mary,Corporate,Fullerton,CA,EE. UU.
18561,Nyssa,Corporate,Aurora,CO,EE. UU.
18915,Hedda,Corporate,Palo Alto,CA,EE. UU.
16334,Morgan,Corporate,Martinsburg,WV,EE. UU.
16100,Deborah,Corporate,Virginia Beach,VA,EE. UU.
17858,Ginger,Corporate,Fountain Valley,CA,EE. UU.
15251,Alea,Corporate,Lakewood,NJ,EE. UU.
273,Benjamin,Corporate,Jamaica,NY,EE. UU.
3805,Melissa,Corporate,Quincy,MA,EE. UU.
677,Justin,Corporate,Waukegan,IL,EE. UU.
4004,Paul,Corporate,Pacoima,CA,EE. UU.
3007,Jessica,Corporate,Chicago,IL,EE. UU.
7773,Andrea,Corporate,La Crosse,WI,EE. UU.
4577,Scott,Corporate,Arlington,VA,EE. UU.
11022,Carolyn,Corporate,Bronx,NY,EE. UU.
11577,Mary,Corporate,Ypsilanti,MI,EE. UU.
885,Donna,Corporate,Chesapeake,VA,EE. UU.
11152,Mary,Corporate,Mchenry,IL,EE. UU.
11854,Evelyn,Corporate,New York,NY,EE. UU.
10004,Kimberly,Corporate,Saginaw,MI,EE. UU.
12353,Mary,Corporate,Hollywood,FL,EE. UU.
9873,Theresa,Corporate,Chesapeake,VA,EE. UU.
2206,Mary,Corporate,Lancaster,CA,EE. UU.
11188,Rebecca,Corporate,New York,NY,EE. UU.
3564,William,Corporate,North Las Vegas,NV,EE. UU.
7275,Mary,Corporate,Billings,MT,EE. UU.
6026,Diana,Corporate,Las Vegas,NV,EE. UU.
10058,Elizabeth,Corporate,Mechanicsburg,PA,EE. UU.
4271,Andrea,Corporate,Carmichael,CA,EE. UU.
11467,Hannah,Corporate,Fontana,CA,EE. UU.
4886,Angela,Corporate,Newark,NJ,EE. UU.
8894,Laura,Corporate,Chino,CA,EE. UU.
9064,Mary,Corporate,Philadelphia,PA,EE. UU.
14620,Demetria,Corporate,Hollister,CA,EE. UU.
14581,Anika,Corporate,Tempe,AZ,EE. UU.
14136,Jolene,Corporate,Los Angeles,CA,EE. UU.
13439,Whitney,Corporate,Ann Arbor,MI,EE. UU.
7131,Mary,Corporate,San Diego,CA,EE. UU.
9566,Mary,Corporate,Pacoima,CA,EE. UU.
13874,Lacy,Corporate,Mesa,AZ,EE. UU.
14034,Eugenia,Corporate,Rego Park,NY,EE. UU.
12820,Daria,Corporate,Las Vegas,NV,EE. UU.
3991,Kevin,Corporate,Morristown,NJ,EE. UU.
12537,Aspen,Corporate,Dorchester Center,MA,EE. UU.
14693,Azalia,Corporate,Milwaukee,WI,EE. UU.
5734,Mary,Corporate,Fort Lauderdale,FL,EE. UU.
3651,Mary,Corporate,San Antonio,TX,EE. UU.
8036,Howard,Corporate,San Francisco,CA,EE. UU.
18227,Whoopi,Corporate,Los Angeles,CA,EE. UU.
18110,Maggie,Corporate,Lancaster,OH,EE. UU.
16628,Xena,Corporate,New York,NY,EE. UU.
19080,Quincy,Corporate,Brooklyn,NY,EE. UU.
19240,Gwendolyn,Corporate,Phoenix,AZ,EE. UU.
18807,Jane,Corporate,Los Angeles,CA,EE. UU.
11205,Mary,Corporate,Miami,FL,EE. UU.
17525,Minerva,Corporate,Webster,NY,EE. UU.
17283,Kelsie,Corporate,Memphis,TN,EE. UU.
17658,Jennifer,Corporate,Rancho Cordova,CA,EE. UU.
17298,Moana,Corporate,Marietta,GA,EE. UU.
6062,Thomas,Corporate,Marietta,GA,EE. UU.
17553,Jillian,Corporate,Buffalo,NY,EE. UU.
17532,Dominique,Corporate,Long Beach,CA,EE. UU.
20333,Rhonda,Corporate,Miami,FL,EE. UU.
15268,Vivien,Corporate,Honolulu,HI,EE. UU.
20338,Heidy,Corporate,Chicago,IL,EE. UU.
20028,Gwendolyn,Corporate,Eugene,OR,EE. UU.
17479,Selma,Corporate,Elgin,IL,EE. UU.
17478,Ingrid,Corporate,Corona,NY,EE. UU.
5080,Mary,Corporate,Houston,TX,EE. UU.
1041,Karen,Corporate,Los Angeles,CA,EE. UU.
7556,Samantha,Corporate,New York,NY,EE. UU.
6189,Mary,Corporate,Long Beach,CA,EE. UU.
11051,Edward,Corporate,San Jose,CA,EE. UU.
10394,Mary,Corporate,Chicago,IL,EE. UU.
6841,Linda,Corporate,Los Angeles,CA,EE. UU.
2599,Mary,Corporate,Livermore,CA,EE. UU.
13109,Anika,Corporate,Chula Vista,CA,EE. UU.
13162,Ora,Corporate,Mililani,HI,EE. UU.
13036,Roanna,Corporate,Bend,OR,EE. UU.
13161,Sloane,Corporate,San Bernardino,CA,EE. UU.
14622,Mary,Corporate,Los Angeles,CA,EE. UU.
14355,Tatyana,Corporate,Fort Worth,TX,EE. UU.
14493,Christen,Corporate,Bountiful,UT,EE. UU.
12975,Ciara,Corporate,Ventura,CA,EE. UU.
14098,September,Corporate,Bronx,NY,EE. UU.
12988,Orli,Corporate,Los Angeles,CA,EE. UU.
12970,Yeo,Corporate,Baldwin Park,CA,EE. UU.
13608,Natalie,Corporate,Waukegan,IL,EE. UU.
14787,Eve,Corporate,Houston,TX,EE. UU.
13768,Amela,Corporate,Baltimore,MD,EE. UU.
14786,Chava,Corporate,West Haven,CT,EE. UU.
2503,Ryan,Corporate,Canyon Country,CA,EE. UU.
12757,Hope,Corporate,Ann Arbor,MI,EE. UU.
11779,John,Corporate,Rowland Heights,CA,EE. UU.
13817,Margaret,Corporate,Campbell,CA,EE. UU.
5597,Robert,Corporate,Olathe,KS,EE. UU.
13682,Carly,Corporate,Everett,WA,EE. UU.
12339,William,Corporate,Honolulu,HI,EE. UU.
12595,Chantale,Corporate,Corona,NY,EE. UU.
12694,Mikayla,Corporate,Philadelphia,PA,EE. UU.
12655,Sheila,Corporate,Denver,CO,EE. UU.
12438,Filipe,Corporate,Littleton,CO,EE. UU.
12953,Karina,Corporate,Brooklyn,NY,EE. UU.
15118,Nadine,Corporate,Roseburg,OR,EE. UU.
15095,Sylvia,Corporate,Glen Burnie,MD,EE. UU.
12944,Felicia,Corporate,Rancho Cordova,CA,EE. UU.
15089,Gemma,Corporate,Atlanta,GA,EE. UU.
14304,Constance,Corporate,Far Rockaway,NY,EE. UU.
2369,Deborah,Corporate,Findlay,OH,EE. UU.
12756,Sacha,Corporate,Chicago,IL,EE. UU.
12501,Brenna,Corporate,Princeton,NJ,EE. UU.
12608,Shay,Corporate,Chino,CA,EE. UU.
12669,Carolyn,Corporate,Glendale,AZ,EE. UU.
10199,Susan,Corporate,Miami,FL,EE. UU.
1945,Michael,Corporate,Rego Park,NY,EE. UU.
11483,Zachary,Corporate,Piscataway,NJ,EE. UU.
18096,Sonia,Corporate,Baltimore,MD,EE. UU.
18091,Aphrodite,Corporate,Los Angeles,CA,EE. UU.
18160,Cora,Corporate,New Orleans,LA,EE. UU.
18067,Sheila,Corporate,Houston,TX,EE. UU.
19195,Mikayla,Corporate,Tucson,AZ,EE. UU.
16392,Lacey,Corporate,Stockbridge,GA,EE. UU.
16391,September,Corporate,Yonkers,NY,EE. UU.
19117,Lacota,Corporate,Los Angeles,CA,EE. UU.
19045,Jordan,Corporate,Rancho Cucamonga,CA,EE. UU.
19099,Aileen,Corporate,Tinley Park,IL,EE. UU.
16597,Venus,Corporate,Chicago,IL,EE. UU.
19055,Raya,Corporate,Oceanside,CA,EE. UU.
18772,Penelope,Corporate,Cupertino,CA,EE. UU.
15840,Hermione,Corporate,College Station,TX,EE. UU.
15874,Cherokee,Corporate,Mililani,HI,EE. UU.
17417,Deanna,Corporate,Cypress,CA,EE. UU.
17740,Aphrodite,Corporate,Albuquerque,NM,EE. UU.
18391,Irma,Corporate,San Diego,CA,EE. UU.
15,Jane,Corporate,Fontana,CA,EE. UU.
17486,Christen,Corporate,York,PA,EE. UU.
17921,Tamara,Corporate,Lake Forest,CA,EE. UU.
17485,Harriet,Corporate,Carol Stream,IL,EE. UU.
17299,Orli,Corporate,Riverside,CA,EE. UU.
15975,Naida,Corporate,Washington,DC,EE. UU.
20416,Deysi,Corporate,Plano,TX,EE. UU.
17386,Carolyn,Corporate,Irwin,PA,EE. UU.
18522,Ila,Corporate,Campbell,CA,EE. UU.
20649,Renee,Corporate,Hagerstown,MD,EE. UU.
17966,Quail,Corporate,Visalia,CA,EE. UU.
20720,Brie,Corporate,Edinburg,TX,EE. UU.
11746,Frances,Corporate,Fresno,CA,EE. UU.
18500,Justina,Corporate,Algonquin,IL,EE. UU.
20681,Helen,Corporate,San Diego,CA,EE. UU.
15484,Signe,Corporate,Chula Vista,CA,EE. UU.
15537,India,Corporate,Mission Viejo,CA,EE. UU.
18698,Cheyenne,Corporate,Salem,OR,EE. UU.
15620,Sheila,Corporate,Broken Arrow,OK,EE. UU.
15600,Iola,Corporate,Woonsocket,RI,EE. UU.
15453,Xantha,Corporate,Edison,NJ,EE. UU.
18720,Alika,Corporate,Virginia Beach,VA,EE. UU.
17534,Harriet,Corporate,West Chester,PA,EE. UU.
17603,Constance,Corporate,Winter Park,FL,EE. UU.
17598,Winifred,Corporate,Memphis,TN,EE. UU.
17238,Violet,Corporate,Albuquerque,NM,EE. UU.
16324,Ori,Corporate,Miami,FL,EE. UU.
18585,Eden,Corporate,Brooklyn,NY,EE. UU.
20069,Shay,Corporate,Brooklyn,NY,EE. UU.
19796,Alisa,Corporate,Long Beach,CA,EE. UU.
16136,Quemby,Corporate,Las Vegas,NV,EE. UU.
20137,Rina,Corporate,New York,NY,EE. UU.
20119,Jael,Corporate,Las Vegas,NV,EE. UU.
19812,Carolyn,Corporate,North Hollywood,CA,EE. UU.
19159,Roary,Corporate,Brooklyn,NY,EE. UU.
19194,Karleigh,Corporate,Panorama City,CA,EE. UU.
16605,Aphrodite,Corporate,Elgin,IL,EE. UU.
15884,Danielle,Corporate,Chicago,IL,EE. UU.
17630,Myra,Corporate,Hayward,CA,EE. UU.
17647,Zenaida,Corporate,Santa Ana,CA,EE. UU.
18421,Hannah,Corporate,Carson,CA,EE. UU.
20474,Quin,Corporate,Lancaster,OH,EE. UU.
15408,Noelle,Corporate,Memphis,TN,EE. UU.
15473,Teegan,Corporate,Houston,TX,EE. UU.
20135,Jaquelyn,Corporate,San Marcos,TX,EE. UU.
17119,Jael,Corporate,Atlanta,GA,EE. UU.
20097,Fiona,Corporate,El Cajon,CA,EE. UU.
20258,Felicia,Corporate,Brighton,MA,EE. UU.
20000,Justina,Corporate,Modesto,CA,EE. UU.
17160,Lenore,Corporate,Austin,TX,EE. UU.
18578,Dorothy,Corporate,San Diego,CA,EE. UU.
17839,Jolene,Corporate,Newark,DE,EE. UU.
2898,Christine,Corporate,Victorville,CA,EE. UU.
2438,Mary,Corporate,Brooklyn,NY,EE. UU.
3512,Jennifer,Corporate,Clovis,CA,EE. UU.
11754,Aaron,Corporate,Canton,MI,EE. UU.
2489,Amanda,Corporate,San Antonio,TX,EE. UU.
2730,Mary,Corporate,Brooklyn,NY,EE. UU.
10968,Diana,Corporate,Elgin,IL,EE. UU.
741,Johnny,Corporate,Brooklyn,NY,EE. UU.
4774,Mary,Corporate,Honolulu,HI,EE. UU.
11234,Martha,Corporate,Baltimore,MD,EE. UU.
3324,Mary,Corporate,Aurora,CO,EE. UU.
8387,Richard,Corporate,Waipahu,HI,EE. UU.
699,Raymond,Corporate,Houston,TX,EE. UU.
8402,Mary,Corporate,Brooklyn,NY,EE. UU.
2340,Margaret,Corporate,Greeley,CO,EE. UU.
9914,Jose,Corporate,Far Rockaway,NY,EE. UU.
14540,Iris,Corporate,Reynoldsburg,OH,EE. UU.
13293,Nell,Corporate,Houston,TX,EE. UU.
13041,Imani,Corporate,Brooklyn,NY,EE. UU.
13491,Claudia,Corporate,Weslaco,TX,EE. UU.
14486,Selma,Corporate,Doylestown,PA,EE. UU.
14076,Shay,Corporate,Bell Gardens,CA,EE. UU.
13274,Frances,Corporate,Tinley Park,IL,EE. UU.
14521,Kelsie,Corporate,Los Angeles,CA,EE. UU.
13346,Ivory,Corporate,Hilliard,OH,EE. UU.
14611,Shafira,Corporate,Austin,TX,EE. UU.
14610,Constance,Corporate,Brooklyn,NY,EE. UU.
14217,Rosalyn,Corporate,Napa,CA,EE. UU.
13289,Stacey,Corporate,Rowland Heights,CA,EE. UU.
14379,Rose,Corporate,Baltimore,MD,EE. UU.
14410,Mara,Corporate,Wheaton,IL,EE. UU.
14144,Rina,Corporate,Arlington,TX,EE. UU.
13360,Iona,Corporate,Eugene,OR,EE. UU.
14324,Ella,Corporate,Ypsilanti,MI,EE. UU.
14606,Carol,Corporate,Troy,MI,EE. UU.
14250,Hillary,Corporate,Newark,DE,EE. UU.
14088,Lacota,Corporate,Raleigh,NC,EE. UU.
14479,Mechelle,Corporate,Medina,OH,EE. UU.
14640,Maite,Corporate,Hamtramck,MI,EE. UU.
13393,Ginger,Corporate,Stockton,CA,EE. UU.
14357,Olga,Corporate,Longmont,CO,EE. UU.
14460,Orli,Corporate,Poway,CA,EE. UU.
13446,Alyssa,Corporate,Walnut,CA,EE. UU.
14212,Maya,Corporate,Glendale,AZ,EE. UU.
14248,Zoe,Corporate,Elgin,IL,EE. UU.
14673,Desiree,Corporate,West New York,NJ,EE. UU.
14618,Astra,Corporate,Elk Grove,CA,EE. UU.
14100,Rebekah,Corporate,Jackson,MI,EE. UU.
14388,Gillian,Corporate,Silver Spring,MD,EE. UU.
13082,Maisie,Corporate,Ann Arbor,MI,EE. UU.
13099,Sade,Corporate,Pacoima,CA,EE. UU.
14279,Farrah,Corporate,Lawton,OK,EE. UU.
14652,Lynn,Corporate,Fremont,CA,EE. UU.
13368,Geraldine,Corporate,Middletown,OH,EE. UU.
13296,Donna,Corporate,Houston,TX,EE. UU.
14224,Roanna,Corporate,Fort Lauderdale,FL,EE. UU.
14651,Ila,Corporate,Hayward,CA,EE. UU.
13456,Tamara,Corporate,Quincy,MA,EE. UU.
14150,Katelyn,Corporate,Crystal Lake,IL,EE. UU.
14523,Alexa,Corporate,San Benito,TX,EE. UU.
13438,Quemby,Corporate,Milpitas,CA,EE. UU.
13366,Deirdre,Corporate,Mission Viejo,CA,EE. UU.
5420,Dylan,Corporate,Muskegon,MI,EE. UU.
14843,Xerxes,Corporate,Lake Forest,CA,EE. UU.
13716,Dorothy,Corporate,San Diego,CA,EE. UU.
13589,Kitra,Corporate,Woodbridge,VA,EE. UU.
13661,Carol,Corporate,Scottsdale,AZ,EE. UU.
12759,Jaquelyn,Corporate,New York,NY,EE. UU.
13966,McKenzie,Corporate,West Chester,PA,EE. UU.
13570,Sloane,Corporate,San Jose,CA,EE. UU.
13623,Fatima,Corporate,Danbury,CT,EE. UU.
10947,Eric,Corporate,Edison,NJ,EE. UU.
13982,Yoshi,Corporate,Corona,CA,EE. UU.
14909,Contreras,Corporate,Palatine,IL,EE. UU.
13675,Veronica,Corporate,Chicago,IL,EE. UU.
14747,Aphrodite,Corporate,Anaheim,CA,EE. UU.
12773,Violet,Corporate,New Haven,CT,EE. UU.
14872,Maggie,Corporate,Albuquerque,NM,EE. UU.
14781,Patience,Corporate,New York,NY,EE. UU.
13673,Kevyn,Corporate,Houston,TX,EE. UU.
14907,Xerxes,Corporate,Hamtramck,MI,EE. UU.
13960,Xantha,Corporate,La Mirada,CA,EE. UU.
13726,Hollee,Corporate,Chesapeake,VA,EE. UU.
14708,Sybil,Corporate,Goose Creek,SC,EE. UU.
13797,Nita,Corporate,San Francisco,CA,EE. UU.
13563,Rhoda,Corporate,Chicago,IL,EE. UU.
14779,Madeline,Corporate,Lawton,OK,EE. UU.
13959,Nevada,Corporate,Van Nuys,CA,EE. UU.
13688,Robin,Corporate,New York,NY,EE. UU.
10064,Mary,Corporate,Longview,WA,EE. UU.
8700,Mary,Home Office,Milwaukee,WI,EE. UU.
5666,Katherine,Consumer,Caguas,PR,Puerto Rico
11270,Vincent,Consumer,Brooklyn,NY,EE. UU.
4720,Carolyn,Consumer,Caguas,PR,Puerto Rico
1055,Mary,Home Office,Weslaco,TX,EE. UU.
7076,Mary,Home Office,Clovis,CA,EE. UU.
10964,Mary,Home Office,Portland,OR,EE. UU.
8781,Mary,Home Office,Miami,FL,EE. UU.
4115,Bobby,Home Office,Chicago,IL,EE. UU.
11454,Ethan,Home Office,Fort Lauderdale,FL,EE. UU.
2949,Shawn,Consumer,Philadelphia,PA,EE. UU.
441,Aaron,Home Office,Brooklyn,NY,EE. UU.
7679,Mary,Consumer,Caguas,PR,Puerto Rico
8195,Jennifer,Consumer,Caguas,PR,Puerto Rico
9411,Nicole,Home Office,Huntington Station,NY,EE. UU.
11899,Mary,Consumer,Mount Pleasant,MI,EE. UU.
8443,Margaret,Consumer,Caguas,PR,Puerto Rico
11341,Mary,Consumer,Caguas,PR,Puerto Rico
12391,Evelyn,Home Office,Caguas,PR,Puerto Rico
4442,Joshua,Corporate,Caguas,PR,Puerto Rico
1413,Mary,Home Office,Chicago,IL,EE. UU.
9184,Jeffrey,Home Office,Caguas,PR,Puerto Rico
11070,Beverly,Corporate,Caguas,PR,Puerto Rico
11990,Linda,Home Office,Hialeah,FL,EE. UU.
9472,Thomas,Home Office,Huntington Beach,CA,EE. UU.
4647,Mary,Consumer,Caguas,PR,Puerto Rico
10276,Mary,Home Office,Rego Park,NY,EE. UU.
5808,Amanda,Home Office,Denver,CO,EE. UU.
1990,Kathryn,Home Office,Tempe,AZ,EE. UU.
4077,Amy,Consumer,Los Angeles,CA,EE. UU.
8166,Patricia,Home Office,Aurora,IL,EE. UU.
7089,Grace,Consumer,Juana Diaz,PR,Puerto Rico
9911,Mary,Consumer,Caguas,PR,Puerto Rico
6531,Sara,Consumer,San Marcos,CA,EE. UU.
12144,Mary,Consumer,Los Angeles,CA,EE. UU.
12003,Mary,Home Office,Bakersfield,CA,EE. UU.
4904,Bruce,Home Office,Jersey City,NJ,EE. UU.
6427,Nicholas,Home Office,Union,NJ,EE. UU.
8044,Richard,Home Office,Gaithersburg,MD,EE. UU.
8626,Scott,Home Office,Indianapolis,IN,EE. UU.
8881,Mary,Consumer,Caguas,PR,Puerto Rico
2209,Emma,Consumer,Caguas,PR,Puerto Rico
4586,Mary,Consumer,Cleveland,OH,EE. UU.
2754,Mary,Home Office,Vacaville,CA,EE. UU.
4702,Mary,Home Office,Napa,CA,EE. UU.
12357,Harry,Consumer,Morristown,NJ,EE. UU.
2279,Olivia,Home Office,Caguas,PR,Puerto Rico
6502,Linda,Home Office,Caguas,PR,Puerto Rico
6930,Paul,Home Office,Honolulu,HI,EE. UU.
8869,Thomas,Consumer,Caguas,PR,Puerto Rico
11951,Steven,Home Office,Hamtramck,MI,EE. UU.
457,Mary,Home Office,Brooklyn,NY,EE. UU.
5404,Sara,Consumer,Caguas,PR,Puerto Rico
1857,Mary,Consumer,San Sebastian,PR,Puerto Rico
11949,Mary,Home Office,Opelousas,LA,EE. UU.
3775,John,Home Office,Mentor,OH,EE. UU.
11732,Mary,Consumer,Caguas,PR,Puerto Rico
11644,Mildred,Consumer,Caguas,PR,Puerto Rico
2868,Mary,Home Office,Atlanta,GA,EE. UU.
3082,Mary,Home Office,Saint Charles,MO,EE. UU.
114,Alice,Home Office,Bellflower,CA,EE. UU.
3827,Mary,Corporate,Caguas,PR,Puerto Rico
12028,Steven,Home Office,Newark,NJ,EE. UU.
2954,Jordan,Home Office,Martinsburg,WV,EE. UU.
2993,Mildred,Consumer,Atlanta,GA,EE. UU.
3801,Mary,Consumer,Caguas,PR,Puerto Rico
7953,Mary,Consumer,Caguas,PR,Puerto Rico
538,Joshua,Consumer,Wilmington,CA,EE. UU.
1838,Angela,Home Office,Ontario,CA,EE. UU.
9302,Melissa,Consumer,Caguas,PR,Puerto Rico
2231,Mary,Home Office,Florissant,MO,EE. UU.
10991,Mary,Consumer,Houston,TX,EE. UU.
7075,Frank,Home Office,San Jose,CA,EE. UU.
5949,Ryan,Consumer,Laguna Hills,CA,EE. UU.
6355,Kelly,Home Office,Caguas,PR,Puerto Rico
4992,Grace,Consumer,Caguas,PR,Puerto Rico
9729,Mary,Home Office,Washington,DC,EE. UU.
3952,Shawn,Home Office,Tucson,AZ,EE. UU.
10617,Ruth,Home Office,Brooklyn,NY,EE. UU.
3581,Mary,Consumer,Caguas,PR,Puerto Rico
10578,Karen,Consumer,Caguas,PR,Puerto Rico
11902,Catherine,Corporate,Caguas,PR,Puerto Rico
7717,Terry,Home Office,Princeton,NJ,EE. UU.
11095,Mary,Consumer,Lompoc,CA,EE. UU.
9343,Mary,Consumer,Salina,KS,EE. UU.
2689,Matthew,Consumer,Caguas,PR,Puerto Rico
502,Jennifer,Home Office,South Richmond Hill,NY,EE. UU.
6772,Doris,Consumer,Caguas,PR,Puerto Rico
10543,Jonathan,Home Office,Cleveland,OH,EE. UU.
12145,Joyce,Consumer,Caguas,PR,Puerto Rico
6953,Benjamin,Home Office,Brooklyn,NY,EE. UU.
1832,Mary,Consumer,Caguas,PR,Puerto Rico
10496,Mary,Home Office,Longview,WA,EE. UU.
6747,Kathy,Home Office,San Diego,CA,EE. UU.
10227,Mary,Corporate,Caguas,PR,Puerto Rico
2423,Dennis,Home Office,Caguas,PR,Puerto Rico
8069,Tiffany,Home Office,Highland Park,MI,EE. UU.
4009,Mary,Consumer,Elgin,IL,EE. UU.
4984,Mary,Home Office,Philadelphia,PA,EE. UU.
8001,Mary,Home Office,Houston,TX,EE. UU.
12172,Sara,Home Office,Aurora,CO,EE. UU.
2678,Johnny,Home Office,Simi Valley,CA,EE. UU.
6782,Raymond,Consumer,Roseburg,OR,EE. UU.
4536,Mary,Consumer,Caguas,PR,Puerto Rico
470,Mary,Consumer,Far Rockaway,NY,EE. UU.
80,Joe,Corporate,Caguas,PR,Puerto Rico
6021,Janice,Consumer,Bellflower,CA,EE. UU.
10210,Patricia,Home Office,Modesto,CA,EE. UU.
6088,Mary,Home Office,Caguas,PR,Puerto Rico
11919,Bobby,Home Office,New York,NY,EE. UU.
2810,Mary,Consumer,Caguas,PR,Puerto Rico
4457,Roger,Consumer,Caguas,PR,Puerto Rico
9777,Mary,Consumer,Caguas,PR,Puerto Rico
12016,Mary,Corporate,Trujillo Alto,PR,Puerto Rico
4598,Gloria,Consumer,Aurora,CO,EE. UU.
8823,Rose,Home Office,Van Nuys,CA,EE. UU.
12260,Melissa,Home Office,Muskegon,MI,EE. UU.
2713,Grace,Consumer,Caguas,PR,Puerto Rico
4243,Mary,Consumer,Caguas,PR,Puerto Rico
1510,Mary,Consumer,Caguas,PR,Puerto Rico
7144,Douglas,Home Office,New York,NY,EE. UU.
8699,Joyce,Corporate,Caguas,PR,Puerto Rico
9435,Mary,Home Office,Granada Hills,CA,EE. UU.
11164,Mary,Home Office,Oxnard,CA,EE. UU.
2115,Mary,Consumer,Caguas,PR,Puerto Rico
865,Mary,Consumer,Caguas,PR,Puerto Rico
9714,Patricia,Home Office,Seattle,WA,EE. UU.
9167,Mary,Consumer,Philadelphia,PA,EE. UU.
12156,Mary,Consumer,Caguas,PR,Puerto Rico
3950,John,Home Office,York,PA,EE. UU.
5675,Mary,Consumer,Caguas,PR,Puerto Rico
8439,Mary,Consumer,Chino Hills,CA,EE. UU.
11579,Mary,Home Office,Cleveland,OH,EE. UU.
3061,Crystal,Home Office,Los Angeles,CA,EE. UU.
2987,James,Corporate,Caguas,PR,Puerto Rico
11482,Mary,Home Office,Caguas,PR,Puerto Rico
4198,Tammy,Home Office,Los Angeles,CA,EE. UU.
5680,Laura,Home Office,Pomona,CA,EE. UU.
7299,James,Consumer,Caguas,PR,Puerto Rico
7399,Mary,Home Office,Los Angeles,CA,EE. UU.
10175,Michael,Home Office,Brooklyn,NY,EE. UU.
1905,Mary,Home Office,Chicago,IL,EE. UU.
607,Richard,Consumer,Caguas,PR,Puerto Rico
10120,Mary,Home Office,Moreno Valley,CA,EE. UU.
876,Andrea,Home Office,Aurora,CO,EE. UU.
9291,Charles,Consumer,Caguas,PR,Puerto Rico
1241,Jeffrey,Corporate,Caguas,PR,Puerto Rico
9677,Mary,Home Office,Tracy,CA,EE. UU.
2888,Lauren,Consumer,Caguas,PR,Puerto Rico
10108,Jose,Home Office,El Paso,TX,EE. UU.
5114,Mary,Consumer,San Antonio,TX,EE. UU.
4549,Mary,Consumer,Caguas,PR,Puerto Rico
9708,Cynthia,Home Office,Los Angeles,CA,EE. UU.
9701,Lisa,Home Office,Strongsville,OH,EE. UU.
11154,Pamela,Home Office,Granada Hills,CA,EE. UU.
2215,Karen,Home Office,Hayward,CA,EE. UU.
5683,Rachel,Home Office,Cleveland,OH,EE. UU.
5346,John,Corporate,Caguas,PR,Puerto Rico
925,Mary,Consumer,Caguas,PR,Puerto Rico
3517,Mary,Consumer,Piscataway,NJ,EE. UU.
6946,Richard,Corporate,Caguas,PR,Puerto Rico
11055,Mary,Home Office,Everett,WA,EE. UU.
5750,Willie,Consumer,Webster,NY,EE. UU.
12170,Matthew,Consumer,Caguas,PR,Puerto Rico
3072,Brandon,Consumer,Hampton,VA,EE. UU.
4152,Deborah,Consumer,Brooklyn,NY,EE. UU.
2866,Jerry,Consumer,Caguas,PR,Puerto Rico
1501,Mary,Consumer,Elmhurst,IL,EE. UU.
5489,Teresa,Consumer,Caguas,PR,Puerto Rico
3504,Mary,Corporate,Caguas,PR,Puerto Rico
7387,Mary,Home Office,Phoenix,AZ,EE. UU.
422,Deborah,Consumer,Caguas,PR,Puerto Rico
9394,Nancy,Home Office,Fresno,CA,EE. UU.
12130,Brian,Home Office,Rock Hill,SC,EE. UU.
5871,Cynthia,Home Office,Bronx,NY,EE. UU.
748,Olivia,Home Office,Del Rio,TX,EE. UU.
1571,Betty,Consumer,Caguas,PR,Puerto Rico
5878,Sharon,Consumer,Caguas,PR,Puerto Rico
3413,Mary,Home Office,Madera,CA,EE. UU.
7349,Cynthia,Corporate,Caguas,PR,Puerto Rico
8464,Mary,Home Office,West Chester,PA,EE. UU.
359,Mary,Consumer,Caguas,PR,Puerto Rico
1430,Henry,Home Office,Philadelphia,PA,EE. UU.
9297,Mary,Home Office,Fremont,CA,EE. UU.
10329,Shawn,Consumer,Caguas,PR,Puerto Rico
11376,Charles,Home Office,Houston,TX,EE. UU.
1452,Jennifer,Home Office,Plainfield,NJ,EE. UU.
3929,Amanda,Home Office,Methuen,MA,EE. UU.
2593,Mary,Home Office,Piscataway,NJ,EE. UU.
8482,Julie,Consumer,Phoenix,AZ,EE. UU.
10322,Mary,Consumer,North Las Vegas,NV,EE. UU.
8896,James,Home Office,Joliet,IL,EE. UU.
4425,Robert,Consumer,Caguas,PR,Puerto Rico
9864,Mary,Consumer,Carol Stream,IL,EE. UU.
889,James,Home Office,San Marcos,CA,EE. UU.
894,Mary,Consumer,Caguas,PR,Puerto Rico
5569,Katherine,Home Office,Davis,CA,EE. UU.
8312,Amber,Home Office,Chicago,IL,EE. UU.
1286,Nathan,Home Office,Las Vegas,NV,EE. UU.
11677,Christine,Home Office,Phoenix,AZ,EE. UU.
7244,Jeremy,Home Office,College Station,TX,EE. UU.
5653,Jean,Home Office,Lancaster,SC,EE. UU.
1569,Jesse,Home Office,San Diego,CA,EE. UU.
7595,Mary,Home Office,Irwin,PA,EE. UU.
5164,Teresa,Home Office,Metairie,LA,EE. UU.
8178,Mary,Home Office,Memphis,TN,EE. UU.
7190,Mary,Consumer,Caguas,PR,Puerto Rico
5775,Joyce,Home Office,Los Angeles,CA,EE. UU.
8706,Jennifer,Home Office,Brandon,FL,EE. UU.
8467,Kenneth,Home Office,Cordova,TN,EE. UU.
1885,Mary,Home Office,Columbia,SC,EE. UU.
11184,Jennifer,Consumer,La Puente,CA,EE. UU.
12347,Ralph,Home Office,Daly City,CA,EE. UU.
13,Mary,Home Office,Caguas,PR,Puerto Rico
11738,Samuel,Corporate,Caguas,PR,Puerto Rico
3216,Roy,Home Office,Newark,NJ,EE. UU.
3522,Adam,Consumer,Caguas,PR,Puerto Rico
2040,Susan,Consumer,Caguas,PR,Puerto Rico
6591,Lauren,Home Office,Philadelphia,PA,EE. UU.
7166,Mary,Home Office,Victorville,CA,EE. UU.
8803,Mary,Consumer,Caguas,PR,Puerto Rico
4677,Timothy,Home Office,Valrico,FL,EE. UU.
3907,Gary,Corporate,Caguas,PR,Puerto Rico
1943,Harry,Home Office,Baltimore,MD,EE. UU.
7524,Mary,Home Office,Mchenry,IL,EE. UU.
512,Mary,Consumer,Fremont,CA,EE. UU.
7671,Marilyn,Corporate,Caguas,PR,Puerto Rico
5668,Christina,Consumer,Caguas,PR,Puerto Rico
4319,Melissa,Consumer,Tampa,FL,EE. UU.
6219,Walter,Consumer,Caguas,PR,Puerto Rico
4000,Mary,Consumer,Memphis,TN,EE. UU.
9365,Kathy,Home Office,Cleveland,OH,EE. UU.
7317,Mary,Consumer,Caguas,PR,Puerto Rico
8337,Kathy,Home Office,Chicago,IL,EE. UU.
3470,Carolyn,Home Office,Algonquin,IL,EE. UU.
372,Mary,Home Office,Caguas,PR,Puerto Rico
2679,Mary,Home Office,Brownsville,TX,EE. UU.
311,Michael,Home Office,Austin,TX,EE. UU.
11514,Shirley,Home Office,Tallahassee,FL,EE. UU.
11785,Stephanie,Home Office,Loveland,OH,EE. UU.
2427,Susan,Home Office,Brooklyn,NY,EE. UU.
9012,Pamela,Home Office,Alameda,CA,EE. UU.
20756,Cherokee,Corporate,Berwyn,IL,EE. UU.
19767,Lee,Corporate,Flushing,NY,EE. UU.
19766,Kelsie,Consumer,Caguas,PR,Puerto Rico
19765,Athena,Corporate,Enfield,CT,EE. UU.
19764,Hedda,Corporate,South Ozone Park,NY,EE. UU.
19763,Deborah,Consumer,Lawrenceville,GA,EE. UU.
19762,Quon,Consumer,Caguas,PR,Puerto Rico
19761,Danielle,Home Office,Fort Worth,TX,EE. UU.
19760,Eden,Home Office,Bayamon,PR,Puerto Rico
19759,Ayanna,Home Office,Caguas,PR,Puerto Rico
19758,Holly,Home Office,Pompano Beach,FL,EE. UU.
19757,Nora,Home Office,Caguas,PR,Puerto Rico
19756,Brianna,Home Office,Las Vegas,NV,EE. UU.
19755,Amity,Home Office,Phoenix,AZ,EE. UU.
19754,Ulla,Home Office,Caguas,PR,Puerto Rico
19753,Emily,Corporate,Jacksonville,FL,EE. UU.
19752,Maggy,Corporate,Lynn,MA,EE. UU.
19751,Camille,Corporate,Caguas,PR,Puerto Rico
19750,Elaine,Consumer,Lancaster,PA,EE. UU.
19749,Ivory,Corporate,Caguas,PR,Puerto Rico
19748,Brianna,Home Office,Dearborn,MI,EE. UU.
19747,Anastasia,Home Office,Modesto,CA,EE. UU.
19746,Maia,Corporate,Caguas,PR,Puerto Rico
19745,Willow,Corporate,Gaithersburg,MD,EE. UU.
19744,Cassady,Corporate,Caguas,PR,Puerto Rico
19743,Brittany,Home Office,Portland,OR,EE. UU.
19742,Belle,Home Office,Caguas,PR,Puerto Rico
19741,Jorden,Home Office,San Marcos,TX,EE. UU.
19740,Halla,Home Office,Los Angeles,CA,EE. UU.
19739,Xaviera,Consumer,Antioch,CA,EE. UU.
19738,Astra,Home Office,Caguas,PR,Puerto Rico
19737,Sybil,Home Office,Louisville,KY,EE. UU.
19736,Lara,Home Office,Lindenhurst,NY,EE. UU.
19735,Zorita,Home Office,Hayward,CA,EE. UU.
19734,Winter,Home Office,Caguas,PR,Puerto Rico
19733,Olympia,Home Office,Irwin,PA,EE. UU.
19732,Brianna,Home Office,Caguas,PR,Puerto Rico
19731,Ivory,Home Office,Los Angeles,CA,EE. UU.
19730,Cynthia,Corporate,Waukegan,IL,EE. UU.
19729,Morgan,Corporate,Caguas,PR,Puerto Rico
19728,Cynthia,Consumer,Dundalk,MD,EE. UU.
19727,Audrey,Consumer,Los Angeles,CA,EE. UU.
19726,Brenna,Consumer,Caguas,PR,Puerto Rico
19725,Hedda,Consumer,Lombard,IL,EE. UU.
19724,Haviva,Consumer,Chino,CA,EE. UU.
19723,Charlotte,Consumer,Caguas,PR,Puerto Rico
19722,Azalia,Consumer,Broomfield,CO,EE. UU.
19721,Iona,Consumer,Bronx,NY,EE. UU.
19720,Gillian,Consumer,Caguas,PR,Puerto Rico
19719,Rhoda,Consumer,Columbus,OH,EE. UU.
19718,Cleo,Consumer,Florissant,MO,EE. UU.
19717,Helen,Corporate,Antioch,CA,EE. UU.
19716,Adrienne,Consumer,Caguas,PR,Puerto Rico
19715,Carly,Corporate,Rio Rancho,NM,EE. UU.
19714,Iola,Corporate,Caguas,PR,Puerto Rico
19713,Susan,Consumer,Hialeah,FL,EE. UU.
19712,Lacy,Corporate,Brooklyn,NY,EE. UU.
19711,Aubrey,Corporate,Corona,NY,EE. UU.
19710,Willow,Home Office,Caguas,PR,Puerto Rico
19709,Jamalia,Consumer,Citrus Heights,CA,EE. UU.
19708,April,Consumer,Los Angeles,CA,EE. UU.
19707,Zia,Consumer,Caguas,PR,Puerto Rico
19706,Katell,Consumer,Brandon,FL,EE. UU.
19705,Gay,Corporate,Hollywood,FL,EE. UU.
19704,Xena,Consumer,Caguas,PR,Puerto Rico
19703,Illana,Consumer,Richmond,TX,EE. UU.
19702,Desiree,Home Office,Union,NJ,EE. UU.
19701,Paula,Corporate,Colton,CA,EE. UU.
19700,Hannah,Corporate,Caguas,PR,Puerto Rico
19699,Jocelyn,Consumer,Hanover,PA,EE. UU.
19698,Brenna,Consumer,Caguas,PR,Puerto Rico
19697,Lani,Corporate,Dayton,OH,EE. UU.
19696,Sybill,Corporate,Bronx,NY,EE. UU.
19695,Riley,Consumer,Caguas,PR,Puerto Rico
19694,Jennifer,Consumer,Opa Locka,FL,EE. UU.
19693,Audrey,Consumer,Brooklyn,NY,EE. UU.
19692,Cally,Consumer,Caguas,PR,Puerto Rico
19691,Whitney,Consumer,San Diego,CA,EE. UU.
19690,Ann,Consumer,Caguas,PR,Puerto Rico
19689,Karina,Consumer,Broken Arrow,OK,EE. UU.
19688,Whitney,Home Office,Lynn,MA,EE. UU.
19687,Zephr,Home Office,Caguas,PR,Puerto Rico
19686,Isabella,Home Office,Brooklyn,NY,EE. UU.
19685,Renee,Home Office,Brooklyn,NY,EE. UU.
19684,Tasha,Corporate,Caguas,PR,Puerto Rico
19683,Zenaida,Corporate,Methuen,MA,EE. UU.
19682,Larissa,Consumer,Aurora,IL,EE. UU.
19681,Lynna,Consumer,Caguas,PR,Puerto Rico
19680,Ila,Corporate,Augusta,GA,EE. UU.
19679,Carla,Consumer,Caguas,PR,Puerto Rico
19678,Leigh,Corporate,Amarillo,TX,EE. UU.
19677,Renee,Corporate,Oxnard,CA,EE. UU.
19676,Ainsley,Corporate,Caguas,PR,Puerto Rico
19675,Nora,Consumer,Bend,OR,EE. UU.
19674,Noelani,Home Office,Cincinnati,OH,EE. UU.
19673,Shannon,Home Office,Caguas,PR,Puerto Rico
19672,Quemby,Consumer,Bronx,NY,EE. UU.
19671,Hanae,Consumer,Caguas,PR,Puerto Rico
19670,Heidi,Home Office,Ogden,UT,EE. UU.
19669,Maite,Consumer,La Crosse,WI,EE. UU.
19668,Francesca,Corporate,Caguas,PR,Puerto Rico
19667,Shaine,Corporate,West Covina,CA,EE. UU.
19666,Myra,Corporate,Bellflower,CA,EE. UU.
19665,Sonia,Corporate,Caguas,PR,Puerto Rico
19664,Sydnee,Corporate,Middletown,OH,EE. UU.
19663,Ora,Corporate,Caguas,PR,Puerto Rico
19662,Sloane,Consumer,Beaverton,OR,EE. UU.
19661,Vielka,Home Office,Caguas,PR,Puerto Rico
19660,Calista,Consumer,Bronx,NY,EE. UU.
19659,Kirestin,Consumer,Caguas,PR,Puerto Rico
19658,Idola,Consumer,Napa,CA,EE. UU.
19657,Kirsten,Consumer,Caguas,PR,Puerto Rico
19656,Lysandra,Consumer,Saint Paul,MN,EE. UU.
19655,Farrah,Consumer,Broomfield,CO,EE. UU.
19654,Farrah,Consumer,Caguas,PR,Puerto Rico
19653,Lacota,Consumer,Dorchester Center,MA,EE. UU.
19652,Ivana,Consumer,Caguas,PR,Puerto Rico
19651,Mary,Consumer,Las Vegas,NV,EE. UU.
19650,Velma,Consumer,Caguas,PR,Puerto Rico
19649,Demetria,Home Office,Phoenix,AZ,EE. UU.
19648,Illana,Consumer,Caguas,PR,Puerto Rico
19647,Astra,Home Office,Hyattsville,MD,EE. UU.
19646,Guinevere,Home Office,Caguas,PR,Puerto Rico
19645,Velma,Consumer,Annapolis,MD,EE. UU.
19644,Macy,Consumer,Caguas,PR,Puerto Rico
19643,Blythe,Consumer,Spring,TX,EE. UU.
19642,Clare,Consumer,Caguas,PR,Puerto Rico
19641,Priscilla,Consumer,Escondido,CA,EE. UU.
19640,Shafira,Corporate,Atlanta,GA,EE. UU.
19639,Constance,Corporate,Caguas,PR,Puerto Rico
19638,Basia,Consumer,Fort Worth,TX,EE. UU.
19637,Aphrodite,Consumer,Caguas,PR,Puerto Rico
19636,Deborah,Consumer,Tampa,FL,EE. UU.
19635,Carol,Consumer,Caguas,PR,Puerto Rico
19634,Winifred,Corporate,San Antonio,TX,EE. UU.
19633,Demetria,Corporate,Ithaca,NY,EE. UU.
19632,Mira,Corporate,Caguas,PR,Puerto Rico
19631,Stella,Corporate,Knoxville,TN,EE. UU.
19630,Signe,Corporate,Parkville,MD,EE. UU.
19629,Yvonne,Corporate,Caguas,PR,Puerto Rico
19628,Katelyn,Corporate,Los Angeles,CA,EE. UU.
19627,Raya,Home Office,Caguas,PR,Puerto Rico
19626,Evelyn,Home Office,Jacksonville,NC,EE. UU.
19625,Sydnee,Corporate,Caguas,PR,Puerto Rico
19624,Halee,Home Office,Vista,CA,EE. UU.
19623,Darryl,Home Office,Philadelphia,PA,EE. UU.
19622,Aimee,Home Office,Los Angeles,CA,EE. UU.
19621,Yolanda,Home Office,Caguas,PR,Puerto Rico
19620,Calista,Corporate,Peoria,AZ,EE. UU.
19619,Sydney,Corporate,Chicago,IL,EE. UU.
19618,Alexandra,Home Office,Caguas,PR,Puerto Rico
19617,Zia,Home Office,Princeton,NJ,EE. UU.
19616,Caryn,Home Office,Chicago,IL,EE. UU.
19615,Phoebe,Home Office,Caguas,PR,Puerto Rico
19614,Carol,Home Office,Brooklyn,NY,EE. UU.
19613,Kyla,Home Office,Caguas,PR,Puerto Rico
19612,Deborah,Home Office,Webster,NY,EE. UU.
19611,Isabella,Home Office,Sunnyvale,CA,EE. UU.
19610,Anika,Home Office,Caguas,PR,Puerto Rico
19609,Hillary,Home Office,Baltimore,MD,EE. UU.
19608,Genevieve,Home Office,Caguas,PR,Puerto Rico
19607,Ocean,Home Office,Phoenix,AZ,EE. UU.
19606,Sara,Consumer,Caguas,PR,Puerto Rico
19605,Jillian,Home Office,Roswell,GA,EE. UU.
19604,Adele,Consumer,Chicago,IL,EE. UU.
19603,Jordan,Consumer,Caguas,PR,Puerto Rico
19602,Lila,Consumer,San Bernardino,CA,EE. UU.
19601,Britanni,Consumer,Caguas,PR,Puerto Rico
19600,Sade,Corporate,Strongsville,OH,EE. UU.
19599,Whoopi,Consumer,Caguas,PR,Puerto Rico
19598,Eve,Consumer,Freeport,NY,EE. UU.
19597,Genevieve,Consumer,Denver,CO,EE. UU.
19596,Dana,Consumer,Napa,CA,EE. UU.
19595,Jessamine,Consumer,Caguas,PR,Puerto Rico
19594,Blossom,Consumer,Duluth,GA,EE. UU.
19593,Aubrey,Consumer,Brooklyn,NY,EE. UU.
19592,Kylie,Consumer,Long Beach,CA,EE. UU.
19591,Xantha,Consumer,Caguas,PR,Puerto Rico
19590,Donna,Consumer,Opelousas,LA,EE. UU.
19589,Jillian,Consumer,Norfolk,VA,EE. UU.
19588,Gemma,Consumer,Caguas,PR,Puerto Rico
19587,Alma,Consumer,Oceanside,CA,EE. UU.
19586,Nomlanga,Corporate,Caguas,PR,Puerto Rico
19585,Sopoline,Corporate,Norfolk,VA,EE. UU.
19584,Deanna,Home Office,Caguas,PR,Puerto Rico
19583,Maisie,Consumer,Albuquerque,NM,EE. UU.
19582,Willa,Consumer,Caguas,PR,Puerto Rico
19581,Mara,Consumer,Fort Worth,TX,EE. UU.
19580,Yael,Consumer,Longview,WA,EE. UU.
19579,Rachel,Consumer,Caguas,PR,Puerto Rico
19578,Virginia,Consumer,Glenview,IL,EE. UU.
19577,Ainsley,Consumer,Peoria,AZ,EE. UU.
19576,Winifred,Home Office,Caguas,PR,Puerto Rico
19575,Fay,Home Office,San Juan,PR,Puerto Rico
19574,Marah,Home Office,North Bergen,NJ,EE. UU.
19573,Xandra,Home Office,Caguas,PR,Puerto Rico
19572,Mara,Home Office,West New York,NJ,EE. UU.
19571,Megan,Home Office,Caguas,PR,Puerto Rico
19570,Harriet,Home Office,Martinez,CA,EE. UU.
19569,Iris,Home Office,Taylor,MI,EE. UU.
19568,Dominique,Consumer,Caguas,PR,Puerto Rico
19567,Darrel,Consumer,Fontana,CA,EE. UU.
19566,Sydnee,Consumer,Pico Rivera,CA,EE. UU.
19565,Lynn,Consumer,Caguas,PR,Puerto Rico
19564,Tatiana,Consumer,San Antonio,TX,EE. UU.
19563,Evangeline,Consumer,Caguas,PR,Puerto Rico
19562,Gwendolyn,Corporate,Stafford,VA,EE. UU.
19561,Minerva,Corporate,Caguas,PR,Puerto Rico
19560,Macy,Consumer,Lawrence,MA,EE. UU.
19559,Bree,Consumer,Caguas,PR,Puerto Rico
19558,Irma,Corporate,Passaic,NJ,EE. UU.
19557,Alyssa,Corporate,Caguas,PR,Puerto Rico
19556,Brooke,Corporate,San Marcos,CA,EE. UU.
19555,Whilemina,Corporate,Caguas,PR,Puerto Rico
19554,Kirby,Home Office,Littleton,CO,EE. UU.
19553,Rowan,Home Office,Caguas,PR,Puerto Rico
19552,Alexa,Corporate,Wyoming,MI,EE. UU.
19551,Lael,Corporate,Caguas,PR,Puerto Rico
19550,Kelsie,Consumer,Chicago,IL,EE. UU.
19549,Hilary,Corporate,Caguas,PR,Puerto Rico
19548,September,Consumer,Anaheim,CA,EE. UU.
19547,Martina,Corporate,Caguas,PR,Puerto Rico
19546,Sarah,Consumer,Brooklyn,NY,EE. UU.
19545,Simone,Consumer,Caguas,PR,Puerto Rico
19544,Jillian,Consumer,West Covina,CA,EE. UU.
19543,Ima,Consumer,Caguas,PR,Puerto Rico
19542,Imani,Home Office,San Diego,CA,EE. UU.
19541,Dahlia,Consumer,Caguas,PR,Puerto Rico
19540,Azalia,Consumer,Strongsville,OH,EE. UU.
19539,Imani,Consumer,Caguas,PR,Puerto Rico
19538,Carissa,Corporate,Austin,TX,EE. UU.
19537,Roanna,Corporate,Ithaca,NY,EE. UU.
19536,Belle,Corporate,Virginia Beach,VA,EE. UU.
19535,Jade,Corporate,San Diego,CA,EE. UU.
19534,Tamara,Consumer,Caguas,PR,Puerto Rico
19533,Winter,Consumer,Saint Paul,MN,EE. UU.
19532,Briar,Consumer,Caguas,PR,Puerto Rico
19531,Cora,Consumer,Watsonville,CA,EE. UU.
19530,Rachel,Consumer,Edinburg,TX,EE. UU.
19529,Basia,Consumer,Caguas,PR,Puerto Rico
19528,Hayfa,Consumer,Los Angeles,CA,EE. UU.
19527,Brynn,Consumer,Caguas,PR,Puerto Rico
19526,Mallory,Consumer,Newark,NJ,EE. UU.
19525,Giselle,Consumer,Caguas,PR,Puerto Rico
19524,Clio,Consumer,Orange Park,FL,EE. UU.
19523,Constance,Consumer,Caguas,PR,Puerto Rico
19522,Christen,Consumer,Lawrence,MA,EE. UU.
19521,Harriet,Home Office,Elmhurst,NY,EE. UU.
19520,Madonna,Corporate,Caguas,PR,Puerto Rico
19519,Veronica,Corporate,Dorchester Center,MA,EE. UU.
19518,Freya,Consumer,Caguas,PR,Puerto Rico
19517,Simone,Consumer,Diamond Bar,CA,EE. UU.
19516,Victoria,Consumer,San Pedro,CA,EE. UU.
19515,Selma,Consumer,Caguas,PR,Puerto Rico
19514,Ingrid,Consumer,Powder Springs,GA,EE. UU.
19513,Quincy,Consumer,Baltimore,MD,EE. UU.
19512,Keelie,Consumer,Caguas,PR,Puerto Rico
19511,Naida,Consumer,Doylestown,PA,EE. UU.
19510,Quin,Corporate,Vega Baja,PR,Puerto Rico
19509,Rosalyn,Corporate,Caguas,PR,Puerto Rico
19508,Mechelle,Consumer,West Jordan,UT,EE. UU.
19507,Zenaida,Home Office,Duluth,GA,EE. UU.
19506,Ursula,Home Office,Brooklyn,NY,EE. UU.
19505,Rhoda,Corporate,Glendale,AZ,EE. UU.
19504,Avye,Corporate,Caguas,PR,Puerto Rico
19503,Illana,Consumer,West Chester,PA,EE. UU.
19502,Hannah,Consumer,Caguas,PR,Puerto Rico
19501,Vivian,Consumer,Sacramento,CA,EE. UU.
19500,Daryl,Consumer,Brooklyn,NY,EE. UU.
19499,Zelda,Consumer,Caguas,PR,Puerto Rico
19498,Martina,Consumer,Carol Stream,IL,EE. UU.
19497,Mikayla,Home Office,Caguas,PR,Puerto Rico
19496,Zoe,Home Office,Yauco,PR,Puerto Rico
19495,Tatyana,Consumer,Caguas,PR,Puerto Rico
19494,Abigail,Consumer,Amarillo,TX,EE. UU.
19493,Clementine,Consumer,Fairfield,CA,EE. UU.
17027,Eugenia,Home Office,Hanford,CA,EE. UU.
17026,Doris,Corporate,Brooklyn,NY,EE. UU.
17025,Alice,Home Office,Caguas,PR,Puerto Rico
17024,Tatyana,Home Office,Cleveland,OH,EE. UU.
17023,Freya,Home Office,Caguas,PR,Puerto Rico
17022,Xandra,Corporate,Virginia Beach,VA,EE. UU.
17021,Basia,Home Office,Caguas,PR,Puerto Rico
17020,Carolyn,Corporate,Tempe,AZ,EE. UU.
17019,Raya,Corporate,Caguas,PR,Puerto Rico
17018,Octavia,Corporate,Rio Grande,PR,Puerto Rico
17017,Serina,Corporate,Caguas,PR,Puerto Rico
17016,Lacy,Corporate,Phoenix,AZ,EE. UU.
17015,Justina,Corporate,San Antonio,TX,EE. UU.
17014,Martina,Home Office,Caguas,PR,Puerto Rico
17013,Stella,Corporate,Caguas,PR,Puerto Rico
17012,Lynn,Corporate,Washington,PA,EE. UU.
17011,Tatiana,Corporate,Caguas,PR,Puerto Rico
17010,Kameko,Consumer,Clearfield,UT,EE. UU.
17009,Jordan,Consumer,Caguas,PR,Puerto Rico
17008,Jayme,Consumer,Los Angeles,CA,EE. UU.
17007,Mallory,Consumer,Los Angeles,CA,EE. UU.
17006,Desiree,Corporate,Caguas,PR,Puerto Rico
17005,Courtney,Corporate,Smyrna,GA,EE. UU.
17004,Tatiana,Corporate,Wheaton,IL,EE. UU.
17003,Kalia,Corporate,Kent,WA,EE. UU.
17002,Aspen,Corporate,Caguas,PR,Puerto Rico
17001,Quyn,Consumer,Seattle,WA,EE. UU.
17000,Justina,Consumer,Caguas,PR,Puerto Rico
16999,Sharon,Consumer,La Crosse,WI,EE. UU.
16998,Lani,Consumer,Carson,CA,EE. UU.
16997,Remedios,Consumer,Caguas,PR,Puerto Rico
16996,Morgan,Consumer,Guayama,PR,Puerto Rico
16995,Amena,Home Office,Joliet,IL,EE. UU.
16994,Anika,Consumer,Bakersfield,CA,EE. UU.
16993,Anjolie,Consumer,Caguas,PR,Puerto Rico
16992,Hedy,Consumer,Detroit,MI,EE. UU.
16991,Rhoda,Consumer,Caguas,PR,Puerto Rico
16990,Leilani,Consumer,Saginaw,MI,EE. UU.
16989,Hiroko,Consumer,Caguas,PR,Puerto Rico
16988,Shannon,Consumer,Jacksonville,FL,EE. UU.
16987,Nadine,Consumer,Caguas,PR,Puerto Rico
16986,Avye,Consumer,Rome,NY,EE. UU.
16985,Nora,Home Office,Caguas,PR,Puerto Rico
16984,Signe,Consumer,Hialeah,FL,EE. UU.
16983,Deanna,Consumer,Van Nuys,CA,EE. UU.
16982,Kai,Consumer,Riverside,CA,EE. UU.
16981,Shafira,Consumer,Henderson,NV,EE. UU.
16980,Imogene,Corporate,Caguas,PR,Puerto Rico
16979,Destiny,Corporate,Stone Mountain,GA,EE. UU.
16978,Linda,Corporate,Irvington,NJ,EE. UU.
16977,Lael,Corporate,Caguas,PR,Puerto Rico
16976,Kylie,Corporate,Wichita,KS,EE. UU.
16975,Yoshi,Corporate,Houston,TX,EE. UU.
16974,Anastasia,Corporate,Zanesville,OH,EE. UU.
16973,Teegan,Corporate,Fort Lauderdale,FL,EE. UU.
16972,Jena,Corporate,Caguas,PR,Puerto Rico
16971,Melinda,Consumer,Los Angeles,CA,EE. UU.
16970,Lillian,Corporate,Caguas,PR,Puerto Rico
16969,Kelsey,Corporate,Oceanside,CA,EE. UU.
16968,Emma,Corporate,Caguas,PR,Puerto Rico
16967,Deanna,Consumer,Laredo,TX,EE. UU.
16966,Brenda,Home Office,Miami,FL,EE. UU.
16965,Serina,Home Office,Bronx,NY,EE. UU.
16964,Martina,Home Office,Caguas,PR,Puerto Rico
16963,Felicia,Home Office,Findlay,OH,EE. UU.
16962,Cally,Corporate,El Monte,CA,EE. UU.
16961,Jessamine,Consumer,Caguas,PR,Puerto Rico
16960,Nomlanga,Home Office,Potomac,MD,EE. UU.
16959,McKenzie,Home Office,Caguas,PR,Puerto Rico
16958,Aubrey,Consumer,Wyoming,MI,EE. UU.
16957,Neve,Consumer,Caguas,PR,Puerto Rico
16956,Bertha,Home Office,Chicago,IL,EE. UU.
16955,Martina,Consumer,Caguas,PR,Puerto Rico
16954,Kevyn,Consumer,Anaheim,CA,EE. UU.
16953,Xantha,Home Office,Caguas,PR,Puerto Rico
16952,Nevada,Consumer,Brooklyn,NY,EE. UU.
16951,Yvette,Consumer,Caguas,PR,Puerto Rico
16950,Bo,Consumer,West Covina,CA,EE. UU.
16949,Lunea,Consumer,Caguas,PR,Puerto Rico
16948,Quail,Home Office,San Diego,CA,EE. UU.
16947,Mia,Consumer,Caguas,PR,Puerto Rico
16946,Moana,Corporate,Strongsville,OH,EE. UU.
16945,Tashya,Corporate,Caguas,PR,Puerto Rico
16944,Lillith,Corporate,Austin,TX,EE. UU.
16943,Jemima,Corporate,Ithaca,NY,EE. UU.
16942,Skyler,Consumer,Virginia Beach,VA,EE. UU.
16941,Quyn,Consumer,San Diego,CA,EE. UU.
16940,Britanney,Consumer,Caguas,PR,Puerto Rico
16939,Amela,Consumer,Saint Paul,MN,EE. UU.
16938,Donna,Consumer,Caguas,PR,Puerto Rico
16937,Leila,Consumer,Watsonville,CA,EE. UU.
16936,Kelsey,Consumer,Edinburg,TX,EE. UU.
16935,Scarlett,Consumer,Caguas,PR,Puerto Rico
16934,Zenia,Consumer,Los Angeles,CA,EE. UU.
16933,Paloma,Consumer,Caguas,PR,Puerto Rico
16932,Regan,Consumer,Newark,NJ,EE. UU.
16931,Rhea,Consumer,Caguas,PR,Puerto Rico
16930,September,Consumer,Orange Park,FL,EE. UU.
16929,Aspen,Consumer,Caguas,PR,Puerto Rico
16928,Sylvia,Consumer,Lawrence,MA,EE. UU.
16927,Haley,Consumer,Elmhurst,NY,EE. UU.
16926,Desirae,Consumer,Caguas,PR,Puerto Rico
16925,Basia,Consumer,Dorchester Center,MA,EE. UU.
16924,Callie,Home Office,Caguas,PR,Puerto Rico
16923,Deanna,Consumer,Diamond Bar,CA,EE. UU.
16922,Felicia,Consumer,San Pedro,CA,EE. UU.
16921,Hannah,Home Office,Caguas,PR,Puerto Rico
16920,Lina,Home Office,Powder Springs,GA,EE. UU.
16919,Iona,Home Office,Baltimore,MD,EE. UU.
16918,Susan,Consumer,Caguas,PR,Puerto Rico
16917,Catherine,Consumer,Doylestown,PA,EE. UU.
16916,Camilla,Consumer,Vega Baja,PR,Puerto Rico
16915,Blaine,Corporate,Caguas,PR,Puerto Rico
16914,Ruth,Home Office,West Jordan,UT,EE. UU.
16913,Briar,Consumer,Duluth,GA,EE. UU.
16912,Ursa,Home Office,Brooklyn,NY,EE. UU.
16911,Lesley,Home Office,Glendale,AZ,EE. UU.
16910,Nell,Home Office,Caguas,PR,Puerto Rico
16909,Lillian,Home Office,West Chester,PA,EE. UU.
16908,Noelle,Consumer,Caguas,PR,Puerto Rico
16907,Leilani,Consumer,Sacramento,CA,EE. UU.
16906,Shellie,Home Office,Brooklyn,NY,EE. UU.
16905,Germane,Home Office,Caguas,PR,Puerto Rico
16904,Rachel,Home Office,Carol Stream,IL,EE. UU.
16903,Wynter,Corporate,Caguas,PR,Puerto Rico
16902,Ainsley,Home Office,Yauco,PR,Puerto Rico
16901,Keelie,Home Office,Caguas,PR,Puerto Rico
16900,Regina,Corporate,Amarillo,TX,EE. UU.
16899,Anjolie,Consumer,Fairfield,CA,EE. UU.
16898,Jordan,Home Office,Caguas,PR,Puerto Rico
16897,Rebecca,Home Office,San Jose,CA,EE. UU.
16896,Joelle,Home Office,Los Angeles,CA,EE. UU.
16895,Chava,Consumer,Caguas,PR,Puerto Rico
16894,Tatum,Corporate,Tonawanda,NY,EE. UU.
16893,Avye,Consumer,Caguas,PR,Puerto Rico
16892,Ria,Corporate,Miami,FL,EE. UU.
16891,Irma,Corporate,Caguas,PR,Puerto Rico
16890,Idola,Corporate,San Ramon,CA,EE. UU.
16889,Lois,Consumer,Caguas,PR,Puerto Rico
16888,Kaitlin,Consumer,Freeport,NY,EE. UU.
16887,Amelia,Consumer,Salinas,CA,EE. UU.
16886,Rhiannon,Consumer,Caguas,PR,Puerto Rico
16885,Sheila,Consumer,Peabody,MA,EE. UU.
16884,Dora,Consumer,Caguas,PR,Puerto Rico
16883,Karleigh,Corporate,Canovanas,PR,Puerto Rico
16882,Ori,Corporate,Paramount,CA,EE. UU.
16881,Nayda,Home Office,Caguas,PR,Puerto Rico
16880,Hedda,Home Office,Mount Prospect,IL,EE. UU.
16879,Charissa,Home Office,Long Beach,CA,EE. UU.
16878,Kai,Home Office,Caguas,PR,Puerto Rico
16877,Odette,Home Office,Rancho Cordova,CA,EE. UU.
16876,Rowan,Consumer,Caguas,PR,Puerto Rico
16875,Mari,Home Office,Billings,MT,EE. UU.
16874,Rosalyn,Home Office,Caguas,PR,Puerto Rico
16873,Oprah,Corporate,Wilkes Barre,PA,EE. UU.
16872,Quon,Corporate,Caguas,PR,Puerto Rico
16871,Ariel,Corporate,Roseville,MI,EE. UU.
16870,Rhonda,Consumer,Bellflower,CA,EE. UU.
16869,Kellie,Consumer,Caguas,PR,Puerto Rico
16868,Lisandra,Consumer,Wheaton,IL,EE. UU.
16867,Lacy,Consumer,Caguas,PR,Puerto Rico
16866,Carla,Consumer,Detroit,MI,EE. UU.
16865,Alfreda,Consumer,Dallas,TX,EE. UU.
16864,Tallulah,Consumer,Caguas,PR,Puerto Rico
16863,Simone,Consumer,Carlisle,PA,EE. UU.
16862,Vivien,Consumer,Dallas,TX,EE. UU.
16861,Pamela,Corporate,Caguas,PR,Puerto Rico
16860,Camille,Consumer,Newark,DE,EE. UU.
16859,Jenette,Consumer,Panorama City,CA,EE. UU.
16858,Kimberly,Corporate,Caguas,PR,Puerto Rico
16857,Lacota,Corporate,Atlanta,GA,EE. UU.
16856,Giselle,Consumer,Caguas,PR,Puerto Rico
16855,Olga,Consumer,Fremont,CA,EE. UU.
16854,Imogene,Consumer,Caguas,PR,Puerto Rico
16853,Brenda,Home Office,Rochester,NY,EE. UU.
16852,Tatiana,Corporate,Dallas,TX,EE. UU.
16851,Martina,Corporate,Caguas,PR,Puerto Rico
16850,Freya,Consumer,Sunnyvale,CA,EE. UU.
16849,Rana,Consumer,Sugar Land,TX,EE. UU.
16848,Shellie,Consumer,Caguas,PR,Puerto Rico
16847,Rae,Consumer,Brighton,MA,EE. UU.
16846,Olympia,Consumer,Caguas,PR,Puerto Rico
16845,Lareina,Home Office,Garden Grove,CA,EE. UU.
16844,Angelica,Home Office,Caguas,PR,Puerto Rico
16843,Beatrice,Corporate,Bismarck,ND,EE. UU.
16842,Pandora,Corporate,Caguas,PR,Puerto Rico
16841,Aiko,Corporate,Gaithersburg,MD,EE. UU.
16840,Adele,Consumer,Caguas,PR,Puerto Rico
16839,Kylynn,Consumer,Bismarck,ND,EE. UU.
16838,Isadora,Corporate,Honolulu,HI,EE. UU.
16837,Amena,Consumer,Lilburn,GA,EE. UU.
16836,Aretha,Corporate,Caguas,PR,Puerto Rico
16835,Carol,Consumer,Virginia Beach,VA,EE. UU.
16834,Autumn,Corporate,Azusa,CA,EE. UU.
16833,Stella,Corporate,Long Beach,CA,EE. UU.
16832,Heidi,Corporate,Bronx,NY,EE. UU.
16831,Rachel,Corporate,Caguas,PR,Puerto Rico
16830,Kiara,Consumer,Provo,UT,EE. UU.
16829,Amelia,Consumer,Columbia,TN,EE. UU.
16828,Dakota,Consumer,Caguas,PR,Puerto Rico
16827,Joan,Consumer,Stockton,CA,EE. UU.
16826,Angelica,Consumer,Marietta,GA,EE. UU.
16825,Isabelle,Consumer,Caguas,PR,Puerto Rico
16824,Madeline,Consumer,Holland,MI,EE. UU.
16823,Basia,Consumer,Rio Grande,PR,Puerto Rico
16822,Roanna,Corporate,Brooklyn,NY,EE. UU.
16821,Erica,Consumer,Caguas,PR,Puerto Rico
16820,Shaeleigh,Consumer,Denver,CO,EE. UU.
16819,Veda,Corporate,Taylor,MI,EE. UU.
16818,Jaime,Corporate,Caguas,PR,Puerto Rico
16817,Clementine,Corporate,Chicago,IL,EE. UU.
16816,Yen,Corporate,Caguas,PR,Puerto Rico
16815,Imani,Corporate,Detroit,MI,EE. UU.
16814,Bryar,Corporate,Caguas,PR,Puerto Rico
16813,Madeson,Corporate,Murfreesboro,TN,EE. UU.
16812,Ariel,Consumer,Caguas,PR,Puerto Rico
16811,Samantha,Consumer,Cleveland,OH,EE. UU.
16810,Margaret,Consumer,Caguas,PR,Puerto Rico
16809,Karleigh,Home Office,Lockport,NY,EE. UU.
16808,Karly,Consumer,Caguas,PR,Puerto Rico
16807,Darrel,Home Office,Saint Charles,MO,EE. UU.
16806,Orli,Home Office,Los Angeles,CA,EE. UU.
16805,Brynn,Home Office,Cupertino,CA,EE. UU.
16804,Hope,Home Office,Caguas,PR,Puerto Rico
16803,Cassandra,Corporate,Springfield,MO,EE. UU.
16802,Danielle,Corporate,Caguas,PR,Puerto Rico
16801,Whitney,Consumer,Mission Viejo,CA,EE. UU.
16800,Stella,Consumer,Los Angeles,CA,EE. UU.
16799,Heather,Consumer,Caguas,PR,Puerto Rico
16798,Shoshana,Consumer,Roswell,GA,EE. UU.
16797,Leandra,Consumer,Caguas,PR,Puerto Rico
16796,Jane,Consumer,Ypsilanti,MI,EE. UU.
16795,Sage,Consumer,Brooklyn,NY,EE. UU.
16794,Angela,Consumer,Caguas,PR,Puerto Rico
16793,Imelda,Consumer,Peoria,AZ,EE. UU.
16792,Camille,Consumer,Caguas,PR,Puerto Rico
16791,Dawn,Home Office,Garden Grove,CA,EE. UU.
16790,Nita,Consumer,Caguas,PR,Puerto Rico
16789,Mary,Corporate,Clementon,NJ,EE. UU.
16788,Lesley,Corporate,Memphis,TN,EE. UU.
16787,Noel,Corporate,Antioch,TN,EE. UU.
16786,Karly,Consumer,Caguas,PR,Puerto Rico
16785,Hilary,Consumer,Salt Lake City,UT,EE. UU.
16784,Quon,Consumer,Caguas,PR,Puerto Rico
16783,Chantale,Consumer,Bakersfield,CA,EE. UU.
16782,Simone,Consumer,Caguas,PR,Puerto Rico
16781,Cara,Consumer,Granada Hills,CA,EE. UU.
16780,Candice,Consumer,Caguas,PR,Puerto Rico
16779,Dawn,Consumer,Tallahassee,FL,EE. UU.
16778,Marny,Consumer,Caguas,PR,Puerto Rico
16777,Azalia,Consumer,Hempstead,NY,EE. UU.
16776,Cheryl,Consumer,Caguas,PR,Puerto Rico
16775,Ayanna,Corporate,Astoria,NY,EE. UU.
403,Nancy,Consumer,Las Vegas,NV,EE. UU.
11193,Rachel,Consumer,Caguas,PR,Puerto Rico
9462,Judy,Home Office,Bell Gardens,CA,EE. UU.
525,Mary,Consumer,Caguas,PR,Puerto Rico
576,Arthur,Home Office,Houston,TX,EE. UU.
5908,Emily,Consumer,Austin,TX,EE. UU.
3342,Mary,Consumer,Rio Grande,PR,Puerto Rico
7418,Elizabeth,Home Office,El Paso,TX,EE. UU.
5372,Mary,Home Office,Augusta,GA,EE. UU.
9844,Peter,Home Office,Tucson,AZ,EE. UU.
3399,George,Corporate,Caguas,PR,Puerto Rico
11391,Richard,Home Office,Philadelphia,PA,EE. UU.
7907,Mary,Consumer,Jamaica,NY,EE. UU.
8114,Mary,Consumer,Caguas,PR,Puerto Rico
6019,Martha,Home Office,Laredo,TX,EE. UU.
3214,Kevin,Corporate,Caguas,PR,Puerto Rico
12075,Aaron,Home Office,Azusa,CA,EE. UU.
4655,Mary,Consumer,Florissant,MO,EE. UU.
11094,Rose,Home Office,Mission,TX,EE. UU.
153,Andrew,Home Office,Hollywood,FL,EE. UU.
9412,Roy,Home Office,Lancaster,CA,EE. UU.
9548,Benjamin,Corporate,Billings,MT,EE. UU.
9960,Mary,Home Office,Caguas,PR,Puerto Rico
1520,Mary,Consumer,Caguas,PR,Puerto Rico
2151,Mary,Corporate,Decatur,GA,EE. UU.
10298,Albert,Home Office,Bronx,NY,EE. UU.
4294,Christopher,Consumer,Brownsville,TX,EE. UU.
8225,Nathan,Home Office,Encinitas,CA,EE. UU.
10725,Martha,Home Office,Chicago,IL,EE. UU.
2547,Walter,Home Office,North Richland Hills,TX,EE. UU.
2018,Shirley,Consumer,Caguas,PR,Puerto Rico
9948,Susan,Home Office,Westminster,CA,EE. UU.
10110,Beverly,Home Office,San Pablo,CA,EE. UU.
5786,Brian,Home Office,Sumner,WA,EE. UU.
11759,Mary,Consumer,Caguas,PR,Puerto Rico
9546,Louis,Corporate,Caguas,PR,Puerto Rico
11817,Mary,Home Office,Knoxville,TN,EE. UU.
9099,Dennis,Home Office,Caguas,PR,Puerto Rico
5897,Mary,Home Office,Newburgh,NY,EE. UU.
2105,George,Corporate,Caguas,PR,Puerto Rico
5539,Mary,Consumer,Ontario,CA,EE. UU.
6347,Mark,Home Office,Greensboro,NC,EE. UU.
5729,Louis,Home Office,Mission,TX,EE. UU.
5406,Mary,Home Office,Algonquin,IL,EE. UU.
972,Mary,Consumer,Caguas,PR,Puerto Rico
1224,Judy,Consumer,Caguas,PR,Puerto Rico
3185,Mary,Consumer,Birmingham,AL,EE. UU.
7394,Kenneth,Home Office,Bellingham,WA,EE. UU.
6401,Joan,Consumer,Caguas,PR,Puerto Rico
11498,Scott,Consumer,Caguas,PR,Puerto Rico
8136,Charles,Home Office,Saint Charles,MO,EE. UU.
7263,Samuel,Consumer,Caguas,PR,Puerto Rico
9851,Mary,Consumer,Caguas,PR,Puerto Rico
191,Victoria,Home Office,Portland,OR,EE. UU.
6891,Mary,Consumer,Caguas,PR,Puerto Rico
12282,Mary,Consumer,Caguas,PR,Puerto Rico
9880,Donna,Home Office,Los Angeles,CA,EE. UU.
3783,Albert,Consumer,El Paso,TX,EE. UU.
10084,Paul,Consumer,Caguas,PR,Puerto Rico
950,Jordan,Home Office,Las Vegas,NV,EE. UU.
12150,Paul,Home Office,Dallas,TX,EE. UU.
2602,Jacob,Home Office,Long Beach,CA,EE. UU.
1967,Benjamin,Corporate,Caguas,PR,Puerto Rico
10049,Doris,Home Office,Santa Fe,NM,EE. UU.
8887,Mary,Corporate,Caguas,PR,Puerto Rico
2697,Joyce,Consumer,Caguas,PR,Puerto Rico
2620,Mary,Consumer,Caguas,PR,Puerto Rico
1534,Ronald,Home Office,Fountain Valley,CA,EE. UU.
8799,Mary,Consumer,Stockton,CA,EE. UU.
353,Mary,Home Office,San Antonio,TX,EE. UU.
3904,Mary,Consumer,Caguas,PR,Puerto Rico
6924,Mary,Consumer,Caguas,PR,Puerto Rico
8153,Mary,Consumer,Caguas,PR,Puerto Rico
6567,Jeffrey,Consumer,Fontana,CA,EE. UU.
7943,Mary,Consumer,Juana Diaz,PR,Puerto Rico
7469,Ruth,Consumer,Brooklyn,NY,EE. UU.
1929,Kathryn,Consumer,San Antonio,TX,EE. UU.
975,Mary,Consumer,Saginaw,MI,EE. UU.
1239,Nicholas,Home Office,Chicago,IL,EE. UU.
10196,Stephen,Home Office,Caguas,PR,Puerto Rico
2663,Mary,Consumer,San Diego,CA,EE. UU.
3893,Mary,Home Office,Los Angeles,CA,EE. UU.
4472,Mary,Corporate,Caguas,PR,Puerto Rico
7620,Marie,Consumer,Caguas,PR,Puerto Rico
10180,Andrea,Home Office,Middletown,CT,EE. UU.
12067,Mary,Home Office,Rowland Heights,CA,EE. UU.
6755,Mary,Home Office,Passaic,NJ,EE. UU.
631,Mary,Consumer,Brooklyn,NY,EE. UU.
9878,Mary,Home Office,Van Nuys,CA,EE. UU.
10243,Donna,Consumer,Los Angeles,CA,EE. UU.
4037,Megan,Consumer,Caguas,PR,Puerto Rico
9779,Mary,Home Office,Baltimore,MD,EE. UU.
718,Alexander,Consumer,Caguas,PR,Puerto Rico
594,Mary,Home Office,Lynnwood,WA,EE. UU.
3494,Cheryl,Corporate,Montebello,CA,EE. UU.
8244,Mary,Home Office,Lancaster,CA,EE. UU.
4671,Eric,Consumer,Chandler,AZ,EE. UU.
5343,Mary,Home Office,Oak Lawn,IL,EE. UU.
11098,Raymond,Home Office,Westerville,OH,EE. UU.
537,Mary,Home Office,Costa Mesa,CA,EE. UU.
9168,Martha,Consumer,Caguas,PR,Puerto Rico
9846,Michelle,Consumer,Los Angeles,CA,EE. UU.
8983,Mary,Home Office,Pekin,IL,EE. UU.
3701,Bryan,Consumer,Hollywood,FL,EE. UU.
6109,Zachary,Consumer,Caguas,PR,Puerto Rico
5177,Tiffany,Home Office,Encinitas,CA,EE. UU.
2579,Kimberly,Consumer,Citrus Heights,CA,EE. UU.
9190,Andrew,Consumer,Dallas,TX,EE. UU.
11355,Mary,Home Office,Lenoir,NC,EE. UU.
5391,Mary,Home Office,Roswell,GA,EE. UU.
7865,Mary,Home Office,New York,NY,EE. UU.
7709,George,Consumer,Caguas,PR,Puerto Rico
1304,Frank,Corporate,Caguas,PR,Puerto Rico
7097,Hannah,Consumer,Caguas,PR,Puerto Rico
11143,Mary,Home Office,Brooklyn,NY,EE. UU.
8789,Helen,Consumer,Caguas,PR,Puerto Rico
2132,Mary,Consumer,Caguas,PR,Puerto Rico
701,Joseph,Home Office,Hollister,CA,EE. UU.
544,Mary,Consumer,Caguas,PR,Puerto Rico
11219,Mary,Consumer,Caguas,PR,Puerto Rico
3472,Ethan,Consumer,Caguas,PR,Puerto Rico
7286,Mary,Home Office,Mount Pleasant,MI,EE. UU.
2322,Zachary,Home Office,Walnut,CA,EE. UU.
3074,Mary,Home Office,Montebello,CA,EE. UU.
308,Alan,Home Office,South Ozone Park,NY,EE. UU.
4906,Richard,Home Office,San Jose,CA,EE. UU.
8382,Joshua,Home Office,Fort Worth,TX,EE. UU.
11013,Andrew,Home Office,Philadelphia,PA,EE. UU.
9081,Robert,Home Office,Chicago,IL,EE. UU.
12076,Mary,Home Office,Tempe,AZ,EE. UU.
4957,Lawrence,Consumer,South Ozone Park,NY,EE. UU.
1214,Mildred,Home Office,Caguas,PR,Puerto Rico
1765,Mary,Home Office,Brooklyn,NY,EE. UU.
873,Mary,Home Office,Bay Shore,NY,EE. UU.
9598,Mary,Home Office,Elmhurst,IL,EE. UU.
8607,Timothy,Home Office,Diamond Bar,CA,EE. UU.
6745,Mary,Corporate,Chicago,IL,EE. UU.
9530,Ralph,Consumer,Peabody,MA,EE. UU.
6819,Mary,Home Office,Greensboro,NC,EE. UU.
2757,Mary,Consumer,Caguas,PR,Puerto Rico
4180,Mary,Consumer,Brooklyn,NY,EE. UU.
5064,Mary,Home Office,Phoenix,AZ,EE. UU.
12210,Mary,Home Office,Elgin,IL,EE. UU.
6468,William,Consumer,Caguas,PR,Puerto Rico
6395,Mary,Home Office,Hyattsville,MD,EE. UU.
10813,Patricia,Corporate,Caguas,PR,Puerto Rico
6201,Judy,Consumer,Caguas,PR,Puerto Rico
5542,Mary,Consumer,Caguas,PR,Puerto Rico
177,Mary,Consumer,Caguas,PR,Puerto Rico
5189,Frank,Home Office,Philadelphia,PA,EE. UU.
9125,Mary,Consumer,Caguas,PR,Puerto Rico
7053,Donald,Consumer,Saginaw,MI,EE. UU.
4434,Mary,Home Office,Bellflower,CA,EE. UU.
3133,Ruth,Home Office,Freeport,NY,EE. UU.
5742,Laura,Home Office,Bend,OR,EE. UU.
3111,Mary,Consumer,Caguas,PR,Puerto Rico
7002,Anna,Consumer,Wyoming,MI,EE. UU.
8528,Andrea,Consumer,Caguas,PR,Puerto Rico
4495,Mary,Consumer,Caguas,PR,Puerto Rico
4231,Arthur,Home Office,Saint Paul,MN,EE. UU.
7863,Elizabeth,Home Office,Mililani,HI,EE. UU.
3143,Mary,Home Office,Stamford,CT,EE. UU.
8948,Russell,Home Office,Cerritos,CA,EE. UU.
1581,Mary,Consumer,Saint Louis,MO,EE. UU.
11165,John,Home Office,Philadelphia,PA,EE. UU.
491,Debra,Home Office,Henderson,NV,EE. UU.
829,Mary,Home Office,West Orange,NJ,EE. UU.
2637,Bobby,Home Office,Hampton,VA,EE. UU.
8590,Ashley,Consumer,Fort Lauderdale,FL,EE. UU.
2863,Roger,Home Office,Crown Point,IN,EE. UU.
10758,Steven,Home Office,Marietta,GA,EE. UU.
11210,Olivia,Consumer,Caguas,PR,Puerto Rico
3655,Karen,Home Office,Mount Prospect,IL,EE. UU.
3228,Susan,Home Office,Corona,NY,EE. UU.
9594,Mary,Home Office,Philadelphia,PA,EE. UU.
5255,Mary,Home Office,Virginia Beach,VA,EE. UU.
8786,Joseph,Home Office,Compton,CA,EE. UU.
11258,Mary,Consumer,Tucson,AZ,EE. UU.
5482,Anthony,Home Office,Caguas,PR,Puerto Rico
8609,Zachary,Home Office,Jamaica,NY,EE. UU.
6210,Richard,Consumer,Caguas,PR,Puerto Rico
7986,Mary,Home Office,Chicago,IL,EE. UU.
1479,Mary,Consumer,Caguas,PR,Puerto Rico
9861,Mildred,Consumer,Oak Lawn,IL,EE. UU.
3548,Mary,Home Office,San Diego,CA,EE. UU.
5577,Mary,Home Office,Modesto,CA,EE. UU.
12157,Rose,Consumer,Jacksonville,NC,EE. UU.
9887,Margaret,Home Office,Everett,WA,EE. UU.
10989,Kenneth,Home Office,New York,NY,EE. UU.
4275,Sandra,Home Office,Waipahu,HI,EE. UU.
4165,Elizabeth,Consumer,Tucson,AZ,EE. UU.
8867,Justin,Consumer,Caguas,PR,Puerto Rico
9132,Amanda,Home Office,Eugene,OR,EE. UU.
10007,Lori,Home Office,New York,NY,EE. UU.
10801,Ryan,Consumer,Saint Paul,MN,EE. UU.
1819,Jane,Home Office,Albuquerque,NM,EE. UU.
5948,Mary,Consumer,Caguas,PR,Puerto Rico
5407,Joshua,Home Office,Caguas,PR,Puerto Rico
5129,Dennis,Home Office,Houston,TX,EE. UU.
5192,Susan,Home Office,Irvington,NJ,EE. UU.
2089,Mary,Home Office,Atlanta,GA,EE. UU.
9139,Mary,Home Office,Greensboro,NC,EE. UU.
8185,Ronald,Home Office,Folsom,CA,EE. UU.
7822,Mary,Home Office,Ridgewood,NY,EE. UU.
10979,Raymond,Corporate,Caguas,PR,Puerto Rico
7071,Amber,Home Office,North Richland Hills,TX,EE. UU.
651,Mary,Consumer,Santa Fe,NM,EE. UU.
4889,Carolyn,Corporate,Caguas,PR,Puerto Rico
4803,Kelly,Consumer,Los Angeles,CA,EE. UU.
115,Mary,Consumer,West Covina,CA,EE. UU.
2323,Mary,Home Office,Webster,NY,EE. UU.
2046,Mary,Consumer,Caguas,PR,Puerto Rico
10976,Mary,Home Office,San Jose,CA,EE. UU.
4649,Diana,Consumer,Goose Creek,SC,EE. UU.
8251,Mary,Home Office,Jackson,MI,EE. UU.
12143,Gary,Consumer,Caguas,PR,Puerto Rico
5004,Dorothy,Home Office,Miami,FL,EE. UU.
12374,Frances,Home Office,Bend,OR,EE. UU.
1957,Shirley,Consumer,Chicago,IL,EE. UU.
11461,Kevin,Consumer,Albuquerque,NM,EE. UU.
3073,Jane,Corporate,Caguas,PR,Puerto Rico
3974,Mary,Consumer,Seattle,WA,EE. UU.
12127,Mary,Home Office,Cumberland,MD,EE. UU.
2442,Kathryn,Consumer,Caguas,PR,Puerto Rico
9067,Harry,Home Office,Guayama,PR,Puerto Rico
10223,Mary,Consumer,Caguas,PR,Puerto Rico
12325,Tyler,Home Office,Baltimore,MD,EE. UU.
5688,Robert,Corporate,Caguas,PR,Puerto Rico
9639,Mary,Home Office,Florissant,MO,EE. UU.
5991,Stephen,Consumer,Arlington,VA,EE. UU.
148,Stephanie,Consumer,Caguas,PR,Puerto Rico
2355,Ronald,Home Office,Katy,TX,EE. UU.
5392,Ann,Home Office,Caguas,PR,Puerto Rico
859,Dorothy,Home Office,Greensburg,PA,EE. UU.
5730,Mary,Home Office,Doylestown,PA,EE. UU.
9131,Mary,Consumer,New Castle,DE,EE. UU.
4522,Mary,Home Office,Wyoming,MI,EE. UU.
4515,Mary,Consumer,Caguas,PR,Puerto Rico
1040,Richard,Corporate,San Francisco,CA,EE. UU.
7750,Howard,Home Office,Bronx,NY,EE. UU.
1531,Scott,Consumer,Caguas,PR,Puerto Rico
2017,Mary,Consumer,Perth Amboy,NJ,EE. UU.
6130,Donald,Home Office,Tulare,CA,EE. UU.
4143,Mary,Home Office,Reno,NV,EE. UU.
10515,David,Home Office,New Orleans,LA,EE. UU.
7968,Mary,Consumer,Caguas,PR,Puerto Rico
3910,Mary,Consumer,Caguas,PR,Puerto Rico
3765,Mary,Consumer,Caguas,PR,Puerto Rico
10894,Mary,Home Office,Bellingham,WA,EE. UU.
11554,Hannah,Home Office,San Benito,TX,EE. UU.
7970,Mary,Consumer,Caguas,PR,Puerto Rico
2416,Susan,Consumer,Houston,TX,EE. UU.
1874,Mary,Consumer,Los Angeles,CA,EE. UU.
8209,Gloria,Consumer,Caguas,PR,Puerto Rico
8452,Mary,Home Office,Hendersonville,TN,EE. UU.
1716,Sandra,Home Office,Houston,TX,EE. UU.
9551,Mary,Home Office,New York,NY,EE. UU.
1671,Mary,Consumer,Caguas,PR,Puerto Rico
3107,Tiffany,Corporate,Caguas,PR,Puerto Rico
8968,Mary,Home Office,Buffalo,NY,EE. UU.
7588,Anthony,Home Office,Rochester,NY,EE. UU.
7703,Mary,Consumer,Rancho Cordova,CA,EE. UU.
5280,Mary,Consumer,Caguas,PR,Puerto Rico
9048,Mary,Home Office,Stockton,CA,EE. UU.
6425,Ruth,Home Office,Orlando,FL,EE. UU.
5784,Matthew,Home Office,Antioch,TN,EE. UU.
1735,Mary,Home Office,Carlisle,PA,EE. UU.
11448,Mary,Consumer,Caguas,PR,Puerto Rico
9332,Mary,Consumer,Caguas,PR,Puerto Rico
6175,Mary,Home Office,Caguas,PR,Puerto Rico
12204,Willie,Home Office,Los Angeles,CA,EE. UU.
4288,Mary,Consumer,Carrollton,TX,EE. UU.
884,Mary,Consumer,Florissant,MO,EE. UU.
8303,Ashley,Home Office,Bell Gardens,CA,EE. UU.
5381,Marilyn,Home Office,Los Angeles,CA,EE. UU.
10177,Mary,Consumer,Caguas,PR,Puerto Rico
7198,Mary,Corporate,Caguas,PR,Puerto Rico
6555,Jessica,Home Office,Caguas,PR,Puerto Rico
11860,David,Home Office,New Haven,CT,EE. UU.
8143,Brian,Consumer,Caguas,PR,Puerto Rico
4359,Nathan,Consumer,Brooklyn,NY,EE. UU.
2884,Mary,Corporate,Caguas,PR,Puerto Rico
216,Martha,Home Office,Visalia,CA,EE. UU.
11711,Mary,Home Office,Chicago,IL,EE. UU.
6734,Mary,Home Office,Hialeah,FL,EE. UU.
10855,Megan,Consumer,Caguas,PR,Puerto Rico
8819,Mary,Home Office,Encinitas,CA,EE. UU.
12017,Sandra,Home Office,Dearborn,MI,EE. UU.
2581,Mary,Home Office,Newburgh,NY,EE. UU.
9987,Mary,Consumer,Lodi,CA,EE. UU.
5171,Joan,Consumer,Saint Louis,MO,EE. UU.
10090,Jessica,Home Office,Newark,DE,EE. UU.
4802,Mary,Consumer,Caguas,PR,Puerto Rico
5879,Mary,Home Office,Brooklyn,NY,EE. UU.
215,Mary,Home Office,Flushing,NY,EE. UU.
6929,Mary,Home Office,Pittsfield,MA,EE. UU.
1672,Emily,Home Office,San Bernardino,CA,EE. UU.
2186,Nathan,Consumer,Los Angeles,CA,EE. UU.
6158,Carl,Home Office,Alhambra,CA,EE. UU.
8834,Steven,Home Office,Simi Valley,CA,EE. UU.
1130,Mary,Corporate,Caguas,PR,Puerto Rico
1414,Rebecca,Home Office,Oxnard,CA,EE. UU.
1691,Kimberly,Corporate,Caguas,PR,Puerto Rico
11813,Mary,Corporate,Caguas,PR,Puerto Rico
5632,Douglas,Home Office,Union,NJ,EE. UU.
10259,Mary,Home Office,Virginia Beach,VA,EE. UU.
8815,Mary,Home Office,Pompano Beach,FL,EE. UU.
3707,Mary,Home Office,Caguas,PR,Puerto Rico
3945,Lauren,Home Office,Portland,OR,EE. UU.
10528,Mary,Home Office,Tucson,AZ,EE. UU.
10389,Daniel,Home Office,Caguas,PR,Puerto Rico
6979,Edward,Home Office,Hyattsville,MD,EE. UU.
10314,Andrew,Consumer,Caguas,PR,Puerto Rico
9115,Gary,Home Office,New York,NY,EE. UU.
1200,Rebecca,Home Office,Brooklyn,NY,EE. UU.
2477,Mary,Consumer,Caguas,PR,Puerto Rico
7389,Mary,Consumer,Caguas,PR,Puerto Rico
227,Mary,Home Office,Tempe,AZ,EE. UU.
10396,Steven,Consumer,Elmhurst,IL,EE. UU.
12131,Douglas,Home Office,Everett,WA,EE. UU.
8873,Joshua,Corporate,Caguas,PR,Puerto Rico
10630,Karen,Consumer,Mayaguez,PR,Puerto Rico
11682,Mary,Home Office,La Puente,CA,EE. UU.
4593,Anthony,Home Office,Florissant,MO,EE. UU.
9975,Mary,Home Office,Rochester,NY,EE. UU.
1125,Doris,Consumer,Caguas,PR,Puerto Rico
10030,Lisa,Corporate,Caguas,PR,Puerto Rico
5579,Mary,Home Office,Elgin,IL,EE. UU.
5496,Kevin,Home Office,Kent,WA,EE. UU.
680,Brittany,Home Office,Strongsville,OH,EE. UU.
6396,Frank,Consumer,Caguas,PR,Puerto Rico
11004,Elizabeth,Home Office,Baltimore,MD,EE. UU.
7632,Mary,Home Office,San Antonio,TX,EE. UU.
8160,Mary,Home Office,El Centro,CA,EE. UU.
10841,Mary,Home Office,Memphis,TN,EE. UU.
5454,Mary,Home Office,Ogden,UT,EE. UU.
5581,Mary,Corporate,Caguas,PR,Puerto Rico
2470,Mary,Consumer,Los Angeles,CA,EE. UU.
2807,Brittany,Consumer,Brooklyn,NY,EE. UU.
10644,Larry,Home Office,Caguas,PR,Puerto Rico
9896,Mary,Consumer,Caguas,PR,Puerto Rico
8220,Michael,Home Office,Orlando,FL,EE. UU.
3524,John,Consumer,Lawrenceville,GA,EE. UU.
6445,Emma,Home Office,Strongsville,OH,EE. UU.
11101,Dylan,Home Office,Fresno,CA,EE. UU.
3795,Peter,Corporate,Caguas,PR,Puerto Rico
6195,William,Home Office,Apopka,FL,EE. UU.
1674,Jennifer,Home Office,Bellflower,CA,EE. UU.
2112,Mary,Home Office,Virginia Beach,VA,EE. UU.
8134,Doris,Consumer,Elmhurst,NY,EE. UU.
7868,Michael,Home Office,Gwynn Oak,MD,EE. UU.
1204,Nicole,Home Office,Berwyn,IL,EE. UU.
10814,Carol,Home Office,Washington,DC,EE. UU.
4458,Mary,Consumer,Tonawanda,NY,EE. UU.
5747,Mary,Home Office,San Benito,TX,EE. UU.
2981,Mary,Home Office,Moreno Valley,CA,EE. UU.
7266,Mary,Home Office,Gilroy,CA,EE. UU.
6174,Carl,Home Office,Massapequa,NY,EE. UU.
1267,Sharon,Home Office,Florissant,MO,EE. UU.
5825,Roy,Home Office,San Diego,CA,EE. UU.
10411,Mary,Corporate,Caguas,PR,Puerto Rico
11571,Kimberly,Consumer,Brandon,FL,EE. UU.
4537,Michael,Home Office,Fort Lauderdale,FL,EE. UU.
8477,Jason,Corporate,Caguas,PR,Puerto Rico
2079,Mary,Home Office,Bend,OR,EE. UU.
7977,Frank,Consumer,Caguas,PR,Puerto Rico
11961,Alexander,Home Office,Aurora,IL,EE. UU.
6108,Emma,Home Office,Hanover,PA,EE. UU.
7781,Gregory,Consumer,Caguas,PR,Puerto Rico
3151,Mary,Home Office,Aurora,IL,EE. UU.
9927,Mary,Consumer,Miami,FL,EE. UU.
7934,Paul,Home Office,Davis,CA,EE. UU.
10704,Judith,Home Office,Westminster,CA,EE. UU.
887,Brian,Home Office,Reseda,CA,EE. UU.
2286,Mary,Home Office,Baltimore,MD,EE. UU.
9976,Jeffrey,Corporate,Caguas,PR,Puerto Rico
485,Mary,Consumer,Caguas,PR,Puerto Rico
3237,James,Consumer,Caguas,PR,Puerto Rico
9242,Martha,Home Office,Fayetteville,NC,EE. UU.
4375,Stephanie,Home Office,Cleveland,OH,EE. UU.
8578,Kevin,Consumer,Caguas,PR,Puerto Rico
3930,Mary,Consumer,Caguas,PR,Puerto Rico
2558,George,Corporate,Modesto,CA,EE. UU.
11171,Richard,Consumer,Caguas,PR,Puerto Rico
220,Janet,Consumer,Salinas,CA,EE. UU.
2241,Katherine,Home Office,Bolingbrook,IL,EE. UU.
510,Joseph,Home Office,Hialeah,FL,EE. UU.
4360,Mary,Consumer,Ypsilanti,MI,EE. UU.
1351,Mary,Corporate,Caguas,PR,Puerto Rico
11524,Phillip,Consumer,Caguas,PR,Puerto Rico
9094,Mary,Consumer,Caguas,PR,Puerto Rico
10977,Debra,Consumer,Caguas,PR,Puerto Rico
7058,Megan,Consumer,Caguas,PR,Puerto Rico
7181,Jean,Consumer,Sumner,WA,EE. UU.
9364,Jessica,Home Office,Jamaica,NY,EE. UU.
10480,Robert,Home Office,Chicago,IL,EE. UU.
3943,Mary,Home Office,Lawrence,MA,EE. UU.
6694,John,Corporate,Caguas,PR,Puerto Rico
3618,Linda,Consumer,Caguas,PR,Puerto Rico
5679,Mary,Home Office,Plymouth,MA,EE. UU.
739,Daniel,Home Office,Los Angeles,CA,EE. UU.
11615,Mary,Home Office,Lake Forest,CA,EE. UU.
6107,Mary,Home Office,Chicago,IL,EE. UU.
10771,Aaron,Consumer,Caguas,PR,Puerto Rico
29,Mary,Consumer,Fort Worth,TX,EE. UU.
9328,Mary,Home Office,Moreno Valley,CA,EE. UU.
6697,William,Home Office,Carlisle,PA,EE. UU.
4760,Cynthia,Home Office,Chicago,IL,EE. UU.
9192,Mary,Home Office,Chicago,IL,EE. UU.
10335,Heather,Consumer,Caguas,PR,Puerto Rico
6572,Mary,Consumer,Caguas,PR,Puerto Rico
4358,Joseph,Corporate,Caguas,PR,Puerto Rico
1105,Mary,Consumer,Wyandotte,MI,EE. UU.
1009,John,Home Office,Eagle Pass,TX,EE. UU.
6389,Mary,Home Office,Portland,OR,EE. UU.
6826,Jerry,Home Office,Staten Island,NY,EE. UU.
3573,Virginia,Consumer,Caguas,PR,Puerto Rico
7861,Susan,Home Office,Compton,CA,EE. UU.
1211,Mary,Consumer,Los Angeles,CA,EE. UU.
2308,Mary,Consumer,Austin,TX,EE. UU.
7525,Melissa,Consumer,Caguas,PR,Puerto Rico
3633,Mary,Consumer,El Paso,TX,EE. UU.
6070,Debra,Consumer,Caguas,PR,Puerto Rico
2483,Mary,Home Office,Brooklyn,NY,EE. UU.
4831,Mary,Corporate,Caguas,PR,Puerto Rico
10844,Mary,Home Office,Granada Hills,CA,EE. UU.
1729,Gregory,Consumer,Caguas,PR,Puerto Rico
8543,Mary,Consumer,Caguas,PR,Puerto Rico
9254,Mary,Consumer,Caguas,PR,Puerto Rico
1201,Mary,Consumer,Caguas,PR,Puerto Rico
9643,Olivia,Consumer,Caguas,PR,Puerto Rico
3030,Mary,Consumer,Caguas,PR,Puerto Rico
4910,Raymond,Consumer,Caguas,PR,Puerto Rico
1681,Cynthia,Consumer,Caguas,PR,Puerto Rico
7921,James,Consumer,Caguas,PR,Puerto Rico
3493,Joseph,Consumer,Caguas,PR,Puerto Rico
9998,David,Consumer,Caguas,PR,Puerto Rico
709,Matthew,Consumer,Caguas,PR,Puerto Rico
9404,Patricia,Consumer,Caguas,PR,Puerto Rico
9578,Robert,Consumer,Caguas,PR,Puerto Rico
8249,Mary,Consumer,Caguas,PR,Puerto Rico
7384,Mary,Consumer,Caguas,PR,Puerto Rico
2014,Nancy,Consumer,Caguas,PR,Puerto Rico
2759,Carolyn,Consumer,Caguas,PR,Puerto Rico
12236,Howard,Consumer,Caguas,PR,Puerto Rico
839,Lisa,Consumer,Caguas,PR,Puerto Rico
10294,Mary,Consumer,Caguas,PR,Puerto Rico
382,Mary,Consumer,Caguas,PR,Puerto Rico
3363,Grace,Consumer,Caguas,PR,Puerto Rico
3838,Joseph,Consumer,Caguas,PR,Puerto Rico
12001,Christopher,Consumer,Caguas,PR,Puerto Rico
11771,Donald,Consumer,Caguas,PR,Puerto Rico
9521,George,Consumer,Caguas,PR,Puerto Rico
6094,Gerald,Consumer,Caguas,PR,Puerto Rico
11865,Marilyn,Consumer,San Sebastian,PR,Puerto Rico
12270,Dylan,Consumer,Caguas,PR,Puerto Rico
10840,Betty,Consumer,Caguas,PR,Puerto Rico
4304,Joe,Consumer,Caguas,PR,Puerto Rico
5950,Mary,Consumer,Caguas,PR,Puerto Rico
5980,Betty,Consumer,Caguas,PR,Puerto Rico
11264,George,Consumer,Caguas,PR,Puerto Rico
4608,Mary,Consumer,Caguas,PR,Puerto Rico
10743,John,Consumer,Caguas,PR,Puerto Rico
604,Mary,Consumer,Caguas,PR,Puerto Rico
11751,Mary,Consumer,Caguas,PR,Puerto Rico
10244,Emily,Consumer,Caguas,PR,Puerto Rico
1856,Rebecca,Consumer,Caguas,PR,Puerto Rico
5269,Mary,Consumer,Caguas,PR,Puerto Rico
11941,Jeffrey,Consumer,Cayey,PR,Puerto Rico
729,Andrew,Consumer,Caguas,PR,Puerto Rico
9245,Joshua,Consumer,Caguas,PR,Puerto Rico
10729,Mary,Consumer,Caguas,PR,Puerto Rico
584,Tyler,Consumer,Caguas,PR,Puerto Rico
9641,Mary,Consumer,Caguas,PR,Puerto Rico
9275,Jason,Consumer,Caguas,PR,Puerto Rico
6633,Roger,Consumer,Caguas,PR,Puerto Rico
10181,Mary,Consumer,Caguas,PR,Puerto Rico
7767,Mary,Consumer,Caguas,PR,Puerto Rico
7304,William,Consumer,Caguas,PR,Puerto Rico
2332,Christopher,Consumer,Caguas,PR,Puerto Rico
5757,Zachary,Consumer,Caguas,PR,Puerto Rico
9431,Lauren,Consumer,Caguas,PR,Puerto Rico
7380,Michelle,Consumer,Caguas,PR,Puerto Rico
1877,Mary,Consumer,Caguas,PR,Puerto Rico
10677,Mary,Consumer,Caguas,PR,Puerto Rico
13098,Whoopi,Consumer,Caguas,PR,Puerto Rico
9421,Julia,Consumer,Caguas,PR,Puerto Rico
14221,Olga,Consumer,Caguas,PR,Puerto Rico
14576,Jillian,Consumer,Caguas,PR,Puerto Rico
14468,Mikayla,Consumer,Caguas,PR,Puerto Rico
14431,Dominique,Consumer,Caguas,PR,Puerto Rico
14273,Kelly,Consumer,Caguas,PR,Puerto Rico
14501,Rachel,Consumer,Caguas,PR,Puerto Rico
13000,Vivian,Consumer,Caguas,PR,Puerto Rico
14198,Kirsten,Consumer,Caguas,PR,Puerto Rico
14266,Nayda,Consumer,Caguas,PR,Puerto Rico
13247,Brianna,Consumer,Caguas,PR,Puerto Rico
13013,Ingrid,Consumer,Caguas,PR,Puerto Rico
13134,Carol,Consumer,Caguas,PR,Puerto Rico
12317,Shawn,Consumer,Caguas,PR,Puerto Rico
13931,Callie,Consumer,Caguas,PR,Puerto Rico
10902,Mary,Consumer,Caguas,PR,Puerto Rico
4253,Maria,Consumer,Caguas,PR,Puerto Rico
13820,Madeson,Consumer,Caguas,PR,Puerto Rico
14727,Brianna,Consumer,Caguas,PR,Puerto Rico
12769,Mary,Consumer,Caguas,PR,Puerto Rico
8639,Mary,Consumer,Caguas,PR,Puerto Rico
12110,Lisa,Consumer,Caguas,PR,Puerto Rico
13829,Roanna,Consumer,Caguas,PR,Puerto Rico
11436,Mary,Consumer,Caguas,PR,Puerto Rico
3789,Mary,Consumer,Caguas,PR,Puerto Rico
5093,Sara,Consumer,Caguas,PR,Puerto Rico
8007,Nicholas,Consumer,Caguas,PR,Puerto Rico
3393,Nathan,Consumer,Caguas,PR,Puerto Rico
11297,Mary,Consumer,Caguas,PR,Puerto Rico
3227,Mary,Consumer,Caguas,PR,Puerto Rico
6147,Danielle,Consumer,Caguas,PR,Puerto Rico
12475,Britanney,Consumer,Caguas,PR,Puerto Rico
15084,Zelda,Consumer,Caguas,PR,Puerto Rico
14935,Ivy,Consumer,Caguas,PR,Puerto Rico
7776,Julie,Consumer,Caguas,PR,Puerto Rico
1206,Tammy,Consumer,Caguas,PR,Puerto Rico
5793,Margaret,Consumer,Caguas,PR,Puerto Rico
6799,Mary,Consumer,Caguas,PR,Puerto Rico
2103,Megan,Consumer,Caguas,PR,Puerto Rico
3323,Megan,Consumer,Caguas,PR,Puerto Rico
8864,Mary,Consumer,Caguas,PR,Puerto Rico
10171,Kevin,Consumer,Caguas,PR,Puerto Rico
11019,Mary,Consumer,Caguas,PR,Puerto Rico
6902,Melissa,Consumer,Caguas,PR,Puerto Rico
9207,Mary,Consumer,Caguas,PR,Puerto Rico
18132,Gisela,Consumer,Caguas,PR,Puerto Rico
17888,Idola,Consumer,Caguas,PR,Puerto Rico
18121,Sybill,Consumer,Caguas,PR,Puerto Rico
16501,Lucy,Consumer,Caguas,PR,Puerto Rico
16499,Blair,Consumer,Caguas,PR,Puerto Rico
16624,Briar,Consumer,Caguas,PR,Puerto Rico
15914,Sybill,Consumer,Caguas,PR,Puerto Rico
15829,Amity,Consumer,Caguas,PR,Puerto Rico
12361,Janet,Consumer,Caguas,PR,Puerto Rico
503,Rachel,Consumer,Caguas,PR,Puerto Rico
9724,Mary,Consumer,Caguas,PR,Puerto Rico
18373,Oprah,Consumer,Caguas,PR,Puerto Rico
1624,Walter,Consumer,Caguas,PR,Puerto Rico
18282,Simone,Consumer,Caguas,PR,Puerto Rico
3401,Sara,Consumer,Caguas,PR,Puerto Rico
3258,Mary,Consumer,Caguas,PR,Puerto Rico
17266,Kelly,Consumer,Caguas,PR,Puerto Rico
20456,Irene,Consumer,Caguas,PR,Puerto Rico
17440,Ciara,Consumer,Caguas,PR,Puerto Rico
8085,John,Consumer,Caguas,PR,Puerto Rico
6893,Deborah,Consumer,Caguas,PR,Puerto Rico
6464,Wayne,Consumer,Caguas,PR,Puerto Rico
9400,Bruce,Consumer,Caguas,PR,Puerto Rico
15581,Lacota,Consumer,Caguas,PR,Puerto Rico
15561,Cynthia,Consumer,Caguas,PR,Puerto Rico
1951,Joseph,Consumer,Caguas,PR,Puerto Rico
385,Mary,Consumer,Caguas,PR,Puerto Rico
17542,Virginia,Consumer,Caguas,PR,Puerto Rico
18929,Tatum,Consumer,Caguas,PR,Puerto Rico
15187,Azalia,Consumer,Caguas,PR,Puerto Rico
18566,Nicole,Consumer,Caguas,PR,Puerto Rico
20358,Tamara,Consumer,Caguas,PR,Puerto Rico
20354,Blossom,Consumer,Caguas,PR,Puerto Rico
20029,Madonna,Consumer,Caguas,PR,Puerto Rico
4920,Gloria,Consumer,Caguas,PR,Puerto Rico
6641,Debra,Consumer,Caguas,PR,Puerto Rico
4068,Linda,Consumer,Caguas,PR,Puerto Rico
1791,Brian,Consumer,Caguas,PR,Puerto Rico
9806,Robert,Consumer,Caguas,PR,Puerto Rico
1308,Mary,Consumer,Caguas,PR,Puerto Rico
10107,Douglas,Consumer,Caguas,PR,Puerto Rico
11915,Janet,Consumer,Caguas,PR,Puerto Rico
5720,Peter,Consumer,Caguas,PR,Puerto Rico
90,Mary,Consumer,Caguas,PR,Puerto Rico
9109,Mary,Consumer,Caguas,PR,Puerto Rico
11545,Mary,Consumer,Caguas,PR,Puerto Rico
9568,Janice,Consumer,Caguas,PR,Puerto Rico
3870,Willie,Consumer,Caguas,PR,Puerto Rico
3540,Nicole,Consumer,Caguas,PR,Puerto Rico
6004,Mary,Consumer,Caguas,PR,Puerto Rico
6931,Nicole,Consumer,Caguas,PR,Puerto Rico
14326,Geraldine,Consumer,Caguas,PR,Puerto Rico
13433,Christine,Consumer,Caguas,PR,Puerto Rico
14178,Eugenia,Consumer,Caguas,PR,Puerto Rico
14602,Stella,Consumer,Caguas,PR,Puerto Rico
14262,Fatima,Consumer,Caguas,PR,Puerto Rico
14135,Michelle,Consumer,Caguas,PR,Puerto Rico
13751,Sacha,Consumer,Caguas,PR,Puerto Rico
13929,Felicia,Consumer,Caguas,PR,Puerto Rico
14764,Katelyn,Consumer,Caguas,PR,Puerto Rico
10665,Sean,Consumer,Caguas,PR,Puerto Rico
12717,Madonna,Consumer,Juana Diaz,PR,Puerto Rico
12582,Risa,Consumer,Caguas,PR,Puerto Rico
15116,Emma,Consumer,Caguas,PR,Puerto Rico
3922,Elizabeth,Consumer,Caguas,PR,Puerto Rico
7081,Mary,Consumer,Caguas,PR,Puerto Rico
12803,Cora,Corporate,San Francisco,CA,EE. UU.
13560,Nyssa,Corporate,Granite City,IL,EE. UU.
13812,Brynn,Corporate,Brooklyn,NY,EE. UU.
14830,Remedios,Corporate,Rego Park,NY,EE. UU.
13919,Ursa,Corporate,Marietta,GA,EE. UU.
13541,Myra,Corporate,Wyandotte,MI,EE. UU.
12765,Bo,Corporate,Miami,FL,EE. UU.
6807,Gloria,Corporate,Davis,CA,EE. UU.
5931,Mary,Corporate,Compton,CA,EE. UU.
12408,Randy,Corporate,Fort Worth,TX,EE. UU.
12559,Tatyana,Corporate,Bend,OR,EE. UU.
12450,Blaine,Corporate,Pico Rivera,CA,EE. UU.
12701,Claire,Corporate,Dubuque,IA,EE. UU.
12572,India,Corporate,Lynn,MA,EE. UU.
12518,Deanna,Corporate,San Antonio,TX,EE. UU.
12553,Octavia,Corporate,La Crosse,WI,EE. UU.
12660,Dawn,Corporate,Wheeling,WV,EE. UU.
12515,Imogene,Corporate,Knoxville,TN,EE. UU.
12442,Leilani,Corporate,Passaic,NJ,EE. UU.
12744,Indira,Corporate,South Ozone Park,NY,EE. UU.
12527,Hedy,Corporate,Spring,TX,EE. UU.
15105,Aphrodite,Corporate,Costa Mesa,CA,EE. UU.
12847,Unity,Corporate,Washington,DC,EE. UU.
14958,Kim,Corporate,York,PA,EE. UU.
12951,Dacey,Corporate,Stockbridge,GA,EE. UU.
15080,Ann,Corporate,Brooklyn,NY,EE. UU.
15006,Myra,Corporate,Bronx,NY,EE. UU.
12874,Lara,Corporate,Carlsbad,CA,EE. UU.
14968,Willow,Corporate,Carrollton,TX,EE. UU.
15075,Faith,Corporate,Los Angeles,CA,EE. UU.
14930,Pascale,Corporate,Reynoldsburg,OH,EE. UU.
15128,Xena,Corporate,Pharr,TX,EE. UU.
12872,Violet,Corporate,Tampa,FL,EE. UU.
12943,Wanda,Corporate,Simi Valley,CA,EE. UU.
15091,Aphrodite,Corporate,Lancaster,CA,EE. UU.
15073,Natalie,Corporate,Hampton,VA,EE. UU.
12887,Katelyn,Corporate,Asheboro,NC,EE. UU.
14342,Clare,Corporate,Lutz,FL,EE. UU.
14249,Alma,Corporate,Katy,TX,EE. UU.
14418,Marah,Corporate,Washington,PA,EE. UU.
12971,Alma,Corporate,Bronx,NY,EE. UU.
14277,Leigh,Corporate,Cleveland,OH,EE. UU.
14023,Lacy,Corporate,Dearborn,MI,EE. UU.
14784,Montana,Corporate,El Paso,TX,EE. UU.
13964,Neve,Corporate,Reno,NV,EE. UU.
14874,Oprah,Corporate,Brooklyn,NY,EE. UU.
13562,Fredericka,Corporate,New York,NY,EE. UU.
13649,Cathleen,Corporate,Eugene,OR,EE. UU.
14864,Desiree,Corporate,Carmichael,CA,EE. UU.
13701,Eleanor,Corporate,San Francisco,CA,EE. UU.
7147,Kenneth,Corporate,La Crosse,WI,EE. UU.
12481,Moana,Corporate,Denver,CO,EE. UU.
12634,Phyllis,Corporate,Lancaster,PA,EE. UU.
8878,Mary,Corporate,Waipahu,HI,EE. UU.
7930,Rebecca,Corporate,Pompano Beach,FL,EE. UU.
8765,Gary,Corporate,College Station,TX,EE. UU.
2371,Barbara,Corporate,Baytown,TX,EE. UU.
9601,Olivia,Corporate,Apex,NC,EE. UU.
18039,Irma,Corporate,North Tonawanda,NY,EE. UU.
18128,Xena,Corporate,Newburgh,NY,EE. UU.
18140,Veronica,Corporate,Irwin,PA,EE. UU.
16611,Shellie,Corporate,Westland,MI,EE. UU.
19071,Lydia,Corporate,Madison,WI,EE. UU.
19124,Ria,Corporate,Clementon,NJ,EE. UU.
16429,Lara,Corporate,Valrico,FL,EE. UU.
16393,Bertha,Corporate,Cumberland,MD,EE. UU.
16608,Miriam,Corporate,Aurora,CO,EE. UU.
16482,Ayanna,Corporate,Wyandotte,MI,EE. UU.
16463,Alexis,Corporate,San Francisco,CA,EE. UU.
16535,Sloane,Corporate,Flushing,NY,EE. UU.
19048,Lynn,Corporate,Bismarck,ND,EE. UU.
19137,Nayda,Corporate,Clearfield,UT,EE. UU.
19136,Iola,Corporate,North Hills,CA,EE. UU.
16385,Bree,Corporate,Philadelphia,PA,EE. UU.
19115,Nelle,Corporate,Panorama City,CA,EE. UU.
16420,Hilary,Corporate,Kent,WA,EE. UU.
19131,Josephine,Corporate,Yonkers,NY,EE. UU.
16418,Shea,Corporate,Dallas,TX,EE. UU.
16490,Rowan,Corporate,Austin,TX,EE. UU.
16614,Cathleen,Corporate,Miami,FL,EE. UU.
16488,Rylee,Corporate,Columbus,GA,EE. UU.
16524,Charde,Corporate,Salt Lake City,UT,EE. UU.
16486,Ila,Corporate,Brooklyn,NY,EE. UU.
15808,Audrey,Corporate,Princeton,NJ,EE. UU.
18754,Quynn,Corporate,Douglasville,GA,EE. UU.
15843,Emma,Corporate,Clovis,CA,EE. UU.
15805,Heidi,Corporate,Rome,NY,EE. UU.
15715,Martena,Corporate,Bronx,NY,EE. UU.
15678,Brianna,Corporate,El Cajon,CA,EE. UU.
15822,Genevieve,Corporate,Laredo,TX,EE. UU.
15820,Emma,Corporate,Pasadena,MD,EE. UU.
15856,Nelle,Corporate,Catonsville,MD,EE. UU.
15872,Rose,Corporate,Palatine,IL,EE. UU.
15834,Xerxes,Corporate,Plano,TX,EE. UU.
15780,Alma,Corporate,Virginia Beach,VA,EE. UU.
18798,Zelda,Corporate,Miami,FL,EE. UU.
15847,Ifeoma,Corporate,Salina,KS,EE. UU.
15810,Mechelle,Corporate,Chicago,IL,EE. UU.
11353,Mary,Corporate,Temecula,CA,EE. UU.
17685,Iona,Corporate,Lancaster,CA,EE. UU.
17667,Illana,Corporate,Hampton,VA,EE. UU.
20661,Lani,Corporate,Marrero,LA,EE. UU.
18031,Darryl,Corporate,Compton,CA,EE. UU.
16056,Kylie,Corporate,Aurora,CO,EE. UU.
20426,Joan,Corporate,Phoenix,AZ,EE. UU.
20444,Natalie,Corporate,Mesquite,TX,EE. UU.
17701,Sybil,Corporate,Portland,OR,EE. UU.
20425,Basia,Corporate,Bay Shore,NY,EE. UU.
15928,Jael,Corporate,Campbell,CA,EE. UU.
17413,Kay,Corporate,Westerville,OH,EE. UU.
18029,Taylor,Corporate,Glendale,AZ,EE. UU.
12358,Mary,Home Office,Caguas,PR,Puerto Rico
9186,Mary,Home Office,Long Beach,CA,EE. UU.
4109,Scott,Home Office,Baltimore,MD,EE. UU.
7276,Pamela,Consumer,Caguas,PR,Puerto Rico
646,Tammy,Consumer,Ann Arbor,MI,EE. UU.
8344,Daniel,Consumer,Santa Fe,NM,EE. UU.
203,Madison,Home Office,Phoenix,AZ,EE. UU.
5521,Mary,Home Office,West Chester,PA,EE. UU.
6412,Mary,Home Office,Las Vegas,NV,EE. UU.
10950,Mary,Home Office,Charlotte,NC,EE. UU.
11180,Lisa,Home Office,Caguas,PR,Puerto Rico
848,Mary,Consumer,Los Angeles,CA,EE. UU.
4367,Danielle,Home Office,Springfield,MO,EE. UU.
6665,Anthony,Consumer,Caguas,PR,Puerto Rico
3502,Mary,Home Office,Antioch,CA,EE. UU.
9950,Ralph,Home Office,Honolulu,HI,EE. UU.
3097,Douglas,Consumer,Caguas,PR,Puerto Rico
3048,Mary,Consumer,Chula Vista,CA,EE. UU.
10789,Kimberly,Consumer,Pompano Beach,FL,EE. UU.
10217,Rose,Home Office,Caguas,PR,Puerto Rico
1964,Sara,Consumer,Bakersfield,CA,EE. UU.
8276,Jordan,Consumer,Longmont,CO,EE. UU.
12152,Mary,Home Office,Harlingen,TX,EE. UU.
9423,Andrew,Consumer,San Diego,CA,EE. UU.
7517,Anna,Consumer,Caguas,PR,Puerto Rico
565,Christian,Home Office,San Francisco,CA,EE. UU.
6551,Mary,Consumer,Fresno,CA,EE. UU.
12162,Larry,Home Office,North Hollywood,CA,EE. UU.
6084,Mary,Home Office,Mission Viejo,CA,EE. UU.
11529,Mary,Home Office,West Covina,CA,EE. UU.
9840,Mary,Home Office,Pomona,CA,EE. UU.
1003,Tyler,Consumer,Ann Arbor,MI,EE. UU.
3836,Nicholas,Home Office,Chesapeake,VA,EE. UU.
8381,Mary,Home Office,Lockport,IL,EE. UU.
2038,Tammy,Consumer,Caguas,PR,Puerto Rico
5081,Elizabeth,Home Office,Oregon City,OR,EE. UU.
5149,Marilyn,Corporate,Caguas,PR,Puerto Rico
6573,Joseph,Home Office,Brockton,MA,EE. UU.
3416,Mary,Home Office,Houston,TX,EE. UU.
6315,Mary,Home Office,Carlsbad,CA,EE. UU.
2117,Hannah,Corporate,Caguas,PR,Puerto Rico
9071,Janice,Home Office,Victorville,CA,EE. UU.
3015,Alice,Consumer,Rio Grande,PR,Puerto Rico
7823,Amber,Home Office,Victorville,CA,EE. UU.
1059,Mary,Home Office,Jacksonville,FL,EE. UU.
11816,Tammy,Home Office,New York,NY,EE. UU.
1995,Janice,Consumer,Caguas,PR,Puerto Rico
3962,Kyle,Corporate,Caguas,PR,Puerto Rico
2448,Mildred,Home Office,Corona,NY,EE. UU.
11130,Mary,Consumer,Oceanside,CA,EE. UU.
7515,Mary,Home Office,El Paso,TX,EE. UU.
8117,Mary,Consumer,Caguas,PR,Puerto Rico
2822,James,Consumer,Caguas,PR,Puerto Rico
8641,David,Corporate,Caguas,PR,Puerto Rico
1289,Mary,Home Office,Virginia Beach,VA,EE. UU.
9721,Mary,Home Office,Bronx,NY,EE. UU.
3068,Margaret,Consumer,Lansdale,PA,EE. UU.
10414,William,Consumer,Eugene,OR,EE. UU.
11679,Mary,Home Office,San Pablo,CA,EE. UU.
723,Mary,Home Office,Richmond,VA,EE. UU.
557,Mary,Consumer,Waipahu,HI,EE. UU.
304,Christopher,Home Office,New Haven,CT,EE. UU.
6276,Mary,Home Office,Chicago,IL,EE. UU.
2658,Sara,Consumer,Weslaco,TX,EE. UU.
9743,David,Home Office,San Francisco,CA,EE. UU.
5746,Julie,Home Office,Yonkers,NY,EE. UU.
1433,Mary,Home Office,Fairfield,CA,EE. UU.
8764,Mary,Home Office,Peoria,AZ,EE. UU.
8722,Mary,Consumer,Chicago,IL,EE. UU.
8241,Betty,Consumer,Louisville,KY,EE. UU.
6824,Ashley,Home Office,Escondido,CA,EE. UU.
2127,Joshua,Consumer,Honolulu,HI,EE. UU.
2295,Mary,Consumer,Clarksville,TN,EE. UU.
9809,Mary,Consumer,Parkville,MD,EE. UU.
9080,Mary,Home Office,Chicago,IL,EE. UU.
9021,Jane,Consumer,Woodbridge,VA,EE. UU.
2482,Gerald,Home Office,Riverside,CA,EE. UU.
10019,Victoria,Home Office,Rome,NY,EE. UU.
7782,Mary,Consumer,Richmond,KY,EE. UU.
63,Aaron,Home Office,Caguas,PR,Puerto Rico
10604,Jennifer,Home Office,Fayetteville,NC,EE. UU.
6769,Katherine,Home Office,Walnut,CA,EE. UU.
5532,Mary,Home Office,Rowland Heights,CA,EE. UU.
5395,Mary,Home Office,San Antonio,TX,EE. UU.
3392,Victoria,Home Office,Los Angeles,CA,EE. UU.
1655,Arthur,Home Office,Caguas,PR,Puerto Rico
8111,Jesse,Home Office,Pompano Beach,FL,EE. UU.
11402,Angela,Home Office,Newark,DE,EE. UU.
9759,Catherine,Home Office,Houston,TX,EE. UU.
10694,Mary,Consumer,Caguas,PR,Puerto Rico
10981,Mary,Home Office,Lancaster,CA,EE. UU.
3231,Melissa,Home Office,Mechanicsburg,PA,EE. UU.
862,Richard,Home Office,San Antonio,TX,EE. UU.
4944,George,Consumer,Trujillo Alto,PR,Puerto Rico
855,Mary,Consumer,Caguas,PR,Puerto Rico
4313,Margaret,Corporate,Caguas,PR,Puerto Rico
9301,Linda,Home Office,New Bedford,MA,EE. UU.
5634,Carl,Home Office,Lynn,MA,EE. UU.
2126,James,Consumer,Caguas,PR,Puerto Rico
12105,Tammy,Consumer,Los Angeles,CA,EE. UU.
8846,Thomas,Consumer,Indio,CA,EE. UU.
3081,Bruce,Home Office,Columbus,OH,EE. UU.
8068,Larry,Consumer,Philadelphia,PA,EE. UU.
8168,Ashley,Consumer,Caguas,PR,Puerto Rico
5345,Mary,Home Office,Newburgh,NY,EE. UU.
2928,Sarah,Home Office,Saint Paul,MN,EE. UU.
8600,Judith,Home Office,Honolulu,HI,EE. UU.
11452,Kathleen,Home Office,Hollywood,FL,EE. UU.
3918,Mary,Corporate,Caguas,PR,Puerto Rico
10775,Mary,Consumer,Caguas,PR,Puerto Rico
6197,Dennis,Consumer,San Sebastian,PR,Puerto Rico
696,Mary,Consumer,Caguas,PR,Puerto Rico
3604,Alexander,Home Office,Fullerton,CA,EE. UU.
1823,Mary,Home Office,Jacksonville,FL,EE. UU.
8944,Mary,Home Office,Los Angeles,CA,EE. UU.
2635,Victoria,Consumer,Baytown,TX,EE. UU.
6111,Cynthia,Home Office,Clarksville,TN,EE. UU.
6673,Nancy,Consumer,Caguas,PR,Puerto Rico
3641,Thomas,Consumer,Miami,FL,EE. UU.
892,Laura,Home Office,Mesquite,TX,EE. UU.
3684,Patrick,Home Office,Dallas,TX,EE. UU.
3742,Samuel,Home Office,Cupertino,CA,EE. UU.
3080,Mary,Home Office,Lancaster,OH,EE. UU.
9422,Mary,Home Office,Gaithersburg,MD,EE. UU.
10580,Andrew,Home Office,Poway,CA,EE. UU.
1420,Elizabeth,Home Office,Las Vegas,NV,EE. UU.
10916,Randy,Home Office,Corona,CA,EE. UU.
2440,Virginia,Home Office,Alhambra,CA,EE. UU.
3193,Joshua,Home Office,Westland,MI,EE. UU.
5546,Jeremy,Corporate,Caguas,PR,Puerto Rico
8934,Mary,Consumer,Lancaster,PA,EE. UU.
4416,Crystal,Home Office,Dallas,TX,EE. UU.
12126,Phillip,Home Office,East Lansing,MI,EE. UU.
4428,Mary,Corporate,Caguas,PR,Puerto Rico
9624,Ann,Corporate,Caguas,PR,Puerto Rico
4534,Mary,Consumer,Caguas,PR,Puerto Rico
4207,Linda,Consumer,Caguas,PR,Puerto Rico
5442,Judy,Home Office,Chicago,IL,EE. UU.
4261,Amber,Home Office,Canton,MI,EE. UU.
7937,Mary,Consumer,Asheboro,NC,EE. UU.
561,Ralph,Corporate,Caguas,PR,Puerto Rico
2326,Charles,Consumer,Chicago,IL,EE. UU.
6976,Debra,Home Office,Tulare,CA,EE. UU.
9940,Aaron,Home Office,San Diego,CA,EE. UU.
11744,Mary,Home Office,West Orange,NJ,EE. UU.
4804,Mary,Corporate,Jacksonville,FL,EE. UU.
8494,Mary,Corporate,Chandler,AZ,EE. UU.
945,Carl,Corporate,Indio,CA,EE. UU.
623,Judith,Home Office,Tempe,AZ,EE. UU.
13435,Xerxes,Home Office,Saint Paul,MN,EE. UU.
14445,Kim,Home Office,Opa Locka,FL,EE. UU.
13017,Freya,Home Office,West New York,NJ,EE. UU.
14338,Illiana,Home Office,Elyria,OH,EE. UU.
14405,Emma,Home Office,La Crosse,WI,EE. UU.
3273,Mary,Home Office,Sunnyvale,CA,EE. UU.
9552,Richard,Home Office,Las Vegas,NV,EE. UU.
12429,Mary,Home Office,Gardena,CA,EE. UU.
13843,Aretha,Home Office,Bronx,NY,EE. UU.
1365,Evelyn,Home Office,Corona,NY,EE. UU.
13591,Kimberley,Home Office,Greeley,CO,EE. UU.
11721,Karen,Home Office,Saint Louis,MO,EE. UU.
3384,Mary,Home Office,Pasadena,MD,EE. UU.
3878,Barbara,Home Office,Orlando,FL,EE. UU.
3925,Mary,Home Office,Brooklyn,NY,EE. UU.
11491,David,Home Office,Virginia Beach,VA,EE. UU.
12326,Mary,Home Office,Los Angeles,CA,EE. UU.
9951,Mary,Home Office,Clovis,CA,EE. UU.
2704,Aaron,Home Office,Fontana,CA,EE. UU.
6818,Angela,Home Office,Carson,CA,EE. UU.
12684,Courtney,Home Office,Houston,TX,EE. UU.
14988,Rylee,Home Office,Mount Prospect,IL,EE. UU.
14934,Kaitlin,Home Office,Salem,OR,EE. UU.
3796,Mary,Home Office,Pompano Beach,FL,EE. UU.
1998,Mary,Home Office,Greeley,CO,EE. UU.
9143,Tyler,Home Office,Wheeling,WV,EE. UU.
2430,Michelle,Home Office,Dallas,TX,EE. UU.
10943,Mary,Home Office,Plano,TX,EE. UU.
9030,Raymond,Home Office,Ontario,CA,EE. UU.
11528,Kathleen,Home Office,Glen Burnie,MD,EE. UU.
4639,Kevin,Home Office,Los Angeles,CA,EE. UU.
4676,Donna,Home Office,Reseda,CA,EE. UU.
521,James,Home Office,Portland,OR,EE. UU.
1889,Mary,Home Office,Smyrna,GA,EE. UU.
18207,Olivia,Home Office,Irvington,NJ,EE. UU.
19163,Cassandra,Home Office,Los Angeles,CA,EE. UU.
1277,Patrick,Home Office,Beloit,WI,EE. UU.
10536,Michelle,Home Office,Medford,MA,EE. UU.
20751,Shelley,Home Office,Philadelphia,PA,EE. UU.
11841,Virginia,Home Office,Lancaster,SC,EE. UU.
20496,Briar,Home Office,Wyoming,MI,EE. UU.
11849,Mary,Home Office,Bellingham,WA,EE. UU.
15981,Simone,Home Office,Rochester,NY,EE. UU.
10628,Mary,Home Office,Ontario,CA,EE. UU.
18345,Lareina,Home Office,Woodbridge,VA,EE. UU.
20741,Carissa,Home Office,Detroit,MI,EE. UU.
15918,Karina,Home Office,Richmond,VA,EE. UU.
9416,Linda,Home Office,Virginia Beach,VA,EE. UU.
11465,Mary,Home Office,Union City,CA,EE. UU.
3864,David,Home Office,Laredo,TX,EE. UU.
7368,Hannah,Home Office,Portland,OR,EE. UU.
15311,Samantha,Home Office,Danbury,CT,EE. UU.
175,Ronald,Home Office,Los Angeles,CA,EE. UU.
20154,Kendall,Home Office,Brooklyn,NY,EE. UU.
7048,Mary,Home Office,Salt Lake City,UT,EE. UU.
4595,Christian,Home Office,San Diego,CA,EE. UU.
262,Mary,Home Office,Chicago,IL,EE. UU.
10133,Alexander,Home Office,Buffalo,NY,EE. UU.
8013,Mary,Home Office,Fond Du Lac,WI,EE. UU.
5448,Kelly,Home Office,Miami,FL,EE. UU.
534,Mary,Home Office,Baldwin Park,CA,EE. UU.
634,Jack,Home Office,Riverside,CA,EE. UU.
9298,John,Home Office,Hollywood,FL,EE. UU.
2288,Kathleen,Home Office,Indio,CA,EE. UU.
11147,Mary,Home Office,Watsonville,CA,EE. UU.
8081,Mary,Home Office,San Jose,CA,EE. UU.
8466,Mary,Home Office,Bartlett,IL,EE. UU.
9300,Mary,Home Office,Enfield,CT,EE. UU.
2904,Lisa,Home Office,Mesa,AZ,EE. UU.
3357,Mary,Home Office,Lutz,FL,EE. UU.
8630,Jeremy,Home Office,Sacramento,CA,EE. UU.
2033,Mary,Home Office,Union City,NJ,EE. UU.
10599,Mary,Home Office,Doylestown,PA,EE. UU.
14565,Blossom,Home Office,El Cajon,CA,EE. UU.
12822,Brianna,Home Office,Richmond,TX,EE. UU.
5708,Mary,Home Office,Los Angeles,CA,EE. UU.
2537,Mary,Home Office,Phoenix,AZ,EE. UU.
6628,Billy,Home Office,Hickory,NC,EE. UU.
7859,Patricia,Home Office,West Covina,CA,EE. UU.
8964,Mary,Home Office,Louisville,KY,EE. UU.
9449,Betty,Home Office,Dallas,TX,EE. UU.
2216,Rebecca,Home Office,Fremont,CA,EE. UU.
16556,Kimberley,Home Office,Cordova,TN,EE. UU.
16555,Eve,Home Office,Santa Ana,CA,EE. UU.
19242,Alexa,Home Office,Fresno,CA,EE. UU.
20509,Simone,Home Office,Stockton,CA,EE. UU.
17672,April,Home Office,Lindenhurst,NY,EE. UU.
15467,Deanna,Home Office,Brooklyn,NY,EE. UU.
4349,Donna,Home Office,Salt Lake City,UT,EE. UU.
10190,Mary,Home Office,Aurora,CO,EE. UU.
9185,Katherine,Home Office,Chicago,IL,EE. UU.
10124,Mary,Home Office,Brooklyn,NY,EE. UU.
3866,Ryan,Home Office,Jacksonville,FL,EE. UU.
13076,Ainsley,Home Office,New Castle,DE,EE. UU.
13038,Imani,Home Office,Brooklyn,NY,EE. UU.
2755,Andrew,Home Office,Longmont,CO,EE. UU.
6378,Steven,Home Office,Aurora,IL,EE. UU.
1935,Mary,Home Office,Alpharetta,GA,EE. UU.
2225,Mary,Home Office,San Diego,CA,EE. UU.
8731,Donna,Home Office,Detroit,MI,EE. UU.
995,Helen,Home Office,Richmond,IN,EE. UU.
2783,Mary,Home Office,Middletown,OH,EE. UU.
4099,Evelyn,Home Office,Flushing,NY,EE. UU.
6166,Margaret,Home Office,Greenville,NC,EE. UU.
1069,Mary,Home Office,Stockbridge,GA,EE. UU.
10140,Sharon,Home Office,Sylmar,CA,EE. UU.
5026,Christian,Home Office,Jonesboro,AR,EE. UU.
11651,Frank,Home Office,Bayonne,NJ,EE. UU.
378,John,Home Office,Roswell,GA,EE. UU.
10971,Peter,Home Office,Vista,CA,EE. UU.
1476,Eugene,Home Office,Ewa Beach,HI,EE. UU.
6460,Mary,Home Office,Morganton,NC,EE. UU.
2434,Betty,Home Office,Fayetteville,NC,EE. UU.
9703,Jonathan,Home Office,Kent,WA,EE. UU.
12004,Marie,Home Office,San Jose,CA,EE. UU.
7575,Mary,Home Office,Roseville,MI,EE. UU.
2802,Gregory,Home Office,Cleveland,OH,EE. UU.
11663,Emily,Home Office,Memphis,TN,EE. UU.
126,Austin,Home Office,Amarillo,TX,EE. UU.
9503,Mary,Home Office,Orlando,FL,EE. UU.
379,David,Home Office,Wyandotte,MI,EE. UU.
16592,Nicole,Home Office,Fairfield,CA,EE. UU.
19100,Ivy,Home Office,Bridgeton,NJ,EE. UU.
18790,Rachel,Home Office,Pico Rivera,CA,EE. UU.
15695,Madeson,Home Office,New York,NY,EE. UU.
11185,Barbara,Home Office,Bronx,NY,EE. UU.
20517,Rowan,Home Office,Jonesboro,AR,EE. UU.
20534,Harriet,Home Office,New Albany,IN,EE. UU.
315,Danielle,Home Office,Modesto,CA,EE. UU.
731,Robert,Home Office,Lilburn,GA,EE. UU.
2746,Stephanie,Home Office,Dearborn,MI,EE. UU.
1434,Denise,Home Office,Loveland,OH,EE. UU.
19774,Cathleen,Home Office,Carol Stream,IL,EE. UU.
20060,Chantale,Home Office,Rancho Cordova,CA,EE. UU.
16166,Desiree,Home Office,Norfolk,VA,EE. UU.
20257,Beatrice,Home Office,Atlanta,GA,EE. UU.
19859,Remedios,Home Office,Baltimore,MD,EE. UU.
20254,Lilah,Home Office,Bend,OR,EE. UU.
19858,Anika,Home Office,Phoenix,AZ,EE. UU.
17202,Lareina,Home Office,West Haven,CT,EE. UU.
11680,Emma,Home Office,Fremont,CA,EE. UU.
2429,Mary,Home Office,Newburgh,NY,EE. UU.
8221,Janet,Home Office,New Braunfels,TX,EE. UU.
10369,Terry,Home Office,Tucson,AZ,EE. UU.
460,Vincent,Home Office,Milford,CT,EE. UU.
6612,Mary,Home Office,Wyandotte,MI,EE. UU.
3197,Mary,Home Office,Los Angeles,CA,EE. UU.
5217,David,Home Office,Livermore,CA,EE. UU.
10669,Michael,Home Office,Quincy,IL,EE. UU.
8950,David,Home Office,Bronx,NY,EE. UU.
149,Shirley,Home Office,Colton,CA,EE. UU.
1675,Mary,Home Office,Sugar Land,TX,EE. UU.
3229,Teresa,Home Office,Van Nuys,CA,EE. UU.
5353,Mary,Home Office,Amarillo,TX,EE. UU.
5449,Mary,Home Office,Houston,TX,EE. UU.
6359,Jerry,Home Office,Carol Stream,IL,EE. UU.
8463,Nathan,Home Office,Albany,OR,EE. UU.
2647,Susan,Home Office,Lancaster,CA,EE. UU.
9066,Mary,Home Office,Lawrence,MA,EE. UU.
11309,Mary,Home Office,Newburgh,NY,EE. UU.
9718,Mary,Home Office,Annandale,VA,EE. UU.
9121,Mary,Home Office,Hawthorne,CA,EE. UU.
3380,Mary,Home Office,Detroit,MI,EE. UU.
2380,Mary,Home Office,Springfield,MO,EE. UU.
13049,Kelsie,Home Office,South Ozone Park,NY,EE. UU.
14298,Reagan,Home Office,Los Angeles,CA,EE. UU.
14296,Amena,Home Office,Fresno,CA,EE. UU.
13222,Charlotte,Home Office,Chicago,IL,EE. UU.
13114,Phoebe,Home Office,Amarillo,TX,EE. UU.
7871,Bobby,Home Office,Las Vegas,NV,EE. UU.
1336,Donald,Home Office,San Diego,CA,EE. UU.
3575,Hannah,Home Office,Fort Lauderdale,FL,EE. UU.
5111,Janice,Home Office,Brooklyn,NY,EE. UU.
13643,Miriam,Home Office,Diamond Bar,CA,EE. UU.
1773,Joan,Home Office,Canton,MI,EE. UU.
13714,Mariko,Home Office,San Antonio,TX,EE. UU.
10710,Rebecca,Home Office,Bartlett,IL,EE. UU.
4690,Nicholas,Home Office,Las Vegas,NV,EE. UU.
13983,Kylie,Home Office,Phoenix,AZ,EE. UU.
5338,Amber,Home Office,Newark,NJ,EE. UU.
6556,Mary,Home Office,Fontana,CA,EE. UU.
1816,Mary,Home Office,Miami,FL,EE. UU.
8074,Mary,Home Office,College Station,TX,EE. UU.
13671,Alexis,Home Office,Fairfield,CA,EE. UU.
14899,Lacey,Home Office,Sheboygan,WI,EE. UU.
4613,Ashley,Home Office,Richmond,TX,EE. UU.
10305,Catherine,Home Office,Frankfort,KY,EE. UU.
331,Alexander,Home Office,Tempe,AZ,EE. UU.
1688,Mary,Home Office,San Francisco,CA,EE. UU.
710,Mary,Home Office,Seattle,WA,EE. UU.
11649,Wayne,Home Office,Aurora,CO,EE. UU.
1605,Mary,Home Office,Chandler,AZ,EE. UU.
6698,Kathryn,Home Office,Amarillo,TX,EE. UU.
265,Michelle,Home Office,Dubuque,IA,EE. UU.
6882,Raymond,Home Office,Newark,NJ,EE. UU.
4518,Jennifer,Home Office,Anaheim,CA,EE. UU.
2980,Mildred,Home Office,Marietta,GA,EE. UU.
12680,Vera,Home Office,Long Beach,CA,EE. UU.
12525,Leilani,Home Office,Escondido,CA,EE. UU.
12866,Illiana,Home Office,Porterville,CA,EE. UU.
14978,Destiny,Home Office,Memphis,TN,EE. UU.
12878,Emma,Home Office,Allentown,PA,EE. UU.
15058,Stella,Home Office,Fayetteville,NC,EE. UU.
15054,Kitra,Home Office,Milpitas,CA,EE. UU.
10695,Andrew,Home Office,Chicago,IL,EE. UU.
6684,Mary,Home Office,Spokane,WA,EE. UU.
12348,Alan,Home Office,Rochester,NY,EE. UU.
1057,Richard,Home Office,Hayward,CA,EE. UU.
1089,Mary,Home Office,Raleigh,NC,EE. UU.
1327,Kelly,Home Office,Chicago,IL,EE. UU.
10936,Johnny,Home Office,Costa Mesa,CA,EE. UU.
8969,Sandra,Home Office,Carrollton,TX,EE. UU.
6090,Mary,Home Office,Houston,TX,EE. UU.
12118,Mary,Home Office,Orlando,FL,EE. UU.
5351,Mary,Home Office,Cleveland,OH,EE. UU.
2378,Mary,Home Office,Irwin,PA,EE. UU.
9122,Carl,Home Office,Las Vegas,NV,EE. UU.
4933,Mary,Home Office,Laredo,TX,EE. UU.
8073,Rachel,Home Office,San Jose,CA,EE. UU.
1556,Mary,Home Office,Las Vegas,NV,EE. UU.
10726,Mary,Home Office,Kent,WA,EE. UU.
5309,Jessica,Home Office,Smyrna,GA,EE. UU.
3900,Mary,Home Office,Moline,IL,EE. UU.
2915,Sandra,Home Office,Mission Viejo,CA,EE. UU.
8186,Theresa,Home Office,Roseville,MI,EE. UU.
4267,Ashley,Home Office,Loveland,OH,EE. UU.
2800,Edward,Home Office,Detroit,MI,EE. UU.
3982,Roger,Home Office,Dallas,TX,EE. UU.
18189,Lydia,Home Office,Cleveland,OH,EE. UU.
18258,Aspen,Home Office,Corona,NY,EE. UU.
15853,Breanna,Home Office,Chicago,IL,EE. UU.
9069,Debra,Home Office,Carlisle,PA,EE. UU.
8717,Adam,Home Office,Granada Hills,CA,EE. UU.
17703,Xaviera,Home Office,Granite City,IL,EE. UU.
18336,Aretha,Home Office,New York,NY,EE. UU.
20621,Kirsten,Home Office,Stockbridge,GA,EE. UU.
17734,Gretchen,Home Office,Fontana,CA,EE. UU.
15980,Victoria,Home Office,Bismarck,ND,EE. UU.
9778,Kathy,Home Office,Oceanside,CA,EE. UU.
1584,Mary,Home Office,Miami,FL,EE. UU.
20739,Frances,Home Office,Danbury,CT,EE. UU.
17421,Libby,Home Office,Westland,MI,EE. UU.
11476,Linda,Home Office,Sunnyvale,CA,EE. UU.
6406,Daniel,Home Office,Washington,DC,EE. UU.
6001,Andrew,Home Office,Gardena,CA,EE. UU.
7742,Mary,Home Office,Victorville,CA,EE. UU.
3037,Christopher,Home Office,Houston,TX,EE. UU.
18649,Cathleen,Home Office,West Haven,CT,EE. UU.
11202,Mary,Home Office,Santa Cruz,CA,EE. UU.
5776,Albert,Home Office,Strongsville,OH,EE. UU.
1005,Maria,Home Office,Brooklyn,NY,EE. UU.
824,Mary,Home Office,Hagerstown,MD,EE. UU.
8953,Emma,Home Office,Meridian,ID,EE. UU.
586,Patricia,Home Office,San Marcos,TX,EE. UU.
20243,Hillary,Home Office,Stafford,VA,EE. UU.
17784,Brenna,Home Office,Vacaville,CA,EE. UU.
20225,Imani,Home Office,Chula Vista,CA,EE. UU.
19881,Alfreda,Home Office,Miami,FL,EE. UU.
20239,Lareina,Home Office,Garden Grove,CA,EE. UU.
16202,Astra,Home Office,Garden Grove,CA,EE. UU.
19933,Adena,Home Office,Fairfield,OH,EE. UU.
20255,Fatima,Home Office,Miami,FL,EE. UU.
20201,Illiana,Home Office,Stockton,CA,EE. UU.
18977,Skyler,Home Office,Wichita,KS,EE. UU.
19929,Bertha,Home Office,Lancaster,CA,EE. UU.
15278,Marny,Home Office,Chino Hills,CA,EE. UU.
17057,Leandra,Home Office,Mission Viejo,CA,EE. UU.
19007,Jena,Home Office,Detroit,MI,EE. UU.
20086,Venus,Home Office,Baldwin Park,CA,EE. UU.
4155,Scott,Home Office,Westminster,CA,EE. UU.
11303,Mary,Home Office,Union City,NJ,EE. UU.
3653,Peter,Home Office,Princeton,NJ,EE. UU.
10939,Sean,Home Office,Hampton,VA,EE. UU.
3608,Mary,Home Office,Brooklyn,NY,EE. UU.
664,Bobby,Home Office,Holland,MI,EE. UU.
8132,Sharon,Home Office,Raleigh,NC,EE. UU.
3053,Jennifer,Home Office,Kent,WA,EE. UU.
6054,Richard,Home Office,Los Angeles,CA,EE. UU.
2471,Olivia,Home Office,Hamtramck,MI,EE. UU.
1712,Megan,Home Office,Lansdale,PA,EE. UU.
789,Mary,Home Office,San Diego,CA,EE. UU.
9219,Mary,Home Office,Oceanside,CA,EE. UU.
2850,Dennis,Home Office,New York,NY,EE. UU.
9117,Jessica,Home Office,Tampa,FL,EE. UU.
4103,Mary,Home Office,Dorchester Center,MA,EE. UU.
11242,Brandon,Home Office,Wyoming,MI,EE. UU.
11144,Jose,Home Office,Mesa,AZ,EE. UU.
9409,Jonathan,Home Office,Rome,NY,EE. UU.
9631,Emily,Home Office,College Station,TX,EE. UU.
549,Mary,Home Office,Sugar Land,TX,EE. UU.
11878,Mary,Home Office,San Ramon,CA,EE. UU.
8218,Maria,Home Office,Fort Worth,TX,EE. UU.
2257,Matthew,Home Office,Milwaukee,WI,EE. UU.
3383,Jose,Home Office,Brooklyn,NY,EE. UU.
486,John,Home Office,Lancaster,OH,EE. UU.
10851,Dylan,Home Office,Saint Charles,MO,EE. UU.
4343,Donald,Home Office,Tallahassee,FL,EE. UU.
5130,Mary,Home Office,Morganton,NC,EE. UU.
10295,Benjamin,Home Office,Memphis,TN,EE. UU.
7079,Matthew,Home Office,Marietta,GA,EE. UU.
10774,Kenneth,Home Office,Columbus,GA,EE. UU.
11648,Angela,Home Office,Dorchester Center,MA,EE. UU.
11480,Mary,Home Office,Beaverton,OR,EE. UU.
1340,Mary,Home Office,West Chester,PA,EE. UU.
6129,Elizabeth,Home Office,Merced,CA,EE. UU.
12337,Mary,Consumer,Chicago,IL,EE. UU.
5915,Mary,Consumer,Lawrenceville,GA,EE. UU.
3450,Mary,Consumer,Diamond Bar,CA,EE. UU.
11248,Mary,Consumer,Waipahu,HI,EE. UU.
11192,Andrew,Consumer,Hialeah,FL,EE. UU.
6851,Mary,Consumer,Westland,MI,EE. UU.
2059,Charles,Consumer,Loveland,OH,EE. UU.
7072,Mary,Consumer,Mililani,HI,EE. UU.
922,Stephanie,Consumer,Lancaster,OH,EE. UU.
10094,Joseph,Consumer,Fremont,CA,EE. UU.
14666,Riley,Consumer,San Bernardino,CA,EE. UU.
14557,Nomlanga,Consumer,Virginia Beach,VA,EE. UU.
13094,Jessamine,Consumer,Irwin,PA,EE. UU.
14629,Idola,Consumer,Moline,IL,EE. UU.
13183,Tasha,Consumer,Paramount,CA,EE. UU.
14627,Lysandra,Consumer,Watsonville,CA,EE. UU.
13074,Fay,Consumer,Bridgeton,NJ,EE. UU.
13110,Isabella,Consumer,Morrisville,PA,EE. UU.
14164,Jena,Consumer,La Mesa,CA,EE. UU.
14590,Sydney,Consumer,Laredo,TX,EE. UU.
14554,Maisie,Consumer,Lakewood,NJ,EE. UU.
14108,Nayda,Consumer,San Bernardino,CA,EE. UU.
14139,Laurel,Consumer,Birmingham,AL,EE. UU.
14548,Ainsley,Consumer,Virginia Beach,VA,EE. UU.
13444,Dorothy,Consumer,Sacramento,CA,EE. UU.
13191,Cally,Consumer,Tucson,AZ,EE. UU.
13011,Keelie,Consumer,Rancho Cucamonga,CA,EE. UU.
14119,Guinevere,Consumer,Dallas,TX,EE. UU.
13046,Martina,Consumer,New York,NY,EE. UU.
14244,Skyler,Consumer,Billings,MT,EE. UU.
13205,Katell,Consumer,Spokane,WA,EE. UU.
14560,Jillian,Consumer,Toms River,NJ,EE. UU.
13133,Winifred,Consumer,Washington,DC,EE. UU.
13420,Bree,Consumer,Chicago,IL,EE. UU.
13474,Rowan,Consumer,Highland,CA,EE. UU.
11752,Michael,Consumer,Hollywood,FL,EE. UU.
13825,Jaime,Consumer,Modesto,CA,EE. UU.
14807,Felicia,Consumer,Baytown,TX,EE. UU.
10697,Jennifer,Consumer,San Diego,CA,EE. UU.
14912,Diana,Consumer,New Orleans,LA,EE. UU.
14732,Danielle,Consumer,Phoenix,AZ,EE. UU.
14839,Darrel,Consumer,Philadelphia,PA,EE. UU.
6546,Mary,Consumer,East Lansing,MI,EE. UU.
13547,Camilla,Consumer,York,PA,EE. UU.
4966,Amber,Consumer,Columbus,OH,EE. UU.
14888,Abra,Consumer,Santa Fe,NM,EE. UU.
13869,Vivien,Consumer,Fairfield,CA,EE. UU.
13887,Hedda,Consumer,Pompano Beach,FL,EE. UU.
12824,Amena,Consumer,Los Angeles,CA,EE. UU.
9509,Mary,Consumer,Dearborn,MI,EE. UU.
9478,Mary,Consumer,Lawrence,MA,EE. UU.
11027,Teresa,Consumer,Columbus,OH,EE. UU.
13758,Pascale,Consumer,Memphis,TN,EE. UU.
13722,Azalia,Consumer,Las Vegas,NV,EE. UU.
10776,Amy,Consumer,Fort Worth,TX,EE. UU.
13757,Maris,Consumer,Santa Clara,CA,EE. UU.
13685,Hedwig,Consumer,San Antonio,TX,EE. UU.
11371,Sarah,Consumer,Van Nuys,CA,EE. UU.
10402,Lori,Consumer,Fontana,CA,EE. UU.
12763,Amanda,Consumer,Carrollton,TX,EE. UU.
13610,Faith,Consumer,Memphis,TN,EE. UU.
9564,Mary,Consumer,Dallas,TX,EE. UU.
200,Keith,Consumer,Lynn,MA,EE. UU.
12277,Mary,Consumer,Pacoima,CA,EE. UU.
11053,Mary,Consumer,Bakersfield,CA,EE. UU.
7917,Ashley,Consumer,Dallas,TX,EE. UU.
3887,Mary,Consumer,Garland,TX,EE. UU.
10433,Elizabeth,Consumer,Houston,TX,EE. UU.
11343,Julie,Consumer,Orange Park,FL,EE. UU.
12433,Benjamin,Consumer,Levittown,NY,EE. UU.
3718,Mark,Consumer,Las Vegas,NV,EE. UU.
7949,Mary,Consumer,Painesville,OH,EE. UU.
9255,William,Consumer,Oak Lawn,IL,EE. UU.
12649,Iona,Consumer,Enfield,CT,EE. UU.
12736,Illiana,Consumer,Plano,TX,EE. UU.
12480,Tashya,Consumer,Napa,CA,EE. UU.
14980,Katell,Consumer,Hanover,PA,EE. UU.
15032,Madeson,Consumer,Yuma,AZ,EE. UU.
15085,Dakota,Consumer,Sandusky,OH,EE. UU.
15066,Cami,Consumer,Chicago,IL,EE. UU.
15117,Chiquita,Consumer,Duluth,GA,EE. UU.
12894,Nell,Consumer,San Francisco,CA,EE. UU.
15094,Rosalyn,Consumer,Weslaco,TX,EE. UU.
15035,Sloane,Consumer,Livermore,CA,EE. UU.
14981,Clio,Consumer,Richardson,TX,EE. UU.
14448,Brynne,Consumer,Fond Du Lac,WI,EE. UU.
13052,Rowan,Consumer,Smyrna,GA,EE. UU.
14511,Azalia,Consumer,Lansdale,PA,EE. UU.
14766,Fiona,Consumer,Corona,CA,EE. UU.
12338,Michael,Consumer,Phoenix,AZ,EE. UU.
3898,Michael,Consumer,Martinsburg,WV,EE. UU.
5276,Mary,Consumer,Chillicothe,OH,EE. UU.
5589,Mary,Consumer,Loveland,OH,EE. UU.
920,Megan,Consumer,New Braunfels,TX,EE. UU.
283,Mary,Consumer,Wilmington,CA,EE. UU.
33,Adam,Consumer,Norfolk,VA,EE. UU.
9686,Ruth,Consumer,Wheaton,IL,EE. UU.
11969,Mary,Consumer,Honolulu,HI,EE. UU.
3966,Emma,Consumer,Brooklyn,NY,EE. UU.
8903,Mary,Consumer,Ypsilanti,MI,EE. UU.
11181,Mary,Consumer,Bronx,NY,EE. UU.
5123,Michelle,Consumer,Phoenix,AZ,EE. UU.
11298,Anthony,Consumer,Henrico,VA,EE. UU.
1366,Mary,Consumer,Costa Mesa,CA,EE. UU.
5953,Mary,Consumer,Irwin,PA,EE. UU.
8980,Laura,Consumer,Opelousas,LA,EE. UU.
4341,Mary,Consumer,Hempstead,NY,EE. UU.
12159,Emma,Consumer,Pasadena,MD,EE. UU.
1447,Grace,Consumer,Newark,DE,EE. UU.
18252,Hedwig,Consumer,Lakewood,NJ,EE. UU.
18250,Whitney,Consumer,Sacramento,CA,EE. UU.
18087,Yolanda,Consumer,Chicago,IL,EE. UU.
18229,Reagan,Consumer,New York,NY,EE. UU.
16461,Dorothy,Consumer,Oceanside,CA,EE. UU.
19278,Alma,Consumer,Eugene,OR,EE. UU.
19044,Jayme,Consumer,Dallas,TX,EE. UU.
19186,Wynter,Consumer,Fairfield,CA,EE. UU.
16545,Miranda,Consumer,Baltimore,MD,EE. UU.
19220,Faith,Consumer,Woonsocket,RI,EE. UU.
16543,Yuri,Consumer,Clearfield,UT,EE. UU.
15824,Ana,Consumer,Augusta,GA,EE. UU.
15698,Blair,Consumer,Aurora,IL,EE. UU.
18788,Ocean,Consumer,Salt Lake City,UT,EE. UU.
18769,Sylvia,Consumer,Potomac,MD,EE. UU.
15839,Lara,Consumer,Philadelphia,PA,EE. UU.
18767,Christine,Consumer,Chapel Hill,NC,EE. UU.
15728,Amanda,Consumer,Arlington,TX,EE. UU.
15907,Hayfa,Consumer,New Bedford,MA,EE. UU.
15906,Lavinia,Consumer,Algonquin,IL,EE. UU.
18830,Sage,Consumer,Germantown,MD,EE. UU.
15864,Medge,Consumer,Chicago,IL,EE. UU.
6814,Mary,Consumer,Chicago,IL,EE. UU.
1814,Mary,Consumer,Newark,DE,EE. UU.
1318,Mary,Consumer,Perth Amboy,NJ,EE. UU.
5925,Megan,Consumer,Hempstead,NY,EE. UU.
20481,Simone,Consumer,Pompano Beach,FL,EE. UU.
4041,Mary,Consumer,Madison,WI,EE. UU.
20678,Iola,Consumer,New York,NY,EE. UU.
18280,Candice,Consumer,Bell Gardens,CA,EE. UU.
17922,Ora,Consumer,San Antonio,TX,EE. UU.
17522,Irma,Consumer,Clementon,NJ,EE. UU.
10355,Dennis,Consumer,Saint Paul,MN,EE. UU.
17359,Nell,Consumer,Valrico,FL,EE. UU.
20514,Kelsie,Consumer,Saint Peters,MO,EE. UU.
5144,Mary,Consumer,Miami,FL,EE. UU.
20567,Jordan,Consumer,Glenview,IL,EE. UU.
8665,Christine,Consumer,San Bernardino,CA,EE. UU.
8614,Christine,Consumer,Sunnyvale,CA,EE. UU.
20566,Lila,Consumer,Jamaica,NY,EE. UU.
17357,Phyllis,Consumer,West Chester,PA,EE. UU.
17679,Carly,Consumer,Sandusky,OH,EE. UU.
18456,Bertha,Consumer,Fort Lauderdale,FL,EE. UU.
20385,Miriam,Consumer,Dubuque,IA,EE. UU.
20457,Clementine,Consumer,Walnut,CA,EE. UU.
11805,Anthony,Consumer,Corona,NY,EE. UU.
17318,Lilah,Consumer,Indio,CA,EE. UU.
17335,Clare,Consumer,Temecula,CA,EE. UU.
1075,Michelle,Consumer,Washington,DC,EE. UU.
11008,Mary,Consumer,San Antonio,TX,EE. UU.
20561,Genevieve,Consumer,Eagle Pass,TX,EE. UU.
18308,Karly,Consumer,Brooklyn,NY,EE. UU.
17441,Brynne,Consumer,Richmond,KY,EE. UU.
17913,Kim,Consumer,Sheboygan,WI,EE. UU.
9623,Mary,Consumer,Austin,TX,EE. UU.
17367,Emi,Consumer,El Paso,TX,EE. UU.
20396,Noel,Consumer,Las Vegas,NV,EE. UU.
17965,Leslie,Consumer,Knoxville,TN,EE. UU.
11669,Mary,Consumer,Portland,OR,EE. UU.
8339,Richard,Consumer,Alhambra,CA,EE. UU.
20557,Aubrey,Consumer,Brooklyn,NY,EE. UU.
17928,Adara,Consumer,Victorville,CA,EE. UU.
17910,Quincy,Consumer,San Antonio,TX,EE. UU.
20718,Ulla,Consumer,Las Vegas,NV,EE. UU.
16042,Virginia,Consumer,New York,NY,EE. UU.
4545,Andrea,Consumer,Henderson,NV,EE. UU.
9894,Mary,Consumer,Fresno,CA,EE. UU.
926,Ashley,Consumer,Wilkes Barre,PA,EE. UU.
18699,Victoria,Consumer,San Bernardino,CA,EE. UU.
15530,Cheyenne,Consumer,San Jose,CA,EE. UU.
15617,Ella,Consumer,Del Rio,TX,EE. UU.
15670,Celeste,Consumer,El Paso,TX,EE. UU.
15452,Nevada,Consumer,Denver,CO,EE. UU.
15433,Paloma,Consumer,West New York,NJ,EE. UU.
15631,Abigail,Consumer,Gilroy,CA,EE. UU.
15414,Ruth,Consumer,Bakersfield,CA,EE. UU.
3261,Wayne,Consumer,Vacaville,CA,EE. UU.
8525,Mary,Consumer,New York,NY,EE. UU.
6984,John,Consumer,Chicago,IL,EE. UU.
11770,James,Consumer,Flushing,NY,EE. UU.
17607,Blythe,Consumer,Katy,TX,EE. UU.
17533,Iris,Consumer,Canyon Country,CA,EE. UU.
15286,Karly,Consumer,New York,NY,EE. UU.
16332,Darrel,Consumer,Orlando,FL,EE. UU.
18930,Chava,Consumer,Moline,IL,EE. UU.
17208,Christen,Consumer,Grove City,OH,EE. UU.
15285,Hilary,Consumer,Houston,TX,EE. UU.
20188,Emily,Consumer,Long Beach,CA,EE. UU.
16150,Isabella,Consumer,Los Angeles,CA,EE. UU.
20079,Nelle,Consumer,Taunton,MA,EE. UU.
18628,Fay,Consumer,Tucson,AZ,EE. UU.
17207,Chastity,Consumer,Norwalk,CA,EE. UU.
18555,Chanda,Consumer,Cleveland,OH,EE. UU.
17799,Ila,Consumer,Honolulu,HI,EE. UU.
20114,Iona,Consumer,Tracy,CA,EE. UU.
15228,Hillary,Consumer,Plymouth,MA,EE. UU.
17097,Fiona,Consumer,Columbia,MO,EE. UU.
20095,Josephine,Consumer,Greenville,NC,EE. UU.
19914,Tatiana,Consumer,Diamond Bar,CA,EE. UU.
17042,Meredith,Consumer,Fond Du Lac,WI,EE. UU.
18553,Shelby,Consumer,Fort Lauderdale,FL,EE. UU.
16344,Kathleen,Consumer,Lakewood,NJ,EE. UU.
19985,Nora,Consumer,Las Vegas,NV,EE. UU.
18551,Grace,Consumer,Troy,NY,EE. UU.
20218,Cassandra,Consumer,Orange Park,FL,EE. UU.
16342,Sydney,Consumer,Tucson,AZ,EE. UU.
17146,Martha,Consumer,New Brunswick,NJ,EE. UU.
19927,September,Consumer,Dallas,TX,EE. UU.
20071,Jolie,Consumer,Ogden,UT,EE. UU.
19800,Mona,Consumer,Houston,TX,EE. UU.
19944,Octavia,Consumer,Doylestown,PA,EE. UU.
15238,Yvonne,Consumer,Cleveland,OH,EE. UU.
17251,Shelley,Consumer,Englewood,CO,EE. UU.
18545,Frances,Consumer,Fort Lauderdale,FL,EE. UU.
20374,Cherokee,Consumer,Rowland Heights,CA,EE. UU.
20175,Blythe,Consumer,Tempe,AZ,EE. UU.
20300,Demetria,Consumer,Del Rio,TX,EE. UU.
16137,Shannon,Consumer,Hollywood,FL,EE. UU.
16173,Jamalia,Consumer,Chapel Hill,NC,EE. UU.
16280,Eve,Consumer,Hampton,VA,EE. UU.
20299,Orli,Consumer,Paramount,CA,EE. UU.
17804,Cherokee,Consumer,Lockport,IL,EE. UU.
19921,Bree,Consumer,Chicago,IL,EE. UU.
16243,Kaitlin,Consumer,Brandon,FL,EE. UU.
19191,Darryl,Consumer,Chicago,IL,EE. UU.
17925,Courtney,Consumer,Houston,TX,EE. UU.
18011,Petra,Consumer,Moreno Valley,CA,EE. UU.
17681,Helen,Consumer,Salem,OR,EE. UU.
17711,Anastasia,Consumer,Duluth,GA,EE. UU.
6022,Mary,Consumer,West Chester,PA,EE. UU.
17908,Octavia,Consumer,Union,NJ,EE. UU.
15587,Stephanie,Consumer,Aurora,IL,EE. UU.
18692,Mona,Consumer,Troy,NY,EE. UU.
891,Mary,Consumer,Beaverton,OR,EE. UU.
3533,Mary,Consumer,Lindenhurst,NY,EE. UU.
19863,Danielle,Consumer,Austin,TX,EE. UU.
17797,Petra,Consumer,Webster,NY,EE. UU.
16345,Alfreda,Consumer,Mount Prospect,IL,EE. UU.
15226,Giselle,Consumer,Santa Ana,CA,EE. UU.
17184,Faith,Consumer,Laredo,TX,EE. UU.
19797,Donna,Consumer,Yonkers,NY,EE. UU.
17103,Yetta,Consumer,Sunnyvale,CA,EE. UU.
4854,Laura,Consumer,Brooklyn,NY,EE. UU.
57,Mary,Consumer,Baltimore,MD,EE. UU.
9561,Robert,Consumer,Mesa,AZ,EE. UU.
2315,Paul,Consumer,Weslaco,TX,EE. UU.
3044,Mary,Consumer,Colorado Springs,CO,EE. UU.
4771,Mary,Consumer,Martinez,CA,EE. UU.
3103,Mary,Consumer,Spring Valley,NY,EE. UU.
5792,Mary,Consumer,Saint Louis,MO,EE. UU.
10106,Mary,Consumer,Carrollton,TX,EE. UU.
4996,Christine,Consumer,Olathe,KS,EE. UU.
7755,Cheryl,Consumer,Bowling Green,KY,EE. UU.
7207,Mary,Consumer,Washington,DC,EE. UU.
2234,Mary,Consumer,Chicago,IL,EE. UU.
5121,Shawn,Consumer,Antioch,CA,EE. UU.
7727,Evelyn,Consumer,Eugene,OR,EE. UU.
7801,Teresa,Consumer,Albuquerque,NM,EE. UU.
1913,Ethan,Consumer,Daly City,CA,EE. UU.
7702,Jack,Consumer,Chicago,IL,EE. UU.
11345,John,Consumer,Fargo,ND,EE. UU.
2351,Mary,Consumer,Houston,TX,EE. UU.
6431,Richard,Consumer,Placentia,CA,EE. UU.
3436,Joshua,Consumer,Palatine,IL,EE. UU.
7941,Ashley,Consumer,Brooklyn,NY,EE. UU.
11040,Hannah,Consumer,Fort Lauderdale,FL,EE. UU.
1290,Carolyn,Consumer,Chesapeake,VA,EE. UU.
3013,Grace,Consumer,Canton,MI,EE. UU.
5514,Linda,Consumer,Des Plaines,IL,EE. UU.
11907,Stephen,Consumer,Newark,NJ,EE. UU.
8377,Jack,Consumer,Irving,TX,EE. UU.
1800,Lori,Consumer,Massapequa,NY,EE. UU.
1454,Grace,Consumer,Palo Alto,CA,EE. UU.
5996,Mary,Consumer,Newark,OH,EE. UU.
580,Kimberly,Corporate,Caguas,PR,Puerto Rico
2507,Mary,Corporate,Caguas,PR,Puerto Rico
3534,James,Corporate,Caguas,PR,Puerto Rico
9865,William,Corporate,Caguas,PR,Puerto Rico
11802,Mary,Corporate,Caguas,PR,Puerto Rico
5434,Maria,Corporate,Caguas,PR,Puerto Rico
4644,Mary,Corporate,Caguas,PR,Puerto Rico
4574,Margaret,Corporate,Caguas,PR,Puerto Rico
111,Frank,Corporate,Caguas,PR,Puerto Rico
8569,Vincent,Corporate,Caguas,PR,Puerto Rico
6329,Bruce,Corporate,Caguas,PR,Puerto Rico
8921,Mary,Corporate,Caguas,PR,Puerto Rico
8101,Mary,Corporate,Caguas,PR,Puerto Rico
1726,Crystal,Corporate,Caguas,PR,Puerto Rico
5042,Andrew,Corporate,Caguas,PR,Puerto Rico
7846,Mary,Corporate,Caguas,PR,Puerto Rico
8216,Linda,Corporate,Caguas,PR,Puerto Rico
4861,Rebecca,Corporate,Caguas,PR,Puerto Rico
3105,Mary,Corporate,Toa Baja,PR,Puerto Rico
6515,Mary,Corporate,Caguas,PR,Puerto Rico
3998,Matthew,Corporate,Caguas,PR,Puerto Rico
3689,Mary,Corporate,San Juan,PR,Puerto Rico
2565,Mary,Corporate,Caguas,PR,Puerto Rico
7730,Mary,Corporate,Guaynabo,PR,Puerto Rico
7644,Mary,Corporate,Caguas,PR,Puerto Rico
11724,Mary,Corporate,Caguas,PR,Puerto Rico
1586,Nancy,Corporate,Caguas,PR,Puerto Rico
4859,Michelle,Corporate,Caguas,PR,Puerto Rico
2138,Larry,Corporate,Caguas,PR,Puerto Rico
6260,Mary,Corporate,Caguas,PR,Puerto Rico
11243,Mary,Corporate,Caguas,PR,Puerto Rico
7477,Mary,Corporate,Caguas,PR,Puerto Rico
9433,Mary,Corporate,Caguas,PR,Puerto Rico
10260,Betty,Corporate,Caguas,PR,Puerto Rico
2656,Charles,Corporate,Caguas,PR,Puerto Rico
5860,Alan,Corporate,Caguas,PR,Puerto Rico
1783,Mary,Corporate,Caguas,PR,Puerto Rico
1633,Mary,Corporate,Caguas,PR,Puerto Rico
9588,Kathryn,Corporate,Caguas,PR,Puerto Rico
670,Mary,Corporate,Caguas,PR,Puerto Rico
3584,Mary,Corporate,Caguas,PR,Puerto Rico
4777,David,Corporate,Caguas,PR,Puerto Rico
6837,Mary,Corporate,Caguas,PR,Puerto Rico
1720,Mary,Corporate,Caguas,PR,Puerto Rico
3000,Joseph,Corporate,Caguas,PR,Puerto Rico
11734,Lori,Corporate,Caguas,PR,Puerto Rico
7239,Anthony,Corporate,Caguas,PR,Puerto Rico
14200,Abra,Corporate,Caguas,PR,Puerto Rico
14270,Heather,Corporate,Caguas,PR,Puerto Rico
13279,Hyacinth,Corporate,Caguas,PR,Puerto Rico
14222,Martena,Corporate,Yauco,PR,Puerto Rico
13553,Sara,Corporate,Caguas,PR,Puerto Rico
13980,Teegan,Corporate,Caguas,PR,Puerto Rico
3642,Margaret,Corporate,Caguas,PR,Puerto Rico
12766,Kaitlin,Corporate,Caguas,PR,Puerto Rico
4638,Donald,Corporate,Caguas,PR,Puerto Rico
15237,Penelope,Corporate,Caguas,PR,Puerto Rico
17903,Quemby,Corporate,Caguas,PR,Puerto Rico
16478,Destiny,Corporate,Caguas,PR,Puerto Rico
19112,Pearl,Corporate,Caguas,PR,Puerto Rico
18768,Amela,Corporate,Caguas,PR,Puerto Rico
17664,Hannah,Corporate,Caguas,PR,Puerto Rico
15976,Keelie,Corporate,Caguas,PR,Puerto Rico
18488,Shannon,Corporate,Caguas,PR,Puerto Rico
18451,Yvette,Corporate,Caguas,PR,Puerto Rico
20451,Constance,Corporate,Caguas,PR,Puerto Rico
17438,Kim,Corporate,Caguas,PR,Puerto Rico
15483,Deanna,Corporate,Caguas,PR,Puerto Rico
15549,Nevada,Corporate,Caguas,PR,Puerto Rico
15655,Darryl,Corporate,Caguas,PR,Puerto Rico
15583,Selma,Corporate,Caguas,PR,Puerto Rico
16179,Carly,Corporate,Caguas,PR,Puerto Rico
18974,Amela,Corporate,Caguas,PR,Puerto Rico
17090,Winifred,Corporate,Caguas,PR,Puerto Rico
20231,Kaitlin,Corporate,Caguas,PR,Puerto Rico
8077,Thomas,Corporate,Caguas,PR,Puerto Rico
958,Peter,Corporate,Caguas,PR,Puerto Rico
7070,Jean,Corporate,Caguas,PR,Puerto Rico
11633,Jane,Corporate,Caguas,PR,Puerto Rico
9144,Mary,Corporate,Caguas,PR,Puerto Rico
852,Deborah,Corporate,Caguas,PR,Puerto Rico
6864,Kathryn,Corporate,Caguas,PR,Puerto Rico
7885,Mary,Corporate,Caguas,PR,Puerto Rico
7321,Mary,Corporate,Caguas,PR,Puerto Rico
4601,Mary,Corporate,Caguas,PR,Puerto Rico
3681,Edward,Corporate,Caguas,PR,Puerto Rico
14801,Cheryl,Corporate,Caguas,PR,Puerto Rico
11088,Theresa,Corporate,Caguas,PR,Puerto Rico
12534,Sharon,Corporate,Caguas,PR,Puerto Rico
14960,Bethany,Corporate,Caguas,PR,Puerto Rico
20507,Ima,Corporate,Caguas,PR,Puerto Rico
19162,Myra,Corporate,Caguas,PR,Puerto Rico
6857,Scott,Corporate,Caguas,PR,Puerto Rico
17295,Imelda,Corporate,Caguas,PR,Puerto Rico
15547,Risa,Corporate,Caguas,PR,Puerto Rico
15527,Eugenia,Corporate,Caguas,PR,Puerto Rico
20027,Eugenia,Corporate,Caguas,PR,Puerto Rico
18952,Catherine,Corporate,Caguas,PR,Puerto Rico
17860,Harriet,Corporate,Caguas,PR,Puerto Rico
15269,Maile,Corporate,Caguas,PR,Puerto Rico
11203,David,Corporate,Caguas,PR,Puerto Rico
9512,Mary,Corporate,Caguas,PR,Puerto Rico
14057,Gemma,Corporate,Caguas,PR,Puerto Rico
13108,Hillary,Corporate,Caguas,PR,Puerto Rico
13160,Vielka,Corporate,Caguas,PR,Puerto Rico
14559,Gemma,Corporate,Caguas,PR,Puerto Rico
11722,Donna,Corporate,Caguas,PR,Puerto Rico
13662,Lacy,Corporate,Caguas,PR,Puerto Rico
13644,Donna,Corporate,Caguas,PR,Puerto Rico
4687,Evelyn,Corporate,Caguas,PR,Puerto Rico
14002,Amena,Corporate,Caguas,PR,Puerto Rico
8840,Jane,Corporate,Caguas,PR,Puerto Rico
13961,Kevyn,Corporate,Caguas,PR,Puerto Rico
1746,Gregory,Corporate,Caguas,PR,Puerto Rico
11023,Mary,Corporate,Caguas,PR,Puerto Rico
1377,Sean,Corporate,Rio Grande,PR,Puerto Rico
12499,Martina,Corporate,Caguas,PR,Puerto Rico
15088,Fatima,Corporate,Caguas,PR,Puerto Rico
8490,Brian,Corporate,Caguas,PR,Puerto Rico
1344,Mary,Corporate,Caguas,PR,Puerto Rico
2499,Robert,Corporate,Caguas,PR,Puerto Rico
6728,Dorothy,Corporate,Caguas,PR,Puerto Rico
5374,Brandon,Corporate,Caguas,PR,Puerto Rico
9355,Mary,Corporate,Caguas,PR,Puerto Rico
2952,Mary,Corporate,Caguas,PR,Puerto Rico
2030,Rose,Corporate,Caguas,PR,Puerto Rico
8409,Mary,Corporate,Caguas,PR,Puerto Rico
17300,Demetria,Corporate,Caguas,PR,Puerto Rico
16372,Lois,Corporate,Caguas,PR,Puerto Rico
18095,Sylvia,Corporate,Caguas,PR,Puerto Rico
18070,India,Corporate,Caguas,PR,Puerto Rico
16428,Adara,Corporate,Caguas,PR,Puerto Rico
19144,Carissa,Corporate,Caguas,PR,Puerto Rico
15701,Illiana,Corporate,Caguas,PR,Puerto Rico
18819,Quon,Corporate,Caguas,PR,Puerto Rico
15818,Lilah,Corporate,Caguas,PR,Puerto Rico
15831,Illiana,Corporate,Caguas,PR,Puerto Rico
15757,Beatrice,Corporate,Caguas,PR,Puerto Rico
20479,Selma,Corporate,Caguas,PR,Puerto Rico
18386,Rhiannon,Corporate,Caguas,PR,Puerto Rico
18331,Rachel,Corporate,Caguas,PR,Puerto Rico
17391,Rylee,Corporate,Caguas,PR,Puerto Rico
16012,September,Corporate,Caguas,PR,Puerto Rico
16009,Simone,Corporate,Caguas,PR,Puerto Rico
17930,Pascale,Corporate,Caguas,PR,Puerto Rico
17964,Shelley,Corporate,Caguas,PR,Puerto Rico
4735,Mary,Corporate,Caguas,PR,Puerto Rico
15292,Camille,Corporate,Caguas,PR,Puerto Rico
20259,Nayda,Corporate,Caguas,PR,Puerto Rico
17798,Josephine,Corporate,Caguas,PR,Puerto Rico
17203,Libby,Corporate,Caguas,PR,Puerto Rico
16253,Chava,Corporate,Toa Alta,PR,Puerto Rico
18568,Madeson,Corporate,Caguas,PR,Puerto Rico
20322,Genevieve,Corporate,Caguas,PR,Puerto Rico
16210,Maia,Corporate,Caguas,PR,Puerto Rico
16117,Lacota,Corporate,Caguas,PR,Puerto Rico
11580,Cynthia,Corporate,Caguas,PR,Puerto Rico
1312,Mary,Corporate,Caguas,PR,Puerto Rico
11007,Virginia,Corporate,Caguas,PR,Puerto Rico
7088,Mary,Corporate,Westerville,OH,EE. UU.
10016,Mary,Corporate,Brooklyn,NY,EE. UU.
14585,Carol,Corporate,Tucson,AZ,EE. UU.
13173,Noelani,Corporate,Pomona,CA,EE. UU.
13018,Veronica,Corporate,Garland,TX,EE. UU.
12996,Mikayla,Corporate,Richmond,VA,EE. UU.
14527,Brooke,Corporate,Woonsocket,RI,EE. UU.
13402,Oprah,Corporate,Los Angeles,CA,EE. UU.
14860,Astra,Corporate,Jacksonville,FL,EE. UU.
13819,Ariel,Corporate,Marrero,LA,EE. UU.
13778,Sophia,Corporate,Saint Peters,MO,EE. UU.
12658,Roary,Corporate,Carol Stream,IL,EE. UU.
14962,Ocean,Corporate,Seattle,WA,EE. UU.
15067,Sheila,Corporate,Ithaca,NY,EE. UU.
13329,Cheryl,Corporate,Ogden,UT,EE. UU.
13130,Stella,Corporate,Elmhurst,NY,EE. UU.
14201,Margaret,Corporate,Brooklyn,NY,EE. UU.
13014,Selma,Corporate,Kaneohe,HI,EE. UU.
13175,Ainsley,Corporate,Los Angeles,CA,EE. UU.
13244,Willow,Corporate,San Benito,TX,EE. UU.
1878,Amber,Corporate,San Diego,CA,EE. UU.
14794,Inga,Corporate,Rio Rancho,NM,EE. UU.
12640,Mikayla,Corporate,Las Vegas,NV,EE. UU.
12940,Yetta,Corporate,Orange Park,FL,EE. UU.
12859,Blossom,Corporate,Huntington Beach,CA,EE. UU.
14487,Victoria,Corporate,Philadelphia,PA,EE. UU.
16475,Indigo,Corporate,Honolulu,HI,EE. UU.
15770,Leigh,Corporate,Mount Pleasant,MI,EE. UU.
17236,Juliet,Corporate,Lancaster,CA,EE. UU.
16500,Wynne,Corporate,Pawtucket,RI,EE. UU.
16479,Juliet,Corporate,San Bernardino,CA,EE. UU.
19111,Iola,Corporate,Dallas,TX,EE. UU.
18833,Shoshana,Corporate,San Francisco,CA,EE. UU.
15830,Joan,Corporate,Chicago,IL,EE. UU.
8598,Mary,Corporate,San Diego,CA,EE. UU.
18487,Nadin,Corporate,Pomona,CA,EE. UU.
18885,Freya,Corporate,New York,NY,EE. UU.
17385,Miriam,Corporate,Katy,TX,EE. UU.
15554,Alfreda,Corporate,Jacksonville,NC,EE. UU.
15505,Courtney,Corporate,Elk Grove,CA,EE. UU.
15649,Courtney,Corporate,Pekin,IL,EE. UU.
15307,Darrel,Corporate,Marietta,GA,EE. UU.
20148,Allegra,Corporate,Pompano Beach,FL,EE. UU.
20146,Martha,Corporate,Lynnwood,WA,EE. UU.
17214,Olga,Corporate,Hollister,CA,EE. UU.
17824,Ori,Corporate,Pittsburg,CA,EE. UU.
20353,Breanna,Corporate,Vista,CA,EE. UU.
18856,Erica,Corporate,Richmond,VA,EE. UU.
17470,Ursula,Corporate,Alhambra,CA,EE. UU.
15946,Freya,Corporate,San Jose,CA,EE. UU.
17627,Ora,Corporate,Walnut,CA,EE. UU.
17285,Daria,Corporate,Philadelphia,PA,EE. UU.
17953,Gloria,Corporate,Mchenry,IL,EE. UU.
20689,Hedda,Corporate,Holland,MI,EE. UU.
18869,Autumn,Corporate,Mechanicsburg,PA,EE. UU.
17406,Lavinia,Corporate,Milford,CT,EE. UU.
20702,Astra,Corporate,Clearfield,UT,EE. UU.
18447,Mia,Corporate,Chicago,IL,EE. UU.
7395,Ryan,Corporate,East Brunswick,NJ,EE. UU.
17578,Carol,Corporate,Hamilton,OH,EE. UU.
15169,Alexis,Corporate,Chicago,IL,EE. UU.
16320,Xerxes,Corporate,North Bergen,NJ,EE. UU.
16352,Ainsley,Corporate,Chesapeake,VA,EE. UU.
20450,Erica,Corporate,Tampa,FL,EE. UU.
19016,Ingrid,Corporate,Ewa Beach,HI,EE. UU.
17760,Alisa,Corporate,Brooklyn,NY,EE. UU.
17089,Christen,Corporate,Loveland,OH,EE. UU.
101,Mary,Corporate,Dorchester Center,MA,EE. UU.
10002,Mary,Corporate,New York,NY,EE. UU.
6856,Mary,Corporate,Plainfield,IL,EE. UU.
193,Melissa,Corporate,Gaithersburg,MD,EE. UU.
13625,Callie,Corporate,Detroit,MI,EE. UU.
14033,Doris,Corporate,Norcross,GA,EE. UU.
12625,Winifred,Corporate,San Marcos,TX,EE. UU.
13180,Lynn,Corporate,North Hollywood,CA,EE. UU.
14263,Charissa,Corporate,Buffalo,NY,EE. UU.
14152,Vera,Corporate,Houston,TX,EE. UU.
14434,Teagan,Corporate,Greeley,CO,EE. UU.
12535,Justina,Corporate,Las Vegas,NV,EE. UU.
14961,Dorothy,Corporate,Chicago,IL,EE. UU.
3732,Mary,Corporate,Norcross,GA,EE. UU.
7025,Mary,Corporate,Buffalo,NY,EE. UU.
16388,Idola,Corporate,Tucson,AZ,EE. UU.
20336,Taylor,Corporate,Los Angeles,CA,EE. UU.
19160,Wynter,Corporate,Williamsport,PA,EE. UU.
17663,Jocelyn,Corporate,Las Vegas,NV,EE. UU.
17497,Winter,Corporate,Houston,TX,EE. UU.
15441,Quyn,Corporate,San Diego,CA,EE. UU.
16152,Whitney,Corporate,San Jose,CA,EE. UU.
17855,Stella,Corporate,Detroit,MI,EE. UU.
18563,Fredericka,Corporate,Lindenhurst,NY,EE. UU.
15270,Germaine,Corporate,Duluth,GA,EE. UU.
20406,Lavinia,Corporate,Del Rio,TX,EE. UU.
17517,Rowan,Corporate,Las Cruces,NM,EE. UU.
18865,Kiara,Corporate,Fremont,CA,EE. UU.
15470,Lillian,Corporate,Peoria,AZ,EE. UU.
15468,Emma,Corporate,Jacksonville,NC,EE. UU.
15703,Libby,Corporate,Henrico,VA,EE. UU.
18278,Marny,Corporate,Edison,NJ,EE. UU.
17570,Sara,Corporate,Indianapolis,IN,EE. UU.
4990,Karen,Corporate,Yonkers,NY,EE. UU.
14769,Desirae,Corporate,Malden,MA,EE. UU.
14994,Brynn,Corporate,Modesto,CA,EE. UU.
14644,Shannon,Corporate,Albuquerque,NM,EE. UU.
14305,Moana,Corporate,Summerville,SC,EE. UU.
13159,Calista,Corporate,Richmond,VA,EE. UU.
14477,Ursula,Corporate,Saint Paul,MN,EE. UU.
13458,Sarah,Corporate,Ogden,UT,EE. UU.
13186,Zephr,Corporate,Chicago,IL,EE. UU.
14056,Nevada,Corporate,Beloit,WI,EE. UU.
14000,Anjolie,Corporate,Brooklyn,NY,EE. UU.
12503,Emma,Corporate,Chicago,IL,EE. UU.
14991,Rhoda,Corporate,Costa Mesa,CA,EE. UU.
13010,Naida,Corporate,Joliet,IL,EE. UU.
13207,April,Corporate,Pawtucket,RI,EE. UU.
13009,Quin,Corporate,Washington,DC,EE. UU.
12989,Tana,Corporate,Fremont,CA,EE. UU.
13537,Ainsley,Corporate,Rowland Heights,CA,EE. UU.
13572,Cleo,Corporate,Ballwin,MO,EE. UU.
1248,Karen,Corporate,Reseda,CA,EE. UU.
14695,Haviva,Corporate,Bronx,NY,EE. UU.
14802,Raya,Corporate,Lakewood,OH,EE. UU.
13979,Jena,Corporate,Fayetteville,NC,EE. UU.
5166,James,Corporate,Kenner,LA,EE. UU.
12654,Jael,Corporate,La Puente,CA,EE. UU.
14426,Ivory,Corporate,Tempe,AZ,EE. UU.
17968,Willow,Corporate,Antioch,CA,EE. UU.
9734,Mary,Corporate,Rego Park,NY,EE. UU.
18065,Susan,Corporate,Glenview,IL,EE. UU.
18246,Jeanette,Corporate,Newark,NJ,EE. UU.
16593,Fay,Corporate,Garden Grove,CA,EE. UU.
19267,Kaitlin,Corporate,Strongsville,OH,EE. UU.
16427,Amber,Corporate,Morristown,NJ,EE. UU.
19192,Leigh,Corporate,Brooklyn,NY,EE. UU.
16604,Zena,Corporate,Weslaco,TX,EE. UU.
16549,Jael,Corporate,Cary,NC,EE. UU.
16505,Shellie,Corporate,Tinley Park,IL,EE. UU.
18771,Eliana,Corporate,Elyria,OH,EE. UU.
20590,Eve,Corporate,Highland,CA,EE. UU.
18387,Amelia,Corporate,Lutz,FL,EE. UU.
17521,Alyssa,Corporate,Pico Rivera,CA,EE. UU.
16053,Jillian,Corporate,Jackson,MI,EE. UU.
17919,Ina,Corporate,Hialeah,FL,EE. UU.
18433,Paloma,Corporate,Philadelphia,PA,EE. UU.
15611,Christine,Corporate,Tucson,AZ,EE. UU.
15608,Carissa,Corporate,Colorado Springs,CO,EE. UU.
17580,Caryn,Corporate,Elgin,IL,EE. UU.
15194,Amela,Corporate,Phoenix,AZ,EE. UU.
16164,Hannah,Corporate,Loveland,OH,EE. UU.
16326,Signe,Corporate,Aurora,CO,EE. UU.
20070,Amy,Corporate,Cerritos,CA,EE. UU.
15234,Sylvia,Corporate,Phoenix,AZ,EE. UU.
15233,Amela,Corporate,Denver,CO,EE. UU.
18245,Suki,Corporate,El Paso,TX,EE. UU.
19052,Lacy,Corporate,Garland,TX,EE. UU.
16591,Aphrodite,Corporate,Westminster,CA,EE. UU.
19069,Maxine,Corporate,Honolulu,HI,EE. UU.
19157,Alma,Corporate,Tempe,AZ,EE. UU.
19153,Ella,Corporate,Princeton,NJ,EE. UU.
19207,Eugenia,Corporate,Chesapeake,VA,EE. UU.
18820,Hilary,Corporate,Powder Springs,GA,EE. UU.
18765,Shana,Corporate,El Centro,CA,EE. UU.
15885,Miriam,Corporate,Cupertino,CA,EE. UU.
15776,Xyla,Corporate,Chapel Hill,NC,EE. UU.
18389,Lois,Corporate,Los Angeles,CA,EE. UU.
20731,Lee,Corporate,Broken Arrow,OK,EE. UU.
18027,Fredericka,Corporate,West New York,NJ,EE. UU.
17519,Whilemina,Corporate,San Antonio,TX,EE. UU.
18418,Susan,Corporate,Augusta,GA,EE. UU.
20704,Halla,Corporate,Bronx,NY,EE. UU.
20721,Nora,Corporate,Oxnard,CA,EE. UU.
20648,Tasha,Corporate,Newark,DE,EE. UU.
18394,Tatum,Corporate,Martinez,CA,EE. UU.
15536,Quintessa,Corporate,Huntington Park,CA,EE. UU.
15534,Ursa,Corporate,Newburgh,NY,EE. UU.
19919,Florence,Corporate,San Francisco,CA,EE. UU.
20112,Guinevere,Corporate,Richmond,VA,EE. UU.
20141,Melanie,Corporate,Oxnard,CA,EE. UU.
20512,September,Corporate,New Bedford,MA,EE. UU.
11891,Ashley,Corporate,Provo,UT,EE. UU.
8596,Mary,Corporate,Canton,MI,EE. UU.
8257,William,Corporate,Fargo,ND,EE. UU.
11325,Mary,Consumer,Caguas,PR,Puerto Rico
5427,Betty,Home Office,Ann Arbor,MI,EE. UU.
7483,Deborah,Consumer,Caguas,PR,Puerto Rico
8151,Michael,Corporate,Caguas,PR,Puerto Rico
9076,Mary,Consumer,Stockbridge,GA,EE. UU.
1896,Donna,Home Office,Chicago,IL,EE. UU.
6267,Juan,Home Office,Enfield,CT,EE. UU.
993,Mary,Home Office,Fairfield,OH,EE. UU.
4055,Kevin,Home Office,Levittown,NY,EE. UU.
3124,Mary,Home Office,Freeport,NY,EE. UU.
10624,Mary,Consumer,Caguas,PR,Puerto Rico
11655,Ruth,Consumer,Caguas,PR,Puerto Rico
6744,Cheryl,Corporate,Caguas,PR,Puerto Rico
6889,Mary,Consumer,Hanford,CA,EE. UU.
6490,Ann,Home Office,West Jordan,UT,EE. UU.
6266,Deborah,Consumer,Carolina,PR,Puerto Rico
528,Susan,Consumer,Caguas,PR,Puerto Rico
11271,Mary,Consumer,Arecibo,PR,Puerto Rico
2191,Ronald,Consumer,Watsonville,CA,EE. UU.
954,Brandon,Home Office,Richmond,TX,EE. UU.
9835,Daniel,Consumer,San Bernardino,CA,EE. UU.
1697,Robert,Corporate,Caguas,PR,Puerto Rico
1159,Mary,Home Office,Stone Mountain,GA,EE. UU.
2996,Lori,Consumer,Caguas,PR,Puerto Rico
7360,Mary,Consumer,Caguas,PR,Puerto Rico
4273,Walter,Home Office,Tucson,AZ,EE. UU.
3846,Ronald,Home Office,Ontario,CA,EE. UU.
5393,Mary,Home Office,Wilmington,CA,EE. UU.
5850,Robert,Consumer,Caguas,PR,Puerto Rico
9031,Mary,Home Office,Philadelphia,PA,EE. UU.
9863,Teresa,Corporate,Caguas,PR,Puerto Rico
8423,Mary,Consumer,South Gate,CA,EE. UU.
11220,Jeffrey,Consumer,Passaic,NJ,EE. UU.
8582,Edward,Home Office,Houston,TX,EE. UU.
6913,Jeremy,Home Office,Cypress,CA,EE. UU.
2878,Michael,Home Office,Union,NJ,EE. UU.
8952,Joseph,Home Office,Mission,TX,EE. UU.
3385,Thomas,Home Office,Placentia,CA,EE. UU.
7221,Kelly,Consumer,Caguas,PR,Puerto Rico
5307,Nicholas,Home Office,New Braunfels,TX,EE. UU.
3506,Samantha,Home Office,Phoenix,AZ,EE. UU.
6410,Stephanie,Home Office,Sheboygan,WI,EE. UU.
9446,Mary,Corporate,Caguas,PR,Puerto Rico
1760,Rebecca,Consumer,Caguas,PR,Puerto Rico
10662,Karen,Home Office,Sunnyvale,CA,EE. UU.
1172,Marie,Home Office,Waukegan,IL,EE. UU.
1026,Mary,Home Office,Ontario,CA,EE. UU.
6040,Mary,Consumer,Trujillo Alto,PR,Puerto Rico
8532,Mary,Consumer,South Richmond Hill,NY,EE. UU.
6941,Jeffrey,Home Office,Caguas,PR,Puerto Rico
6577,Mary,Consumer,Stafford,VA,EE. UU.
12155,Catherine,Home Office,Raleigh,NC,EE. UU.
974,George,Consumer,Fresno,CA,EE. UU.
3152,Emily,Home Office,Caguas,PR,Puerto Rico
9536,Mary,Consumer,Los Angeles,CA,EE. UU.
11300,Mary,Home Office,Bronx,NY,EE. UU.
6507,Nicholas,Consumer,Caguas,PR,Puerto Rico
11893,Mary,Corporate,Caguas,PR,Puerto Rico
3845,Mary,Corporate,Caguas,PR,Puerto Rico
11810,Bruce,Consumer,Endicott,NY,EE. UU.
8982,Jeremy,Home Office,Sunnyvale,CA,EE. UU.
7560,Mary,Consumer,Caguas,PR,Puerto Rico
12316,Kathy,Consumer,Chicago,IL,EE. UU.
3949,Mary,Consumer,Philadelphia,PA,EE. UU.
3092,Mary,Home Office,Albuquerque,NM,EE. UU.
10131,Charles,Consumer,Caguas,PR,Puerto Rico
4058,Mary,Consumer,San Jose,CA,EE. UU.
7546,Gregory,Home Office,Newark,NJ,EE. UU.
344,Mary,Consumer,Caguas,PR,Puerto Rico
1767,Barbara,Home Office,Caguas,PR,Puerto Rico
1387,Mary,Consumer,Caguas,PR,Puerto Rico
8912,Mary,Home Office,Caguas,PR,Puerto Rico
550,Betty,Home Office,Lancaster,PA,EE. UU.
5108,Victoria,Consumer,Caguas,PR,Puerto Rico
3427,Mary,Corporate,Caguas,PR,Puerto Rico
2806,Mary,Consumer,Caguas,PR,Puerto Rico
11533,Peter,Home Office,Mchenry,IL,EE. UU.
672,Mary,Corporate,Caguas,PR,Puerto Rico
11989,Mary,Consumer,Caguas,PR,Puerto Rico
6565,James,Home Office,Powder Springs,GA,EE. UU.
6753,Judith,Home Office,Winter Park,FL,EE. UU.
11845,Mary,Home Office,Memphis,TN,EE. UU.
11111,Mary,Consumer,San Sebastian,PR,Puerto Rico
11769,Mary,Consumer,Caguas,PR,Puerto Rico
10606,Mary,Home Office,Littleton,CO,EE. UU.
8379,Martha,Home Office,Brandon,FL,EE. UU.
6282,Mary,Consumer,Caguas,PR,Puerto Rico
7900,Shirley,Home Office,San Diego,CA,EE. UU.
2343,Mary,Consumer,Lawton,OK,EE. UU.
9793,Mary,Home Office,Pekin,IL,EE. UU.
3307,Lauren,Consumer,Caguas,PR,Puerto Rico
5056,Mary,Home Office,San Benito,TX,EE. UU.
7111,Sarah,Home Office,Ewa Beach,HI,EE. UU.
6115,Mary,Home Office,Caguas,PR,Puerto Rico
1087,Heather,Home Office,Richardson,TX,EE. UU.
2551,Mary,Consumer,Caguas,PR,Puerto Rico
8284,Catherine,Consumer,Caguas,PR,Puerto Rico
8604,Bryan,Home Office,Medina,OH,EE. UU.
7628,Mary,Corporate,Guayama,PR,Puerto Rico
1006,Mary,Home Office,Laredo,TX,EE. UU.
5705,Joyce,Home Office,Brandon,FL,EE. UU.
4949,Mary,Consumer,Riverside,CA,EE. UU.
7405,Larry,Consumer,Mission Viejo,CA,EE. UU.
10422,Mary,Consumer,Chicago,IL,EE. UU.
4049,Brian,Consumer,Caguas,PR,Puerto Rico
8603,Frances,Home Office,Indianapolis,IN,EE. UU.
6237,Bobby,Home Office,El Cajon,CA,EE. UU.
8217,Virginia,Home Office,Sacramento,CA,EE. UU.
8319,Mary,Consumer,Albany,OR,EE. UU.
8581,Mary,Home Office,Atlanta,GA,EE. UU.
11894,John,Home Office,Canoga Park,CA,EE. UU.
10882,Mary,Home Office,Powder Springs,GA,EE. UU.
1810,James,Home Office,Antioch,CA,EE. UU.
5325,Diana,Consumer,Caguas,PR,Puerto Rico
6985,Daniel,Consumer,Caguas,PR,Puerto Rico
9065,Roy,Home Office,Milwaukee,WI,EE. UU.
573,Mary,Consumer,Washington,DC,EE. UU.
11356,Sean,Consumer,Caguas,PR,Puerto Rico
9483,Sharon,Consumer,Oregon City,OR,EE. UU.
7831,Mary,Consumer,Caguas,PR,Puerto Rico
6157,Susan,Consumer,Caguas,PR,Puerto Rico
3562,Beverly,Home Office,Annandale,VA,EE. UU.
12250,Eric,Consumer,Caguas,PR,Puerto Rico
12283,Willie,Consumer,San Juan,PR,Puerto Rico
2729,Kimberly,Consumer,Caguas,PR,Puerto Rico
6917,Mary,Home Office,Beloit,WI,EE. UU.
5919,Mary,Home Office,Staten Island,NY,EE. UU.
6885,Mary,Consumer,Cypress,CA,EE. UU.
11670,Jerry,Consumer,Caguas,PR,Puerto Rico
5652,Mary,Home Office,Bend,OR,EE. UU.
4961,Justin,Home Office,Opa Locka,FL,EE. UU.
10498,Mary,Consumer,Corona,NY,EE. UU.
7965,Mary,Consumer,Hialeah,FL,EE. UU.
3551,Richard,Consumer,Caguas,PR,Puerto Rico
8785,Mary,Home Office,New York,NY,EE. UU.
11240,Dennis,Home Office,Richmond,VA,EE. UU.
1252,Thomas,Consumer,New York,NY,EE. UU.
11440,Gloria,Home Office,Wilkes Barre,PA,EE. UU.
3821,Martha,Corporate,Caguas,PR,Puerto Rico
4124,Jerry,Consumer,Caguas,PR,Puerto Rico
10169,Brittany,Home Office,Daly City,CA,EE. UU.
6387,John,Consumer,San Benito,TX,EE. UU.
11608,Patricia,Consumer,Norwalk,CA,EE. UU.
7807,Carolyn,Consumer,Houston,TX,EE. UU.
5575,Richard,Home Office,Elk Grove,CA,EE. UU.
10994,Michael,Consumer,El Monte,CA,EE. UU.
5591,Emma,Home Office,Hollywood,FL,EE. UU.
9492,Joan,Corporate,Caguas,PR,Puerto Rico
4948,Emily,Consumer,Caguas,PR,Puerto Rico
8606,Mary,Home Office,Winter Park,FL,EE. UU.
610,Mary,Home Office,New York,NY,EE. UU.
2640,Charles,Consumer,Caguas,PR,Puerto Rico
8871,Janice,Home Office,Granite City,IL,EE. UU.
1879,Mary,Corporate,Caguas,PR,Puerto Rico
2852,Kathryn,Home Office,Lenoir,NC,EE. UU.
7388,Judith,Home Office,Tampa,FL,EE. UU.
11148,Lisa,Consumer,San Antonio,TX,EE. UU.
7145,Mary,Home Office,Lancaster,OH,EE. UU.
10415,Melissa,Consumer,Caguas,PR,Puerto Rico
12410,Bryan,Consumer,Sandusky,OH,EE. UU.
6409,Mary,Home Office,Sanford,NC,EE. UU.
8000,Edward,Home Office,Caguas,PR,Puerto Rico
12228,Amy,Consumer,Caguas,PR,Puerto Rico
11647,Mary,Consumer,Caguas,PR,Puerto Rico
4361,David,Corporate,Caguas,PR,Puerto Rico
6139,Mary,Consumer,Caguas,PR,Puerto Rico
4091,Doris,Consumer,New York,NY,EE. UU.
9648,Mary,Home Office,Mesa,AZ,EE. UU.
3992,Grace,Corporate,Caguas,PR,Puerto Rico
10997,Bobby,Corporate,Pacoima,CA,EE. UU.
6058,Lauren,Consumer,San Antonio,TX,EE. UU.
9668,Stephen,Home Office,Caguas,PR,Puerto Rico
10445,Mary,Consumer,Caguas,PR,Puerto Rico
350,Mary,Consumer,Caguas,PR,Puerto Rico
2480,Lori,Home Office,Milwaukee,WI,EE. UU.
11859,William,Home Office,Tucson,AZ,EE. UU.
10600,David,Consumer,Caguas,PR,Puerto Rico
208,Mary,Home Office,Bayamon,PR,Puerto Rico
11113,Jacqueline,Consumer,Brooklyn,NY,EE. UU.
10435,Mary,Home Office,Hawthorne,CA,EE. UU.
2905,Kelly,Home Office,Caguas,PR,Puerto Rico
5261,Jennifer,Consumer,Manati,PR,Puerto Rico
6284,Mary,Consumer,Caguas,PR,Puerto Rico
1276,Mary,Consumer,Honolulu,HI,EE. UU.
11434,Mary,Home Office,Miami,FL,EE. UU.
9630,Mary,Consumer,Caguas,PR,Puerto Rico
9445,Carol,Home Office,Plano,TX,EE. UU.
10409,Alan,Corporate,Caguas,PR,Puerto Rico
1329,Mary,Consumer,Las Vegas,NV,EE. UU.
5906,Austin,Consumer,Canovanas,PR,Puerto Rico
4977,Howard,Consumer,Caguas,PR,Puerto Rico
3876,Mary,Consumer,Normal,IL,EE. UU.
675,Mary,Home Office,Greensboro,NC,EE. UU.
3622,Donald,Home Office,Brooklyn,NY,EE. UU.
11812,Margaret,Consumer,Medford,MA,EE. UU.
6748,Keith,Home Office,Greensboro,NC,EE. UU.
9497,Jerry,Consumer,Caguas,PR,Puerto Rico
6954,Mary,Home Office,Lawrenceville,GA,EE. UU.
588,Roy,Consumer,Caguas,PR,Puerto Rico
139,Daniel,Home Office,San Diego,CA,EE. UU.
8045,Peter,Home Office,Powder Springs,GA,EE. UU.
5833,Jessica,Home Office,Brooklyn,NY,EE. UU.
2342,Kyle,Home Office,Washington,DC,EE. UU.
5802,Mary,Home Office,Caguas,PR,Puerto Rico
12220,Mary,Home Office,Chicago,IL,EE. UU.
10886,Scott,Home Office,Brooklyn,NY,EE. UU.
1918,Ralph,Home Office,Santee,CA,EE. UU.
6916,Scott,Home Office,Escondido,CA,EE. UU.
5701,Mary,Home Office,Caguas,PR,Puerto Rico
3880,Mary,Home Office,Bakersfield,CA,EE. UU.
6942,Jordan,Home Office,Long Beach,CA,EE. UU.
8966,Mary,Home Office,Fort Worth,TX,EE. UU.
6349,Aaron,Home Office,Lewisville,TX,EE. UU.
7578,Keith,Home Office,Pompano Beach,FL,EE. UU.
1160,Mary,Home Office,Los Angeles,CA,EE. UU.
5938,Donna,Consumer,Caguas,PR,Puerto Rico
7593,Roger,Home Office,New Haven,CT,EE. UU.
2195,Walter,Home Office,Dallas,TX,EE. UU.
8958,Mary,Home Office,Chicago,IL,EE. UU.
4709,Jesse,Consumer,Caguas,PR,Puerto Rico
7618,Jerry,Home Office,Caguas,PR,Puerto Rico
11703,Mary,Consumer,Caguas,PR,Puerto Rico
5830,Mary,Consumer,Caguas,PR,Puerto Rico
10356,Mary,Corporate,Caguas,PR,Puerto Rico
1207,Mary,Consumer,Diamond Bar,CA,EE. UU.
3510,Juan,Home Office,San Jose,CA,EE. UU.
8141,Roy,Home Office,Houston,TX,EE. UU.
12057,Tyler,Home Office,Brooklyn,NY,EE. UU.
2171,Mary,Consumer,Caguas,PR,Puerto Rico
8413,Mary,Consumer,Caguas,PR,Puerto Rico
7872,Mary,Home Office,San Jose,CA,EE. UU.
8751,Amy,Consumer,Caguas,PR,Puerto Rico
4625,Mary,Consumer,Oviedo,FL,EE. UU.
5541,Johnny,Home Office,Houston,TX,EE. UU.
8916,Justin,Consumer,Bayamon,PR,Puerto Rico
620,Roger,Consumer,Caguas,PR,Puerto Rico
11043,John,Consumer,Caguas,PR,Puerto Rico
10234,William,Consumer,Las Cruces,NM,EE. UU.
5075,Sharon,Consumer,Jonesboro,AR,EE. UU.
1333,Mary,Consumer,Colorado Springs,CO,EE. UU.
10475,Mary,Consumer,Caguas,PR,Puerto Rico
11496,Melissa,Consumer,Caguas,PR,Puerto Rico
6809,Justin,Consumer,Caguas,PR,Puerto Rico
7583,Mary,Consumer,Asheboro,NC,EE. UU.
9259,Thomas,Consumer,Guayama,PR,Puerto Rico
6608,Mary,Home Office,Pompano Beach,FL,EE. UU.
7718,Mary,Home Office,Caguas,PR,Puerto Rico
630,Jacob,Consumer,Caguas,PR,Puerto Rico
5470,Robert,Consumer,Caguas,PR,Puerto Rico
8710,Kathleen,Consumer,Duluth,GA,EE. UU.
4844,Lauren,Home Office,El Centro,CA,EE. UU.
5437,Austin,Home Office,San Pablo,CA,EE. UU.
5588,Jane,Consumer,Santa Ana,CA,EE. UU.
8634,Mary,Consumer,Caguas,PR,Puerto Rico
12021,Gregory,Consumer,Caguas,PR,Puerto Rico
7571,Amber,Consumer,Chicago,IL,EE. UU.
4835,Katherine,Consumer,Memphis,TN,EE. UU.
10931,Mary,Consumer,Caguas,PR,Puerto Rico
562,Mary,Consumer,Tracy,CA,EE. UU.
8942,Robert,Home Office,Caguas,PR,Puerto Rico
1297,Christopher,Consumer,San Diego,CA,EE. UU.
3419,Mary,Consumer,Flushing,NY,EE. UU.
8880,Raymond,Home Office,Escondido,CA,EE. UU.
11966,Hannah,Consumer,Caguas,PR,Puerto Rico
5005,Mary,Consumer,Berwyn,IL,EE. UU.
3500,Mary,Home Office,Escondido,CA,EE. UU.
6114,Sandra,Home Office,Fremont,CA,EE. UU.
2285,Mildred,Home Office,Caguas,PR,Puerto Rico
3638,Amy,Consumer,Caguas,PR,Puerto Rico
6845,Mary,Home Office,Los Angeles,CA,EE. UU.
8416,Crystal,Home Office,Colton,CA,EE. UU.
6038,Sharon,Consumer,Plainfield,NJ,EE. UU.
4981,Richard,Home Office,Bronx,NY,EE. UU.
3508,Randy,Home Office,Escondido,CA,EE. UU.
11863,James,Consumer,Caguas,PR,Puerto Rico
6076,Amy,Consumer,Caguas,PR,Puerto Rico
5305,Kathleen,Home Office,Corona,CA,EE. UU.
8296,Mary,Consumer,Detroit,MI,EE. UU.
1717,Kathleen,Home Office,Porterville,CA,EE. UU.
10336,Mary,Home Office,Philadelphia,PA,EE. UU.
9505,Theresa,Home Office,Orlando,FL,EE. UU.
9695,Mary,Home Office,Brooklyn,NY,EE. UU.
2207,Lori,Consumer,Caguas,PR,Puerto Rico
12346,Mary,Home Office,Santa Clara,CA,EE. UU.
6087,Evelyn,Home Office,Norcross,GA,EE. UU.
8627,Mary,Home Office,Miami,FL,EE. UU.
7547,Andrea,Consumer,Caguas,PR,Puerto Rico
10993,Mary,Home Office,La Habra,CA,EE. UU.
2543,Alan,Home Office,Tempe,AZ,EE. UU.
6952,Michael,Consumer,Caguas,PR,Puerto Rico
9098,Michael,Home Office,Washington,PA,EE. UU.
8212,Mary,Home Office,Spring Valley,CA,EE. UU.
1088,Zachary,Home Office,Caguas,PR,Puerto Rico
5889,Jonathan,Home Office,Pekin,IL,EE. UU.
12224,Mary,Home Office,Philadelphia,PA,EE. UU.
10745,Mary,Consumer,Caguas,PR,Puerto Rico
10388,William,Consumer,Fort Lauderdale,FL,EE. UU.
8920,Linda,Home Office,Troy,MI,EE. UU.
11138,William,Home Office,Las Vegas,NV,EE. UU.
10167,Kathy,Consumer,New Braunfels,TX,EE. UU.
7834,Mary,Home Office,Salt Lake City,UT,EE. UU.
196,Thomas,Home Office,Dearborn,MI,EE. UU.
182,James,Consumer,Caguas,PR,Puerto Rico
8817,Mary,Home Office,Winnetka,CA,EE. UU.
6017,Juan,Home Office,Wyandotte,MI,EE. UU.
8704,Mary,Consumer,Caguas,PR,Puerto Rico
10605,Elizabeth,Consumer,Caguas,PR,Puerto Rico
3387,Grace,Consumer,Caguas,PR,Puerto Rico
426,Susan,Home Office,Endicott,NY,EE. UU.
3446,Kathryn,Consumer,Corona,CA,EE. UU.
781,Samuel,Consumer,Miami,FL,EE. UU.
5504,Mary,Consumer,Caguas,PR,Puerto Rico
9363,Mary,Home Office,San Diego,CA,EE. UU.
2356,Mary,Home Office,Irwin,PA,EE. UU.
5172,Ann,Consumer,Caguas,PR,Puerto Rico
6357,Ruth,Home Office,Carol Stream,IL,EE. UU.
2031,Mary,Home Office,Los Angeles,CA,EE. UU.
1686,Mary,Home Office,Los Angeles,CA,EE. UU.
3174,Rose,Corporate,Caguas,PR,Puerto Rico
1431,Mary,Home Office,Caguas,PR,Puerto Rico
4214,Olivia,Consumer,Caguas,PR,Puerto Rico
6804,Matthew,Home Office,Caguas,PR,Puerto Rico
8822,Dorothy,Home Office,Dallas,TX,EE. UU.
9869,Mary,Home Office,Honolulu,HI,EE. UU.
10075,Tammy,Home Office,Azusa,CA,EE. UU.
1337,Mary,Home Office,Caguas,PR,Puerto Rico
7890,Mary,Home Office,South Ozone Park,NY,EE. UU.
1039,Mary,Corporate,Caguas,PR,Puerto Rico
5132,Rebecca,Consumer,Caguas,PR,Puerto Rico
10373,Mary,Home Office,Brandon,FL,EE. UU.
10141,Mary,Home Office,Medford,MA,EE. UU.
7386,Joshua,Home Office,Caguas,PR,Puerto Rico
3049,Stephen,Consumer,Bakersfield,CA,EE. UU.
3463,Laura,Consumer,Greensboro,NC,EE. UU.
11294,Phillip,Consumer,Caguas,PR,Puerto Rico
5115,Paul,Consumer,Caguas,PR,Puerto Rico
10502,Gloria,Consumer,Caguas,PR,Puerto Rico
8071,Gary,Home Office,Plano,TX,EE. UU.
10085,Mary,Consumer,Los Angeles,CA,EE. UU.
1354,Mary,Consumer,Opelousas,LA,EE. UU.
4714,Mary,Home Office,Miami,FL,EE. UU.
9134,Frank,Home Office,Fresno,CA,EE. UU.
1532,Mary,Consumer,Fresno,CA,EE. UU.
5319,Melissa,Consumer,Caguas,PR,Puerto Rico
10684,John,Home Office,Miami,FL,EE. UU.
1881,Anna,Home Office,Mesa,AZ,EE. UU.
2843,Mary,Consumer,Sugar Land,TX,EE. UU.
3051,John,Home Office,Sugar Land,TX,EE. UU.
12359,Melissa,Home Office,Bronx,NY,EE. UU.
6685,Lori,Consumer,Caguas,PR,Puerto Rico
9398,Patricia,Consumer,Caguas,PR,Puerto Rico
5010,Mary,Home Office,Cleveland,OH,EE. UU.
722,Diane,Consumer,Caguas,PR,Puerto Rico
2135,Melissa,Home Office,El Centro,CA,EE. UU.
1095,Mary,Consumer,Caguas,PR,Puerto Rico
10686,Mary,Home Office,Greensboro,NC,EE. UU.
4325,Douglas,Consumer,Caguas,PR,Puerto Rico
6756,Jean,Home Office,Metairie,LA,EE. UU.
1281,Johnny,Home Office,Modesto,CA,EE. UU.
5294,Nicholas,Consumer,Ballwin,MO,EE. UU.
10542,Mary,Consumer,Los Angeles,CA,EE. UU.
6527,Andrea,Consumer,San Jose,CA,EE. UU.
6475,Mary,Home Office,Chicago,IL,EE. UU.
11039,Mary,Consumer,Caguas,PR,Puerto Rico
6513,Mary,Consumer,Sugar Land,TX,EE. UU.
1676,Dorothy,Home Office,Charlotte,NC,EE. UU.
8096,Mary,Home Office,Chicago,IL,EE. UU.
4884,Mary,Consumer,Caguas,PR,Puerto Rico
1050,Gloria,Consumer,Hamtramck,MI,EE. UU.
164,Mary,Consumer,Caguas,PR,Puerto Rico
6805,Donald,Home Office,San Francisco,CA,EE. UU.
128,Rose,Consumer,Augusta,GA,EE. UU.
10837,Mary,Home Office,Caguas,PR,Puerto Rico
2377,Sandra,Home Office,Carlisle,PA,EE. UU.
10444,Gregory,Home Office,Brooklyn,NY,EE. UU.
1922,Mary,Home Office,New Albany,IN,EE. UU.
6013,Peter,Corporate,Caguas,PR,Puerto Rico
3612,Gregory,Home Office,Aurora,CO,EE. UU.
9709,Mary,Home Office,North Las Vegas,NV,EE. UU.
5215,Amber,Home Office,Cypress,CA,EE. UU.
8106,Theresa,Consumer,Caguas,PR,Puerto Rico
5607,Mary,Consumer,Caguas,PR,Puerto Rico
4982,Cynthia,Home Office,Union,NJ,EE. UU.
4088,Kathleen,Home Office,Salt Lake City,UT,EE. UU.
7106,Maria,Home Office,Detroit,MI,EE. UU.
5052,Larry,Home Office,Oregon City,OR,EE. UU.
3455,Mary,Home Office,Tucson,AZ,EE. UU.
3807,Mary,Home Office,Brandon,FL,EE. UU.
8317,Anna,Home Office,Wheeling,WV,EE. UU.
11324,Martha,Home Office,Dallas,TX,EE. UU.
4733,Diane,Home Office,Saint Louis,MO,EE. UU.
8512,Deborah,Consumer,Bronx,NY,EE. UU.
3338,Howard,Consumer,Taunton,MA,EE. UU.
4507,Mary,Consumer,Ithaca,NY,EE. UU.
7139,Mary,Home Office,Baldwin Park,CA,EE. UU.
5834,Andrew,Consumer,Caguas,PR,Puerto Rico
4102,Alexander,Consumer,Marrero,LA,EE. UU.
6693,Mary,Home Office,Wyoming,MI,EE. UU.
4501,Mary,Home Office,Watsonville,CA,EE. UU.
2554,Zachary,Consumer,Caguas,PR,Puerto Rico
3875,Frances,Consumer,Caguas,PR,Puerto Rico
49,Martha,Consumer,Caguas,PR,Puerto Rico
2500,Michael,Home Office,Ypsilanti,MI,EE. UU.
686,Mary,Home Office,North Hollywood,CA,EE. UU.
7087,Donna,Consumer,Brooklyn,NY,EE. UU.
1722,Mary,Consumer,Caguas,PR,Puerto Rico
5515,Mary,Home Office,Cincinnati,OH,EE. UU.
10098,Angela,Home Office,Phoenix,AZ,EE. UU.
12324,Ruth,Home Office,Caguas,PR,Puerto Rico
3224,Kevin,Home Office,Las Vegas,NV,EE. UU.
6432,Phillip,Consumer,Caguas,PR,Puerto Rico
4680,Gloria,Corporate,Carlisle,PA,EE. UU.
1825,Mary,Home Office,Van Nuys,CA,EE. UU.
2125,Mary,Home Office,Bend,OR,EE. UU.
6479,Paul,Consumer,Caguas,PR,Puerto Rico
5522,Rebecca,Consumer,Caguas,PR,Puerto Rico
9745,Michelle,Home Office,Caguas,PR,Puerto Rico
10998,Mary,Home Office,Detroit,MI,EE. UU.
4158,Tyler,Consumer,Caguas,PR,Puerto Rico
5849,Mary,Home Office,Saint Louis,MO,EE. UU.
3451,Samantha,Consumer,Caguas,PR,Puerto Rico
8686,Dorothy,Corporate,Caguas,PR,Puerto Rico
591,Rose,Consumer,Caguas,PR,Puerto Rico
8130,Mary,Home Office,Hollywood,FL,EE. UU.
5413,Mary,Home Office,Chicago,IL,EE. UU.
2311,Linda,Home Office,Anaheim,CA,EE. UU.
10055,Mary,Home Office,Las Vegas,NV,EE. UU.
5861,Mary,Consumer,Des Plaines,IL,EE. UU.
8055,Mary,Consumer,Katy,TX,EE. UU.
3381,Lisa,Home Office,Portland,OR,EE. UU.
6238,Mary,Home Office,Caguas,PR,Puerto Rico
5462,James,Consumer,Brooklyn,NY,EE. UU.
12298,Mary,Consumer,Caguas,PR,Puerto Rico
3089,Sean,Consumer,Caguas,PR,Puerto Rico
499,Mary,Home Office,San Diego,CA,EE. UU.
11484,Mary,Consumer,Lancaster,PA,EE. UU.
9417,Mary,Home Office,Olathe,KS,EE. UU.
10315,Mary,Consumer,Jackson Heights,NY,EE. UU.
6995,Mary,Home Office,Brandon,FL,EE. UU.
9853,Julia,Home Office,Corona,CA,EE. UU.
9953,Mary,Consumer,San Juan,PR,Puerto Rico
6286,Randy,Consumer,Caguas,PR,Puerto Rico
7843,Catherine,Consumer,Caguas,PR,Puerto Rico
1698,Susan,Home Office,Detroit,MI,EE. UU.
1861,Nancy,Consumer,Caguas,PR,Puerto Rico
10937,Mary,Home Office,Phoenix,AZ,EE. UU.
3768,David,Home Office,Miami,FL,EE. UU.
1213,Jason,Home Office,Eugene,OR,EE. UU.
5672,Mary,Home Office,Chandler,AZ,EE. UU.
4767,Jennifer,Home Office,Washington,PA,EE. UU.
1572,Brandon,Consumer,Yuma,AZ,EE. UU.
11289,Mary,Home Office,Mount Pleasant,MI,EE. UU.
11672,Charles,Consumer,Caguas,PR,Puerto Rico
5969,Adam,Consumer,Caguas,PR,Puerto Rico
6404,Dylan,Home Office,Buena Park,CA,EE. UU.
8029,Sandra,Corporate,Caguas,PR,Puerto Rico
3585,Kimberly,Home Office,Chicago,IL,EE. UU.
5368,Gerald,Home Office,Brooklyn,NY,EE. UU.
1485,Tiffany,Home Office,Morristown,NJ,EE. UU.
5065,Donald,Home Office,Dearborn,MI,EE. UU.
3719,Mary,Consumer,Caguas,PR,Puerto Rico
2545,Larry,Home Office,Richardson,TX,EE. UU.
11244,John,Consumer,Ann Arbor,MI,EE. UU.
657,Mary,Corporate,Caguas,PR,Puerto Rico
6074,Danielle,Consumer,Chicago,IL,EE. UU.
6163,Mary,Home Office,San Jose,CA,EE. UU.
1208,Lauren,Consumer,Caguas,PR,Puerto Rico
8316,Charles,Home Office,Augusta,GA,EE. UU.
9579,Beverly,Consumer,Buffalo,NY,EE. UU.
3347,Mary,Home Office,El Paso,TX,EE. UU.
8099,Ashley,Home Office,Brooklyn,NY,EE. UU.
7681,Terry,Consumer,Caguas,PR,Puerto Rico
1328,Denise,Home Office,Wayne,NJ,EE. UU.
5586,Catherine,Consumer,Caguas,PR,Puerto Rico
5366,Lawrence,Home Office,San Diego,CA,EE. UU.
5318,Jessica,Home Office,Cleveland,OH,EE. UU.
11442,Adam,Consumer,Caguas,PR,Puerto Rico
9450,Nathan,Home Office,Carol Stream,IL,EE. UU.
3465,Mary,Home Office,Santa Clara,CA,EE. UU.
5136,Mary,Consumer,Caguas,PR,Puerto Rico
9367,Ryan,Consumer,San Benito,TX,EE. UU.
8727,James,Consumer,San Antonio,TX,EE. UU.
2087,Mary,Home Office,San Benito,TX,EE. UU.
160,Ashley,Home Office,Brooklyn,NY,EE. UU.
690,Michael,Home Office,Salt Lake City,UT,EE. UU.
6244,Mary,Home Office,Orlando,FL,EE. UU.
7077,Katherine,Home Office,Caguas,PR,Puerto Rico
401,Bobby,Consumer,Aurora,CO,EE. UU.
522,William,Consumer,Caguas,PR,Puerto Rico
2400,Mary,Consumer,Caguas,PR,Puerto Rico
10420,Mary,Home Office,Plainfield,NJ,EE. UU.
7530,Emily,Corporate,Long Beach,CA,EE. UU.
3349,Lauren,Consumer,San Diego,CA,EE. UU.
5642,Mary,Consumer,Columbia,TN,EE. UU.
4437,Mary,Consumer,Wilkes Barre,PA,EE. UU.
3368,Mary,Consumer,Las Vegas,NV,EE. UU.
11328,Patricia,Consumer,Los Angeles,CA,EE. UU.
6843,Rebecca,Consumer,New York,NY,EE. UU.
8054,Andrea,Consumer,Brooklyn,NY,EE. UU.
5443,Mary,Consumer,Greeley,CO,EE. UU.
4423,Emma,Consumer,Panorama City,CA,EE. UU.
13401,Hillary,Consumer,Jonesboro,AR,EE. UU.
13023,Clio,Consumer,Ogden,UT,EE. UU.
13257,Holly,Consumer,Piscataway,NJ,EE. UU.
14257,Yoko,Consumer,Columbus,OH,EE. UU.
14220,Xaviera,Consumer,Washington,DC,EE. UU.
13490,Glenna,Consumer,Chicago,IL,EE. UU.
14400,Lana,Consumer,Bakersfield,CA,EE. UU.
14310,Aiko,Consumer,Los Angeles,CA,EE. UU.
14112,Mikayla,Consumer,Charlotte,NC,EE. UU.
13381,Noel,Consumer,Indio,CA,EE. UU.
14237,Bo,Consumer,Englewood,CO,EE. UU.
14129,Kevyn,Consumer,Catonsville,MD,EE. UU.
14484,Quincy,Consumer,Greensboro,NC,EE. UU.
13237,Astra,Consumer,Vista,CA,EE. UU.
13399,Martha,Consumer,Toms River,NJ,EE. UU.
13453,Shea,Consumer,Jackson Heights,NY,EE. UU.
13380,Alfreda,Consumer,Wyoming,MI,EE. UU.
13164,Sonia,Consumer,Philadelphia,PA,EE. UU.
13416,Abra,Consumer,San Jose,CA,EE. UU.
14236,Alice,Consumer,Massapequa,NY,EE. UU.
13325,Virginia,Consumer,San Marcos,CA,EE. UU.
13055,Brooke,Consumer,Houston,TX,EE. UU.
14608,Aphrodite,Consumer,West Haven,CT,EE. UU.
13235,Lara,Consumer,Pompano Beach,FL,EE. UU.
13307,Madeline,Consumer,Amarillo,TX,EE. UU.
14235,Amanda,Consumer,Newark,OH,EE. UU.
14428,Libby,Consumer,Virginia Beach,VA,EE. UU.
13324,Dominique,Consumer,Los Angeles,CA,EE. UU.
13486,Madonna,Consumer,Hamtramck,MI,EE. UU.
13432,Adena,Consumer,Austin,TX,EE. UU.
14481,Quin,Consumer,Methuen,MA,EE. UU.
14661,Ann,Consumer,San Diego,CA,EE. UU.
14463,Irene,Consumer,Mission Viejo,CA,EE. UU.
14072,Rosalyn,Consumer,Fort Washington,MD,EE. UU.
14409,Cleo,Consumer,Kent,WA,EE. UU.
13377,Sydney,Consumer,Modesto,CA,EE. UU.
13215,Adrienne,Consumer,New Haven,CT,EE. UU.
13395,Harriet,Consumer,Tempe,AZ,EE. UU.
13376,Karina,Consumer,El Paso,TX,EE. UU.
14515,Jillian,Consumer,Bend,OR,EE. UU.
13358,Remedios,Consumer,Lancaster,OH,EE. UU.
14106,Phyllis,Consumer,Opelousas,LA,EE. UU.
13321,Belle,Consumer,Chesapeake,VA,EE. UU.
14321,Heather,Consumer,Columbia,SC,EE. UU.
13267,Jenette,Consumer,Crystal Lake,IL,EE. UU.
14177,Celeste,Consumer,Mission Viejo,CA,EE. UU.
14105,Laura,Consumer,New York,NY,EE. UU.
14550,Rachel,Consumer,Los Angeles,CA,EE. UU.
13302,Irma,Consumer,Quincy,IL,EE. UU.
13320,Cassandra,Consumer,Florissant,MO,EE. UU.
13068,Iris,Consumer,Grand Prairie,TX,EE. UU.
14176,Portia,Consumer,Virginia Beach,VA,EE. UU.
13445,Quincy,Consumer,Eagle Pass,TX,EE. UU.
13283,Minerva,Consumer,San Diego,CA,EE. UU.
13139,Shafira,Consumer,Miami,FL,EE. UU.
14337,Joan,Consumer,Chicago,IL,EE. UU.
14373,Cynthia,Consumer,El Paso,TX,EE. UU.
14102,Josephine,Consumer,Miami,FL,EE. UU.
14084,Candice,Consumer,Cerritos,CA,EE. UU.
14389,Beverly,Consumer,Potomac,MD,EE. UU.
13155,Lysandra,Consumer,Tucson,AZ,EE. UU.
13065,Sydnee,Consumer,Van Nuys,CA,EE. UU.
14281,Debra,Consumer,York,PA,EE. UU.
13298,Kelsie,Consumer,San Antonio,TX,EE. UU.
14455,Oprah,Consumer,Brooklyn,NY,EE. UU.
14316,Blythe,Consumer,Miami,FL,EE. UU.
14226,Jana,Consumer,Freeport,NY,EE. UU.
13423,Idola,Consumer,Albuquerque,NM,EE. UU.
13153,Farrah,Consumer,Albuquerque,NM,EE. UU.
13008,Rosalyn,Consumer,Spring Valley,CA,EE. UU.
13404,Anastasia,Consumer,Cleveland,OH,EE. UU.
13026,Brynn,Consumer,Meridian,ID,EE. UU.
13512,Mara,Consumer,Fort Worth,TX,EE. UU.
14385,Hadley,Consumer,Washington,DC,EE. UU.
13295,Alisa,Consumer,Greensburg,PA,EE. UU.
14578,Ocean,Consumer,East Lansing,MI,EE. UU.
14312,Heidi,Consumer,Salina,KS,EE. UU.
14685,Iola,Consumer,Los Angeles,CA,EE. UU.
14451,Natalie,Consumer,San Antonio,TX,EE. UU.
14132,Dawn,Consumer,Los Angeles,CA,EE. UU.
14613,Clare,Consumer,Norwalk,CA,EE. UU.
11260,Mary,Consumer,Fort Lauderdale,FL,EE. UU.
35,Margaret,Consumer,Oceanside,CA,EE. UU.
13753,Sage,Consumer,Lake Forest,CA,EE. UU.
13879,Quon,Consumer,West Orange,NJ,EE. UU.
7490,Mary,Consumer,Chapel Hill,NC,EE. UU.
13697,Cassandra,Consumer,Fullerton,CA,EE. UU.
14039,Karleigh,Consumer,Laredo,TX,EE. UU.
6191,Donna,Consumer,Saint Paul,MN,EE. UU.
14805,Josephine,Consumer,Findlay,OH,EE. UU.
13750,Moana,Consumer,Anaheim,CA,EE. UU.
14714,Brittany,Consumer,Reynoldsburg,OH,EE. UU.
13749,Daryl,Consumer,Antioch,TN,EE. UU.
14749,Melissa,Consumer,Scottsdale,AZ,EE. UU.
13569,Dominique,Consumer,Oxnard,CA,EE. UU.
13802,Sage,Consumer,Costa Mesa,CA,EE. UU.
13712,Fiona,Consumer,Honolulu,HI,EE. UU.
13676,Amanda,Consumer,Raleigh,NC,EE. UU.
14017,Kameko,Consumer,Saint Louis,MO,EE. UU.
13765,Shana,Consumer,Las Vegas,NV,EE. UU.
13747,Aphrodite,Consumer,West Chester,PA,EE. UU.
13567,Madeson,Consumer,Saint Louis,MO,EE. UU.
3902,Mary,Consumer,Oceanside,CA,EE. UU.
13584,Jael,Consumer,Augusta,GA,EE. UU.
14710,Xaviera,Consumer,South El Monte,CA,EE. UU.
14854,Aimee,Consumer,Enfield,CT,EE. UU.
13925,Susan,Consumer,New York,NY,EE. UU.
13583,Kaye,Consumer,Brooklyn,NY,EE. UU.
13907,Regina,Consumer,Costa Mesa,CA,EE. UU.
13727,Kameko,Consumer,Massillon,OH,EE. UU.
13708,Wendy,Consumer,Bolingbrook,IL,EE. UU.
12807,Farrah,Consumer,San Antonio,TX,EE. UU.
13581,Jaquelyn,Consumer,Columbus,OH,EE. UU.
13635,Regina,Consumer,Philadelphia,PA,EE. UU.
13689,Mari,Consumer,Enfield,CT,EE. UU.
14761,Stacey,Consumer,Antioch,CA,EE. UU.
14031,Tatyana,Consumer,Troy,MI,EE. UU.
14778,Chelsea,Consumer,Washington,DC,EE. UU.
14012,Courtney,Consumer,San Diego,CA,EE. UU.
13598,Kyra,Consumer,Winnetka,CA,EE. UU.
14048,Ainsley,Consumer,Kailua,HI,EE. UU.
13976,Kelsey,Consumer,Pittsfield,MA,EE. UU.
389,Angela,Consumer,Modesto,CA,EE. UU.
14705,Winter,Consumer,Riverside,CA,EE. UU.
1925,Edward,Consumer,Moreno Valley,CA,EE. UU.
14047,Haviva,Consumer,Bakersfield,CA,EE. UU.
980,James,Consumer,San Jose,CA,EE. UU.
5139,Janet,Consumer,Greenville,NC,EE. UU.
14046,Zena,Consumer,CA,91732,EE. UU.
14704,Olympia,Consumer,Marietta,GA,EE. UU.
12785,Yoko,Consumer,Florissant,MO,EE. UU.
13992,Nora,Consumer,Las Vegas,NV,EE. UU.
13578,Yuri,Consumer,Columbia,SC,EE. UU.
14866,Jaden,Consumer,Dallas,TX,EE. UU.
14739,Jenette,Consumer,Chicago,IL,EE. UU.
13901,Tatum,Consumer,Wayne,NJ,EE. UU.
14829,Anika,Consumer,Hesperia,CA,EE. UU.
13918,Lesley,Consumer,Los Angeles,CA,EE. UU.
14738,Lee,Consumer,Bakersfield,CA,EE. UU.
12783,Jane,Consumer,Dallas,TX,EE. UU.
14026,Raya,Consumer,Katy,TX,EE. UU.
14702,Ivory,Consumer,Chino,CA,EE. UU.
14882,Shay,Consumer,Pompano Beach,FL,EE. UU.
14792,Cassandra,Consumer,Irwin,PA,EE. UU.
12746,Minerva,Consumer,York,PA,EE. UU.
13899,Ria,Consumer,Tampa,FL,EE. UU.
14791,Brenna,Consumer,Katy,TX,EE. UU.
9474,Keith,Consumer,Methuen,MA,EE. UU.
13862,Olga,Consumer,Long Beach,CA,EE. UU.
13754,Quynn,Consumer,Perth Amboy,NJ,EE. UU.
14898,September,Consumer,Long Beach,CA,EE. UU.
13916,Lillian,Consumer,Chicago,IL,EE. UU.
14916,Dorothy,Consumer,Milwaukee,WI,EE. UU.
12781,Raya,Consumer,Chicago,IL,EE. UU.
13970,Felicia,Consumer,Fountain Valley,CA,EE. UU.
14880,Idona,Consumer,Moline,IL,EE. UU.
5693,Amber,Consumer,Lockport,IL,EE. UU.
3236,Mary,Consumer,Hollister,CA,EE. UU.
4175,Julia,Consumer,Westland,MI,EE. UU.
4167,Mary,Consumer,Malden,MA,EE. UU.
11009,Christopher,Consumer,Federal Way,WA,EE. UU.
2566,Ruth,Consumer,Merced,CA,EE. UU.
9525,Roger,Consumer,Jamaica,NY,EE. UU.
12578,Leila,Consumer,Opa Locka,FL,EE. UU.
12682,Pandora,Consumer,Oak Lawn,IL,EE. UU.
12645,Jade,Consumer,Fort Worth,TX,EE. UU.
12498,Felicia,Consumer,Brooklyn,NY,EE. UU.
12714,Azalia,Consumer,Brooklyn,NY,EE. UU.
12533,Lani,Consumer,Phoenix,AZ,EE. UU.
12621,Venus,Consumer,Louisville,KY,EE. UU.
12619,Caryn,Consumer,Hayward,CA,EE. UU.
12690,Darryl,Consumer,San Antonio,TX,EE. UU.
12491,Bertha,Consumer,Phoenix,AZ,EE. UU.
12581,Rhonda,Consumer,Dayton,OH,EE. UU.
12561,Doris,Consumer,Oxnard,CA,EE. UU.
12705,Celeste,Consumer,Chicago,IL,EE. UU.
14997,Naida,Consumer,Jersey City,NJ,EE. UU.
15123,Blair,Consumer,Brooklyn,NY,EE. UU.
12830,Imelda,Consumer,Lakewood,OH,EE. UU.
14959,Reagan,Consumer,Buffalo,NY,EE. UU.
14923,Leilani,Consumer,Las Cruces,NM,EE. UU.
14975,Indigo,Consumer,Brooklyn,NY,EE. UU.
15137,Stacy,Consumer,Elyria,OH,EE. UU.
15046,Jaquelyn,Consumer,Davis,CA,EE. UU.
12934,Hyacinth,Consumer,Chicago,IL,EE. UU.
15135,Rose,Consumer,Fairfield,OH,EE. UU.
12841,Jorden,Consumer,Fort Lauderdale,FL,EE. UU.
15097,Venus,Consumer,Lawton,OK,EE. UU.
15042,Dorothy,Consumer,Chicago,IL,EE. UU.
12948,Kay,Consumer,Fremont,CA,EE. UU.
12930,Maryam,Consumer,Greeley,CO,EE. UU.
12857,Genevieve,Consumer,San Ramon,CA,EE. UU.
12893,Tamara,Consumer,Brooklyn,NY,EE. UU.
14951,Madonna,Consumer,Apopka,FL,EE. UU.
15004,Delilah,Consumer,Memphis,TN,EE. UU.
15039,Irma,Consumer,Costa Mesa,CA,EE. UU.
15093,Fay,Consumer,Allentown,PA,EE. UU.
15037,Cleo,Consumer,Porterville,CA,EE. UU.
12853,Lilah,Consumer,New York,NY,EE. UU.
12851,Lilah,Consumer,San Diego,CA,EE. UU.
14185,Brianna,Consumer,Cincinnati,OH,EE. UU.
13400,Maggie,Consumer,New York,NY,EE. UU.
14183,Jolie,Consumer,Burnsville,MN,EE. UU.
13057,Irma,Consumer,Anaheim,CA,EE. UU.
13379,Kathleen,Consumer,Tucson,AZ,EE. UU.
14518,Martina,Consumer,Norcross,GA,EE. UU.
13195,Sybill,Consumer,Lawton,OK,EE. UU.
14103,Moana,Consumer,Phoenix,AZ,EE. UU.
14391,Danielle,Consumer,Salem,OR,EE. UU.
10652,Tammy,Consumer,Lenoir,NC,EE. UU.
12777,Alma,Consumer,Carlsbad,CA,EE. UU.
14038,Sophia,Consumer,Santa Ana,CA,EE. UU.
13838,Rachel,Consumer,Dallas,TX,EE. UU.
3388,Mary,Consumer,Augusta,GA,EE. UU.
13890,Karleigh,Consumer,Palo Alto,CA,EE. UU.
13655,Iola,Consumer,Detroit,MI,EE. UU.
13651,Emma,Consumer,Las Vegas,NV,EE. UU.
13793,Karly,Consumer,Stockton,CA,EE. UU.
14757,Naomi,Consumer,Houston,TX,EE. UU.
13719,Dahlia,Consumer,Hawthorne,CA,EE. UU.
13953,Moana,Consumer,Philadelphia,PA,EE. UU.
6644,Judith,Consumer,Quincy,MA,EE. UU.
8577,Mary,Consumer,Virginia Beach,VA,EE. UU.
3662,Betty,Consumer,Troy,NY,EE. UU.
12524,Hiroko,Consumer,Atlanta,GA,EE. UU.
12663,Michelle,Consumer,Tempe,AZ,EE. UU.
12580,Madison,Consumer,Bronx,NY,EE. UU.
12885,Olga,Consumer,Columbus,OH,EE. UU.
15083,Veronica,Consumer,Lancaster,CA,EE. UU.
14973,Hope,Consumer,Phoenix,AZ,EE. UU.
12912,Renee,Consumer,Eugene,OR,EE. UU.
12833,Moana,Consumer,Cumberland,MD,EE. UU.
11617,Mary,Consumer,Virginia Beach,VA,EE. UU.
4993,Mary,Consumer,Fort Lauderdale,FL,EE. UU.
5609,Michael,Consumer,Morristown,NJ,EE. UU.
8092,Mary,Consumer,Irwin,PA,EE. UU.
9276,Mary,Consumer,Dallas,TX,EE. UU.
11838,Zachary,Consumer,Portland,OR,EE. UU.
340,Theresa,Consumer,Denton,TX,EE. UU.
3183,Mary,Consumer,Buffalo,NY,EE. UU.
7959,Mary,Consumer,Strongsville,OH,EE. UU.
2587,Vincent,Consumer,Bensalem,PA,EE. UU.
9997,John,Consumer,Irving,TX,EE. UU.
5195,Steven,Consumer,Bayonne,NJ,EE. UU.
8419,Mary,Consumer,Aurora,CO,EE. UU.
9455,Donna,Consumer,El Monte,CA,EE. UU.
6920,Mary,Consumer,Chicago,IL,EE. UU.
278,Mary,Consumer,Brooklyn,NY,EE. UU.
8108,Steven,Consumer,Los Angeles,CA,EE. UU.
201,Mary,Consumer,Jacksonville,FL,EE. UU.
8739,Eugene,Consumer,Jacksonville,FL,EE. UU.
6705,Mary,Consumer,Vista,CA,EE. UU.
5159,Mary,Consumer,Fort Lauderdale,FL,EE. UU.
4826,Roy,Corporate,Houston,TX,EE. UU.
8874,Nicole,Corporate,Bronx,NY,EE. UU.
14624,Lacota,Corporate,Tulare,CA,EE. UU.
14605,Winifred,Corporate,San Marcos,CA,EE. UU.
14284,Fay,Corporate,Dallas,TX,EE. UU.
14211,Gwendolyn,Corporate,Virginia Beach,VA,EE. UU.
14525,Kirby,Corporate,Atlanta,GA,EE. UU.
13621,Nadine,Corporate,Saint Paul,MN,EE. UU.
14399,Patience,Corporate,Los Angeles,CA,EE. UU.
14381,Cherokee,Corporate,Rego Park,NY,EE. UU.
14090,Selma,Corporate,El Monte,CA,EE. UU.
13197,Brenna,Corporate,Sunnyvale,CA,EE. UU.
14459,Kimberly,Corporate,Brooklyn,NY,EE. UU.
14439,Roary,Corporate,Lancaster,PA,EE. UU.
13263,Hedda,Corporate,New York,NY,EE. UU.
14546,Fay,Corporate,Fullerton,CA,EE. UU.
13424,Medge,Corporate,Pittsfield,MA,EE. UU.
13028,Basia,Corporate,Detroit,MI,EE. UU.
13351,Wynter,Corporate,Broken Arrow,OK,EE. UU.
13350,Orli,Corporate,Bronx,NY,EE. UU.
13493,Kim,Corporate,Hayward,CA,EE. UU.
14416,Felicia,Corporate,Clearfield,UT,EE. UU.
14667,Sybill,Corporate,Florissant,MO,EE. UU.
13348,Kim,Corporate,Las Vegas,NV,EE. UU.
1253,Alice,Corporate,Enfield,CT,EE. UU.
13860,Brenda,Corporate,Mesa,AZ,EE. UU.
12760,Imani,Corporate,Pico Rivera,CA,EE. UU.
13588,Rhoda,Corporate,Bronx,NY,EE. UU.
12811,Xyla,Corporate,Dallas,TX,EE. UU.
13784,Aileen,Corporate,Encinitas,CA,EE. UU.
13963,Bertha,Corporate,Alameda,CA,EE. UU.
13908,Keelie,Corporate,Brooklyn,NY,EE. UU.
13619,Zelda,Corporate,Phoenix,AZ,EE. UU.
12825,Patience,Corporate,Modesto,CA,EE. UU.
14816,Deanna,Corporate,Springfield,MO,EE. UU.
14707,Lara,Corporate,Chicago,IL,EE. UU.
13849,Pandora,Corporate,Chicago,IL,EE. UU.
13774,Skyler,Corporate,Conway,AR,EE. UU.
13647,Grace,Corporate,Los Angeles,CA,EE. UU.
13790,Chantale,Corporate,Opelousas,LA,EE. UU.
6226,John,Corporate,Weslaco,TX,EE. UU.
12593,Hadassah,Corporate,Citrus Heights,CA,EE. UU.
12520,Nora,Corporate,Tampa,FL,EE. UU.
12484,Lunea,Corporate,Strongsville,OH,EE. UU.
12732,Karina,Corporate,Detroit,MI,EE. UU.
12623,Ria,Corporate,Antioch,CA,EE. UU.
12730,Madeson,Corporate,Newark,DE,EE. UU.
12567,Karleigh,Corporate,Methuen,MA,EE. UU.
12531,Morgan,Corporate,Hyattsville,MD,EE. UU.
12709,Blossom,Corporate,Jamaica,NY,EE. UU.
14947,Linda,Corporate,Apex,NC,EE. UU.
14928,Tamara,Corporate,Clementon,NJ,EE. UU.
12941,Lavinia,Corporate,Scottsdale,AZ,EE. UU.
14345,Hedy,Corporate,Carson,CA,EE. UU.
13525,Rowan,Corporate,Raleigh,NC,EE. UU.
14380,Odessa,Corporate,Crystal Lake,IL,EE. UU.
13521,Ila,Corporate,Frankfort,KY,EE. UU.
13413,Tatiana,Corporate,Garden Grove,CA,EE. UU.
13269,Gretchen,Corporate,Dubuque,IA,EE. UU.
14215,Christen,Corporate,South Ozone Park,NY,EE. UU.
13088,Jillian,Corporate,Alpharetta,GA,EE. UU.
14301,Mariam,Corporate,Detroit,MI,EE. UU.
14246,Lareina,Corporate,Antioch,CA,EE. UU.
14529,Irma,Corporate,San Diego,CA,EE. UU.
13497,Ocean,Corporate,Norcross,GA,EE. UU.
13226,Audrey,Corporate,Honolulu,HI,EE. UU.
13280,Maggie,Corporate,Las Vegas,NV,EE. UU.
14295,Mercedes,Corporate,Milwaukee,WI,EE. UU.
14753,Roanna,Corporate,Santa Cruz,CA,EE. UU.
14879,Lois,Corporate,Stone Mountain,GA,EE. UU.
14876,Anastasia,Corporate,Alhambra,CA,EE. UU.
13947,Britanney,Corporate,Wichita,KS,EE. UU.
14819,Melyssa,Corporate,Westerville,OH,EE. UU.
12810,Destiny,Corporate,Mesa,AZ,EE. UU.
12809,Debra,Corporate,Union City,NJ,EE. UU.
13618,Veronica,Corporate,Miami,FL,EE. UU.
14852,Alfreda,Corporate,Houston,TX,EE. UU.
12751,Kelsie,Corporate,Modesto,CA,EE. UU.
2702,Mary,Corporate,Honolulu,HI,EE. UU.
13723,Patience,Corporate,Methuen,MA,EE. UU.
13720,Alika,Corporate,Chino Hills,CA,EE. UU.
13810,Cassandra,Corporate,Miami,FL,EE. UU.
13863,Giselle,Corporate,Weslaco,TX,EE. UU.
14863,Nichole,Corporate,Brooklyn,NY,EE. UU.
12817,Quail,Corporate,Fairfield,OH,EE. UU.
13808,Whitney,Corporate,Virginia Beach,VA,EE. UU.
12632,Fiona,Corporate,Dearborn,MI,EE. UU.
12631,Moana,Corporate,Modesto,CA,EE. UU.
12573,Charissa,Corporate,Broken Arrow,OK,EE. UU.
12566,Sophia,Corporate,Aurora,IL,EE. UU.
15060,Mia,Corporate,Harvey,IL,EE. UU.
15132,Gisela,Corporate,Memphis,TN,EE. UU.
15041,Iris,Corporate,Livermore,CA,EE. UU.
12946,Marah,Corporate,Hialeah,FL,EE. UU.
13022,Constance,Corporate,San Marcos,TX,EE. UU.
12504,Kelsey,Corporate,Peoria,AZ,EE. UU.
12681,Martha,Corporate,Yonkers,NY,EE. UU.
3626,Stephen,Corporate,Oceanside,CA,EE. UU.
4052,Mary,Corporate,Columbus,GA,EE. UU.
9543,Mary,Corporate,Huntington Beach,CA,EE. UU.
18081,Meghan,Corporate,Sugar Land,TX,EE. UU.
8182,Matthew,Corporate,Tucson,AZ,EE. UU.
15988,Clio,Corporate,La Mesa,CA,EE. UU.
17705,Jorden,Corporate,Anaheim,CA,EE. UU.
15521,Basia,Corporate,Cleveland,OH,EE. UU.
20117,Ella,Corporate,San Francisco,CA,EE. UU.
20078,Gretchen,Corporate,Brownsville,TX,EE. UU.
18917,Ori,Corporate,Garland,TX,EE. UU.
15219,Quynn,Corporate,Middletown,OH,EE. UU.
16209,Willow,Corporate,Tempe,AZ,EE. UU.
18615,Ann,Corporate,Chicago,IL,EE. UU.
18949,Ruth,Corporate,Fontana,CA,EE. UU.
18191,Hollee,Corporate,Phoenix,AZ,EE. UU.
18243,Sophia,Corporate,Pekin,IL,EE. UU.
18049,Jael,Corporate,Morristown,NJ,EE. UU.
16517,Shelby,Corporate,Dallas,TX,EE. UU.
16480,Katell,Corporate,Plano,TX,EE. UU.
16530,Nicole,Corporate,Clementon,NJ,EE. UU.
16421,Tamara,Corporate,Chillicothe,OH,EE. UU.
19059,Freya,Corporate,Woodbridge,VA,EE. UU.
15764,Pearl,Corporate,Chicago,IL,EE. UU.
15886,Carolyn,Corporate,Diamond Bar,CA,EE. UU.
15849,Brenna,Corporate,Madera,CA,EE. UU.
18319,Veda,Corporate,Rialto,CA,EE. UU.
18462,Cally,Corporate,Rego Park,NY,EE. UU.
16003,Imani,Corporate,Honolulu,HI,EE. UU.
16019,Whilemina,Corporate,Goleta,CA,EE. UU.
18298,Shoshana,Corporate,Baltimore,MD,EE. UU.
20531,Darrel,Corporate,Austin,TX,EE. UU.
20405,Yetta,Corporate,Rowland Heights,CA,EE. UU.
20746,Roanna,Corporate,Riverside,CA,EE. UU.
17500,Belle,Corporate,Los Angeles,CA,EE. UU.
18347,Ray,Corporate,Los Angeles,CA,EE. UU.
20726,Quon,Corporate,Memphis,TN,EE. UU.
20671,Zia,Corporate,North Richland Hills,TX,EE. UU.
17460,Zoe,Corporate,Dallas,TX,EE. UU.
15939,Bo,Corporate,Philadelphia,PA,EE. UU.
17424,Dominique,Corporate,Rego Park,NY,EE. UU.
17514,Kelsie,Corporate,Apex,NC,EE. UU.
18022,Xaviera,Corporate,Newark,OH,EE. UU.
17351,Karly,Corporate,Houston,TX,EE. UU.
20506,Imani,Corporate,Richmond,TX,EE. UU.
17654,Ann,Corporate,Harvey,IL,EE. UU.
20414,Sybill,Corporate,San Antonio,TX,EE. UU.
17688,Haviva,Corporate,Weslaco,TX,EE. UU.
20628,Sydnee,Corporate,Fort Worth,TX,EE. UU.
15520,Carolyn,Corporate,Chicago,IL,EE. UU.
15393,Avye,Corporate,Lynnwood,WA,EE. UU.
15604,Molly,Corporate,Chicago,IL,EE. UU.
15567,Simone,Corporate,Carlsbad,CA,EE. UU.
15477,Lael,Corporate,Chicago,IL,EE. UU.
15417,Catherine,Corporate,Moreno Valley,CA,EE. UU.
15522,Xandra,Corporate,Tampa,FL,EE. UU.
17574,Anika,Corporate,Hanover,PA,EE. UU.
15160,Cora,Corporate,Los Angeles,CA,EE. UU.
15141,Amanda,Corporate,Hanover,PA,EE. UU.
17064,Ivy,Corporate,Fort Lauderdale,FL,EE. UU.
15267,Mariam,Corporate,Los Angeles,CA,EE. UU.
16204,Halla,Corporate,Miami,FL,EE. UU.
17762,Desirae,Corporate,Chicago,IL,EE. UU.
19843,Zia,Corporate,Bristol,CT,EE. UU.
17223,Abra,Corporate,Moline,IL,EE. UU.
17165,Rama,Corporate,El Centro,CA,EE. UU.
18622,Yolanda,Corporate,Richmond,KY,EE. UU.
19785,Jayme,Corporate,Glendale,AZ,EE. UU.
20018,Octavia,Corporate,Bronx,NY,EE. UU.
17756,Cherokee,Corporate,Annapolis,MD,EE. UU.
18973,Donna,Corporate,Lawrence,MA,EE. UU.
20232,Zenaida,Corporate,Strongsville,OH,EE. UU.
15254,Xena,Corporate,Michigan City,IN,EE. UU.
17033,Maxine,Corporate,Lancaster,PA,EE. UU.
17051,Cleo,Corporate,West Jordan,UT,EE. UU.
19814,Hedwig,Corporate,Chicago,IL,EE. UU.
17859,Jaden,Corporate,Costa Mesa,CA,EE. UU.
16316,Wynter,Corporate,Bakersfield,CA,EE. UU.
18242,Mechelle,Corporate,Washington,DC,EE. UU.
18112,Grace,Corporate,Saint Charles,MO,EE. UU.
18111,Shellie,Corporate,Columbus,OH,EE. UU.
18072,Carolyn,Corporate,Orange Park,FL,EE. UU.
18071,Renee,Corporate,Chicago,IL,EE. UU.
19051,Justina,Corporate,Lakewood,OH,EE. UU.
16386,May,Corporate,York,PA,EE. UU.
15806,Jorden,Corporate,Hialeah,FL,EE. UU.
15679,Azalia,Corporate,Hamilton,OH,EE. UU.
15714,Olga,Corporate,Brooklyn,NY,EE. UU.
18822,Noel,Corporate,Garden Grove,CA,EE. UU.
18821,Karly,Corporate,Levittown,NY,EE. UU.
18784,Aileen,Corporate,Columbus,GA,EE. UU.
18783,Cameron,Corporate,Fresno,CA,EE. UU.
15762,Maya,Corporate,Elmhurst,IL,EE. UU.
15707,Chastity,Corporate,Los Angeles,CA,EE. UU.
15702,Lareina,Corporate,Chicago,IL,EE. UU.
17648,Tasha,Corporate,Milpitas,CA,EE. UU.
20497,Winter,Corporate,Indio,CA,EE. UU.
18460,Nomlanga,Corporate,Houston,TX,EE. UU.
17975,Indigo,Corporate,Tucson,AZ,EE. UU.
18495,Amena,Corporate,Santa Clara,CA,EE. UU.
17938,Rachel,Corporate,Beloit,WI,EE. UU.
20674,Willow,Corporate,Pico Rivera,CA,EE. UU.
20403,Mara,Corporate,El Centro,CA,EE. UU.
17516,Alexa,Corporate,Philadelphia,PA,EE. UU.
20688,Haviva,Corporate,Ballwin,MO,EE. UU.
17986,Ila,Corporate,Brooklyn,NY,EE. UU.
15993,Basia,Corporate,Las Vegas,NV,EE. UU.
20558,Blossom,Corporate,Laredo,TX,EE. UU.
15990,Mallory,Corporate,Los Angeles,CA,EE. UU.
18880,Lareina,Corporate,El Paso,TX,EE. UU.
18320,Shaeleigh,Corporate,San Jose,CA,EE. UU.
20555,Xantha,Corporate,Ann Arbor,MI,EE. UU.
20447,Germane,Corporate,Chicago,IL,EE. UU.
17508,Jillian,Corporate,Las Vegas,NV,EE. UU.
15428,Sylvia,Corporate,Newark,OH,EE. UU.
15661,Piper,Corporate,Ann Arbor,MI,EE. UU.
15676,Jolie,Corporate,West Jordan,UT,EE. UU.
15329,Amelia,Corporate,Los Angeles,CA,EE. UU.
18671,Alexis,Corporate,Miami,FL,EE. UU.
15400,Regina,Corporate,Saint Paul,MN,EE. UU.
15613,Maryam,Corporate,Irvington,NJ,EE. UU.
15595,Josephine,Corporate,Cleveland,OH,EE. UU.
17226,Cecilia,Corporate,Pompano Beach,FL,EE. UU.
19018,Kai,Corporate,Ballwin,MO,EE. UU.
17063,Aileen,Corporate,Union City,NJ,EE. UU.
18942,Leilani,Corporate,South Ozone Park,NY,EE. UU.
19965,Larisa,Corporate,Potomac,MD,EE. UU.
15276,Cheryl,Corporate,Brighton,MA,EE. UU.
16178,Iola,Corporate,Cupertino,CA,EE. UU.
17755,Cally,Corporate,Stone Mountain,GA,EE. UU.
19854,Karina,Corporate,Fullerton,CA,EE. UU.
20051,Cleo,Corporate,San Diego,CA,EE. UU.
15256,Janna,Corporate,Chicago,IL,EE. UU.
18972,Leila,Corporate,Los Angeles,CA,EE. UU.
16265,Rebeca,Corporate,El Paso,TX,EE. UU.
16190,Brenna,Corporate,Columbus,GA,EE. UU.
17875,Shay,Corporate,Aurora,CO,EE. UU.
18108,Miriam,Corporate,Las Vegas,NV,EE. UU.
16403,Quemby,Corporate,Saint Paul,MN,EE. UU.
16506,Myra,Corporate,Bridgeton,NJ,EE. UU.
17632,Francesca,Corporate,Long Beach,CA,EE. UU.
20737,Germaine,Corporate,Saint Paul,MN,EE. UU.
16060,Dana,Corporate,Lutz,FL,EE. UU.
19786,Naomi,Corporate,Miami,FL,EE. UU.
17758,Nell,Corporate,Miami,FL,EE. UU.
3290,Linda,Home Office,San Jose,CA,EE. UU.
8287,Mary,Home Office,Glenview,IL,EE. UU.
1421,Karen,Consumer,Caguas,PR,Puerto Rico
3491,Diane,Consumer,San Diego,CA,EE. UU.
11049,Mary,Consumer,Milpitas,CA,EE. UU.
7484,Mary,Consumer,North Hills,CA,EE. UU.
3798,Amber,Consumer,Toms River,NJ,EE. UU.
4897,Mary,Consumer,Bellflower,CA,EE. UU.
10879,Maria,Consumer,Jacksonville,FL,EE. UU.
2054,Olivia,Consumer,Palo Alto,CA,EE. UU.
9169,Mary,Consumer,Phoenix,AZ,EE. UU.
12577,Meredith,Consumer,Brooklyn,NY,EE. UU.
12738,Libby,Consumer,Fullerton,CA,EE. UU.
12558,Freya,Consumer,Cincinnati,OH,EE. UU.
12575,Haviva,Consumer,San Diego,CA,EE. UU.
12448,Briar,Consumer,San Antonio,TX,EE. UU.
12495,Nomlanga,Consumer,Sunnyvale,CA,EE. UU.
12620,Mikayla,Consumer,Lindenhurst,NY,EE. UU.
12512,Lael,Consumer,Los Angeles,CA,EE. UU.
12548,Stella,Consumer,Middletown,OH,EE. UU.
12637,Alea,Consumer,Jacksonville,FL,EE. UU.
14925,Shea,Consumer,San Antonio,TX,EE. UU.
15050,Eden,Consumer,Lawrenceville,GA,EE. UU.
14995,Faith,Consumer,Orlando,FL,EE. UU.
12881,Kitra,Consumer,Fort Washington,MD,EE. UU.
15011,Petra,Consumer,Pomona,CA,EE. UU.
14938,Rachel,Consumer,Long Beach,CA,EE. UU.
15134,Shelby,Consumer,Pomona,CA,EE. UU.
15007,Audra,Consumer,Mount Pleasant,MI,EE. UU.
12909,Cherokee,Consumer,Elmhurst,IL,EE. UU.
14984,Chelsea,Consumer,Hamilton,OH,EE. UU.
15127,Lacy,Consumer,La Crosse,WI,EE. UU.
12924,Fallon,Consumer,San Francisco,CA,EE. UU.
4247,Anna,Consumer,Chino Hills,CA,EE. UU.
9269,Angela,Consumer,Citrus Heights,CA,EE. UU.
11671,Mary,Consumer,Detroit,MI,EE. UU.
9629,Mark,Consumer,San Antonio,TX,EE. UU.
1440,Kathleen,Consumer,Bakersfield,CA,EE. UU.
6340,Linda,Consumer,Albuquerque,NM,EE. UU.
4333,Janet,Consumer,Columbus,OH,EE. UU.
3279,Mary,Consumer,Bronx,NY,EE. UU.
9428,Mary,Consumer,Oregon City,OR,EE. UU.
12086,Mary,Consumer,El Monte,CA,EE. UU.
5422,Michael,Consumer,Hollywood,FL,EE. UU.
9054,Mary,Consumer,Washington,DC,EE. UU.
11296,Julie,Consumer,Fresno,CA,EE. UU.
1872,Dorothy,Consumer,Las Vegas,NV,EE. UU.
4526,Carol,Consumer,El Monte,CA,EE. UU.
19230,Margaret,Consumer,Eugene,OR,EE. UU.
15733,Madonna,Consumer,Moreno Valley,CA,EE. UU.
15984,Madonna,Consumer,San Diego,CA,EE. UU.
18471,Melinda,Consumer,Lockport,NY,EE. UU.
15496,Morgan,Consumer,Oxnard,CA,EE. UU.
15566,Venus,Consumer,New Orleans,LA,EE. UU.
8232,Lisa,Consumer,Philadelphia,PA,EE. UU.
17622,Idola,Consumer,San Marcos,TX,EE. UU.
17567,Jordan,Consumer,Phoenix,AZ,EE. UU.
17562,Eve,Consumer,Carrollton,TX,EE. UU.
19951,Sheila,Consumer,Las Vegas,NV,EE. UU.
20036,Quintessa,Consumer,Hyattsville,MD,EE. UU.
16267,Irma,Consumer,Bakersfield,CA,EE. UU.
17087,Stephanie,Consumer,Bountiful,UT,EE. UU.
20101,Nayda,Consumer,Sugar Land,TX,EE. UU.
18083,Veronica,Consumer,Kent,WA,EE. UU.
18154,Mari,Consumer,Freeport,NY,EE. UU.
18225,Mira,Consumer,Gilroy,CA,EE. UU.
18171,Lilah,Consumer,Massapequa,NY,EE. UU.
18223,Pascale,Consumer,Westland,MI,EE. UU.
18169,Alexis,Consumer,New York,NY,EE. UU.
18133,Lilah,Consumer,Spring Valley,NY,EE. UU.
18059,Mariam,Consumer,Winnetka,CA,EE. UU.
18202,Tatyana,Consumer,Colorado Springs,CO,EE. UU.
18256,Janna,Consumer,Memphis,TN,EE. UU.
18255,Rachel,Consumer,Ann Arbor,MI,EE. UU.
18126,Carol,Consumer,Lynn,MA,EE. UU.
18233,Amela,Consumer,Rego Park,NY,EE. UU.
18194,Amela,Consumer,Woonsocket,RI,EE. UU.
18193,Petra,Consumer,Saint Louis,MO,EE. UU.
16448,Hadley,Consumer,Roswell,GA,EE. UU.
16588,Fatima,Consumer,Brooklyn,NY,EE. UU.
19246,Rosalyn,Consumer,Dallas,TX,EE. UU.
16407,Farrah,Consumer,Jonesboro,AR,EE. UU.
19173,Rina,Consumer,Reno,NV,EE. UU.
16551,Diana,Consumer,Chicago,IL,EE. UU.
19226,Maia,Consumer,Lynnwood,WA,EE. UU.
19261,Imani,Consumer,Saint Paul,MN,EE. UU.
16529,Taylor,Consumer,Brockton,MA,EE. UU.
19182,Martha,Consumer,Brooklyn,NY,EE. UU.
19074,Charissa,Consumer,Plano,TX,EE. UU.
19271,Doris,Consumer,Daly City,CA,EE. UU.
16451,Madonna,Consumer,Rancho Cucamonga,CA,EE. UU.
16414,Marny,Consumer,Walnut,CA,EE. UU.
15719,Jana,Consumer,Martinsburg,WV,EE. UU.
15791,Reagan,Consumer,New Orleans,LA,EE. UU.
18828,Imelda,Consumer,Toms River,NJ,EE. UU.
15880,Madeline,Consumer,Los Angeles,CA,EE. UU.
15718,Cassandra,Consumer,Dallas,TX,EE. UU.
15735,Doris,Consumer,Bronx,NY,EE. UU.
15897,Xerxes,Consumer,Miami,FL,EE. UU.
15895,Maryam,Consumer,Chicago,IL,EE. UU.
15786,Xyla,Consumer,Loveland,OH,EE. UU.
15690,Maia,Consumer,Stockton,CA,EE. UU.
15689,Sage,Consumer,Laguna Niguel,CA,EE. UU.
15706,Alexa,Consumer,National City,CA,EE. UU.
18779,Maxine,Consumer,San Bernardino,CA,EE. UU.
18741,Mallory,Consumer,Fort Worth,TX,EE. UU.
15721,Sacha,Consumer,Bronx,NY,EE. UU.
18794,Carla,Consumer,Los Angeles,CA,EE. UU.
1085,Evelyn,Consumer,Frankfort,KY,EE. UU.
7495,Cheryl,Consumer,Colorado Springs,CO,EE. UU.
18033,Quin,Consumer,Sheboygan,WI,EE. UU.
20554,Donna,Consumer,Milpitas,CA,EE. UU.
17979,Juliet,Consumer,Philadelphia,PA,EE. UU.
20716,Maggy,Consumer,Elyria,OH,EE. UU.
17506,Imani,Consumer,New Orleans,LA,EE. UU.
17649,Renee,Consumer,Warren,MI,EE. UU.
18426,Desirae,Consumer,San Bernardino,CA,EE. UU.
20607,Blythe,Consumer,Weslaco,TX,EE. UU.
20714,Elaine,Consumer,Winnetka,CA,EE. UU.
20732,Jenette,Consumer,Wyandotte,MI,EE. UU.
17325,Dana,Consumer,Clarksville,TN,EE. UU.
17324,Blossom,Consumer,San Diego,CA,EE. UU.
17468,Avye,Consumer,Brooklyn,NY,EE. UU.
18370,Rhonda,Consumer,Chapel Hill,NC,EE. UU.
18514,Destiny,Consumer,Bay Shore,NY,EE. UU.
15983,Veronica,Consumer,South San Francisco,CA,EE. UU.
18334,Autumn,Consumer,Chicago,IL,EE. UU.
20443,Kimberley,Consumer,Beaverton,OR,EE. UU.
16018,Kirby,Consumer,New York,NY,EE. UU.
17341,Denise,Consumer,Anaheim,CA,EE. UU.
2977,Rose,Consumer,Baltimore,MD,EE. UU.
15964,Daryl,Consumer,Los Angeles,CA,EE. UU.
17431,Quail,Consumer,Union City,CA,EE. UU.
20604,Shafira,Consumer,Lakewood,NJ,EE. UU.
17699,Zorita,Consumer,Costa Mesa,CA,EE. UU.
20459,Tatyana,Consumer,North Las Vegas,NV,EE. UU.
17394,Naida,Consumer,Katy,TX,EE. UU.
18367,Lacy,Consumer,Baltimore,MD,EE. UU.
17973,Hope,Consumer,Salt Lake City,UT,EE. UU.
8414,Christopher,Consumer,San Marcos,CA,EE. UU.
18474,Anastasia,Consumer,Los Angeles,CA,EE. UU.
16033,Iris,Consumer,Miami,FL,EE. UU.
15925,Basia,Consumer,Austin,TX,EE. UU.
17643,Carla,Consumer,Chicago,IL,EE. UU.
18402,Ainsley,Consumer,Princeton,NJ,EE. UU.
17320,Emma,Consumer,Endicott,NY,EE. UU.
18509,Jordana,Consumer,Brooklyn,NY,EE. UU.
18292,Camille,Consumer,Aurora,IL,EE. UU.
18364,Tallulah,Consumer,Mount Pleasant,MI,EE. UU.
20527,Evangeline,Consumer,Saginaw,MI,EE. UU.
17749,Jayme,Consumer,Palmdale,CA,EE. UU.
16031,Darrel,Consumer,Catonsville,MD,EE. UU.
17390,Dakota,Consumer,San Antonio,TX,EE. UU.
17987,Mari,Consumer,Lynnwood,WA,EE. UU.
16048,Deanna,Consumer,Aurora,CO,EE. UU.
20544,Yael,Consumer,New York,NY,EE. UU.
18399,Anjolie,Consumer,Rome,NY,EE. UU.
17370,May,Consumer,Greeley,CO,EE. UU.
15957,Clementine,Consumer,Troy,NY,EE. UU.
20399,Hyacinth,Consumer,San Diego,CA,EE. UU.
20651,Zephr,Consumer,Washington,DC,EE. UU.
17728,Hedda,Consumer,Pomona,CA,EE. UU.
17495,Cora,Consumer,Diamond Bar,CA,EE. UU.
20578,Carol,Consumer,Ontario,CA,EE. UU.
17260,Shannon,Consumer,San Bernardino,CA,EE. UU.
8444,Katherine,Consumer,Hollywood,FL,EE. UU.
20613,Demetria,Consumer,Norcross,GA,EE. UU.
18413,Briar,Consumer,Brooklyn,NY,EE. UU.
17331,Illiana,Consumer,Spring Valley,CA,EE. UU.
20432,Roary,Consumer,Marietta,GA,EE. UU.
20576,Deborah,Consumer,Bronx,NY,EE. UU.
17689,Hedda,Consumer,Glen Burnie,MD,EE. UU.
18018,Sara,Consumer,Folsom,CA,EE. UU.
18430,September,Consumer,Moreno Valley,CA,EE. UU.
18484,Signe,Consumer,Brooklyn,NY,EE. UU.
17510,Sarah,Consumer,Milwaukee,WI,EE. UU.
17275,Destiny,Consumer,Las Vegas,NV,EE. UU.
17454,Tana,Consumer,Jacksonville,FL,EE. UU.
20411,Marah,Consumer,Greensburg,PA,EE. UU.
15969,Rhoda,Consumer,Lindenhurst,NY,EE. UU.
20573,Hillary,Consumer,Newburgh,NY,EE. UU.
4546,Mary,Consumer,Riverside,CA,EE. UU.
4873,Samantha,Consumer,San Diego,CA,EE. UU.
2966,Christina,Consumer,Lewisville,TX,EE. UU.
15665,Rama,Consumer,Van Nuys,CA,EE. UU.
15359,Jenette,Consumer,Mchenry,IL,EE. UU.
15377,Odette,Consumer,Bronx,NY,EE. UU.
15449,Lunea,Consumer,Canton,MI,EE. UU.
15593,Rebekah,Consumer,West Jordan,UT,EE. UU.
15323,Basia,Consumer,Madera,CA,EE. UU.
15573,Shay,Consumer,Oxnard,CA,EE. UU.
15518,Octavia,Consumer,Saint Charles,MO,EE. UU.
15299,Heather,Consumer,Crown Point,IN,EE. UU.
18731,Hiroko,Consumer,Hollywood,FL,EE. UU.
15316,Yen,Consumer,San Antonio,TX,EE. UU.
15387,Amelia,Consumer,El Monte,CA,EE. UU.
15349,Rana,Consumer,Las Cruces,NM,EE. UU.
15511,Tatiana,Consumer,Algonquin,IL,EE. UU.
15295,Sage,Consumer,Carrollton,TX,EE. UU.
15438,Donna,Consumer,Rego Park,NY,EE. UU.
15510,Kameko,Consumer,Montebello,CA,EE. UU.
15381,Nayda,Consumer,Tucson,AZ,EE. UU.
15524,Tatyana,Consumer,Milwaukee,WI,EE. UU.
18704,Alexis,Consumer,El Cajon,CA,EE. UU.
15362,Vivien,Consumer,Levittown,NY,EE. UU.
15344,Angelica,Consumer,Beloit,WI,EE. UU.
18685,Hedwig,Consumer,Mount Prospect,IL,EE. UU.
15487,Nadine,Consumer,Sugar Land,TX,EE. UU.
163,Austin,Consumer,Rio Rancho,NM,EE. UU.
6743,Doris,Consumer,Dallas,TX,EE. UU.
10924,Steven,Consumer,Visalia,CA,EE. UU.
6614,Janet,Consumer,Carmichael,CA,EE. UU.
12230,Mary,Consumer,Annandale,VA,EE. UU.
4345,Mary,Consumer,Granada Hills,CA,EE. UU.
12343,Timothy,Consumer,Miami,FL,EE. UU.
17558,Blanca,Consumer,Mount Pleasant,MI,EE. UU.
17587,Darryl,Consumer,Detroit,MI,EE. UU.
17549,Sopoline,Consumer,Hamtramck,MI,EE. UU.
17547,Maisie,Consumer,Cumberland,MD,EE. UU.
17600,Deborah,Consumer,Bronx,NY,EE. UU.
20315,Alyssa,Consumer,Chicago,IL,EE. UU.
18893,Kimberly,Consumer,Nashville,TN,EE. UU.
19990,Leilani,Consumer,Carlsbad,CA,EE. UU.
20350,Olga,Consumer,Chandler,AZ,EE. UU.
19001,Brenna,Consumer,Jonesboro,AR,EE. UU.
20043,Leila,Consumer,Henderson,NV,EE. UU.
18592,Gloria,Consumer,Annandale,VA,EE. UU.
19000,Serina,Consumer,Washington,DC,EE. UU.
15265,Jaime,Consumer,Costa Mesa,CA,EE. UU.
17817,Jaime,Consumer,Chicago,IL,EE. UU.
17242,Alma,Consumer,Des Plaines,IL,EE. UU.
15247,Cailin,Consumer,Tinley Park,IL,EE. UU.
19897,Sloane,Consumer,Chicago,IL,EE. UU.
19825,Dominique,Consumer,Jamaica,NY,EE. UU.
18962,Haley,Consumer,Asheboro,NC,EE. UU.
18571,Sloane,Consumer,Atlanta,GA,EE. UU.
20364,Medge,Consumer,Bronx,NY,EE. UU.
20076,Pearl,Consumer,New Bedford,MA,EE. UU.
19770,Gretchen,Consumer,La Puente,CA,EE. UU.
20309,Blythe,Consumer,Tempe,AZ,EE. UU.
20057,Leandra,Consumer,Scottsdale,AZ,EE. UU.
20273,Petra,Consumer,Lancaster,SC,EE. UU.
19895,Jaden,Consumer,San Antonio,TX,EE. UU.
17814,Pascale,Consumer,Bakersfield,CA,EE. UU.
16110,Guinevere,Consumer,El Cajon,CA,EE. UU.
17167,TaShya,Consumer,Moreno Valley,CA,EE. UU.
18533,Naida,Consumer,Philadelphia,PA,EE. UU.
16379,Barbara,Consumer,Lawrence,MA,EE. UU.
17112,Guinevere,Consumer,Norcross,GA,EE. UU.
15243,Sophia,Consumer,Brooklyn,NY,EE. UU.
20128,Michelle,Consumer,Houston,TX,EE. UU.
20289,Amena,Consumer,Pomona,CA,EE. UU.
19893,Desiree,Consumer,Carlsbad,CA,EE. UU.
18958,Deanna,Consumer,New York,NY,EE. UU.
20253,Dacey,Consumer,Hollister,CA,EE. UU.
20181,Regan,Consumer,Van Nuys,CA,EE. UU.
16377,Sydnee,Consumer,Phoenix,AZ,EE. UU.
17218,Cassandra,Consumer,Tulare,CA,EE. UU.
19946,Quincy,Consumer,Lakewood,OH,EE. UU.
15222,Maris,Consumer,Chicago,IL,EE. UU.
20125,Dawn,Consumer,Washington,DC,EE. UU.
17037,India,Consumer,Warren,MI,EE. UU.
20323,Sybi,Consumer,Pawtucket,RI,EE. UU.
18530,Brynn,Consumer,Escondido,CA,EE. UU.
20197,Karina,Consumer,Cupertino,CA,EE. UU.
20107,Hedy,Consumer,Compton,CA,EE. UU.
20035,Lydia,Consumer,Granada Hills,CA,EE. UU.
20179,Azalia,Consumer,Honolulu,HI,EE. UU.
17845,Alfreda,Consumer,Lakewood,NJ,EE. UU.
17234,Mary,Consumer,Hamtramck,MI,EE. UU.
17036,Quintessa,Consumer,Broken Arrow,OK,EE. UU.
17126,Myra,Consumer,Bronx,NY,EE. UU.
19980,Imogene,Consumer,Spring Valley,CA,EE. UU.
19908,Lois,Consumer,Catonsville,MD,EE. UU.
17844,Kathleen,Consumer,Chicago,IL,EE. UU.
20267,Tallulah,Consumer,Dubuque,IA,EE. UU.
20249,Olympia,Consumer,Washington,DC,EE. UU.
20195,Madeson,Consumer,New Orleans,LA,EE. UU.
16284,Brenna,Consumer,New Braunfels,TX,EE. UU.
19943,Farrah,Consumer,Saginaw,MI,EE. UU.
18599,Ruth,Consumer,West Jordan,UT,EE. UU.
18527,Rhoda,Consumer,New York,NY,EE. UU.
16121,Kirsten,Consumer,Apex,NC,EE. UU.
20104,Molly,Consumer,Los Angeles,CA,EE. UU.
17123,Roary,Consumer,San Diego,CA,EE. UU.
20192,Aspen,Consumer,New Castle,DE,EE. UU.
17086,Venus,Consumer,Chicago Heights,IL,EE. UU.
18933,Jordan,Consumer,Cleveland,OH,EE. UU.
17822,Anika,Consumer,Plymouth,MA,EE. UU.
18542,Myra,Consumer,Clovis,CA,EE. UU.
18986,Yvette,Consumer,Stockbridge,GA,EE. UU.
20011,Tatiana,Consumer,Sanford,NC,EE. UU.
18914,Charissa,Consumer,North Bergen,NJ,EE. UU.
17750,Naomi,Consumer,Ypsilanti,MI,EE. UU.
16262,Desirae,Consumer,Richmond,VA,EE. UU.
18896,Pamela,Consumer,Jacksonville,FL,EE. UU.
19794,Nell,Consumer,Mililani,HI,EE. UU.
19003,Emma,Consumer,Alhambra,CA,EE. UU.
19021,Nora,Consumer,Morristown,NJ,EE. UU.
20316,Lilah,Consumer,Mililani,HI,EE. UU.
9102,Richard,Consumer,Aurora,IL,EE. UU.
7497,Anthony,Consumer,Chandler,AZ,EE. UU.
10754,Mary,Consumer,Brooklyn,NY,EE. UU.
7737,Austin,Consumer,Hayward,CA,EE. UU.
5228,Mary,Consumer,Moline,IL,EE. UU.
3746,Walter,Consumer,Kent,WA,EE. UU.
7688,Lori,Consumer,Walnut,CA,EE. UU.
9289,Carolyn,Consumer,Honolulu,HI,EE. UU.
658,Peter,Consumer,Irwin,PA,EE. UU.
9137,Mary,Consumer,Tempe,AZ,EE. UU.
9651,Louis,Consumer,Bend,OR,EE. UU.
3824,Evelyn,Consumer,Salt Lake City,UT,EE. UU.
10203,Anna,Consumer,El Paso,TX,EE. UU.
4135,Mary,Consumer,Augusta,GA,EE. UU.
11939,Mary,Consumer,Tinley Park,IL,EE. UU.
1402,Nancy,Consumer,Dallas,TX,EE. UU.
7023,Jacqueline,Consumer,Everett,WA,EE. UU.
5179,Robert,Consumer,Irwin,PA,EE. UU.
1004,Mary,Corporate,Caguas,PR,Puerto Rico
7471,Mary,Corporate,Caguas,PR,Puerto Rico
5087,Mark,Corporate,Caguas,PR,Puerto Rico
3366,Mary,Corporate,Caguas,PR,Puerto Rico
625,Terry,Corporate,Caguas,PR,Puerto Rico
14382,Tamekah,Corporate,Caguas,PR,Puerto Rico
14875,Denise,Corporate,Caguas,PR,Puerto Rico
12635,Iola,Corporate,Caguas,PR,Puerto Rico
13455,Hope,Corporate,Caguas,PR,Puerto Rico
13185,Isabella,Corporate,Caguas,PR,Puerto Rico
13347,Melyssa,Corporate,Caguas,PR,Puerto Rico
13489,Leigh,Corporate,Caguas,PR,Puerto Rico
13020,Harriet,Corporate,Caguas,PR,Puerto Rico
14429,Aurora,Corporate,Caguas,PR,Puerto Rico
14343,Taylor,Corporate,Caguas,PR,Puerto Rico
13125,Evelyn,Corporate,Caguas,PR,Puerto Rico
14377,May,Corporate,Caguas,PR,Puerto Rico
13268,Mollie,Corporate,Caguas,PR,Puerto Rico
14356,Brenna,Corporate,Caguas,PR,Puerto Rico
13391,Nichole,Corporate,Caguas,PR,Puerto Rico
13210,Aubrey,Corporate,Caguas,PR,Puerto Rico
14156,Courtney,Corporate,Caguas,PR,Puerto Rico
13083,Deanna,Corporate,Caguas,PR,Puerto Rico
13262,Deborah,Corporate,Caguas,PR,Puerto Rico
14545,Marah,Corporate,Caguas,PR,Puerto Rico
14526,Whilemina,Corporate,Caguas,PR,Puerto Rico
12990,Gillian,Corporate,Caguas,PR,Puerto Rico
14187,Suki,Corporate,Caguas,PR,Puerto Rico
14151,Willow,Corporate,Caguas,PR,Puerto Rico
14115,Carissa,Corporate,Caguas,PR,Puerto Rico
14541,Harriet,Corporate,Caguas,PR,Puerto Rico
14698,Audrey,Corporate,Caguas,PR,Puerto Rico
9616,Matthew,Corporate,Caguas,PR,Puerto Rico
14788,Gloria,Corporate,Caguas,PR,Puerto Rico
14697,Brenna,Corporate,Aguadilla,PR,Puerto Rico
13913,Shellie,Corporate,Caguas,PR,Puerto Rico
13948,Quyn,Corporate,Caguas,PR,Puerto Rico
13624,Gemma,Corporate,Caguas,PR,Puerto Rico
12758,Abra,Corporate,Caguas,PR,Puerto Rico
13946,Amela,Corporate,Caguas,PR,Puerto Rico
5740,Lawrence,Corporate,Caguas,PR,Puerto Rico
14873,Hillary,Corporate,Caguas,PR,Puerto Rico
13796,Mary,Corporate,Caguas,PR,Puerto Rico
13634,Josephine,Corporate,Caguas,PR,Puerto Rico
13922,Blaine,Corporate,Caguas,PR,Puerto Rico
13811,Hope,Corporate,Caguas,PR,Puerto Rico
13775,Emma,Corporate,Caguas,PR,Puerto Rico
13791,Quon,Corporate,Caguas,PR,Puerto Rico
13683,Camille,Corporate,Caguas,PR,Puerto Rico
143,Mary,Corporate,Caguas,PR,Puerto Rico
12505,Lillian,Corporate,Caguas,PR,Puerto Rico
12487,Nevada,Corporate,Caguas,PR,Puerto Rico
12594,Jenna,Corporate,Caguas,PR,Puerto Rico
12521,Avye,Corporate,Caguas,PR,Puerto Rico
12509,Anastasia,Corporate,Caguas,PR,Puerto Rico
12865,Joan,Corporate,Caguas,PR,Puerto Rico
12949,Sybill,Corporate,Caguas,PR,Puerto Rico
14969,Hedwig,Corporate,Caguas,PR,Puerto Rico
12892,Phyllis,Corporate,Caguas,PR,Puerto Rico
12945,Taylor,Corporate,Caguas,PR,Puerto Rico
14967,Zenaida,Corporate,Caguas,PR,Puerto Rico
11532,Janice,Corporate,Caguas,PR,Puerto Rico
5387,Mary,Corporate,Caguas,PR,Puerto Rico
8075,Sarah,Corporate,Caguas,PR,Puerto Rico
18244,Maxine,Corporate,Caguas,PR,Puerto Rico
18125,Tara,Corporate,Caguas,PR,Puerto Rico
16485,Quyn,Corporate,Caguas,PR,Puerto Rico
19250,Olga,Corporate,Caguas,PR,Puerto Rico
16609,Donna,Corporate,Caguas,PR,Puerto Rico
16487,Mari,Corporate,Caguas,PR,Puerto Rico
18827,Camille,Corporate,Caguas,PR,Puerto Rico
15713,Xaviera,Corporate,Caguas,PR,Puerto Rico
15889,Fallon,Corporate,Caguas,PR,Puerto Rico
15887,Inez,Corporate,Caguas,PR,Puerto Rico
18775,Emma,Corporate,Caguas,PR,Puerto Rico
18879,Angelica,Corporate,Caguas,PR,Puerto Rico
17704,Halla,Corporate,Caguas,PR,Puerto Rico
17668,Xena,Corporate,Caguas,PR,Puerto Rico
17684,Gillian,Corporate,Caguas,PR,Puerto Rico
18461,Jessamine,Corporate,Caguas,PR,Puerto Rico
17270,Leigh,Corporate,Caguas,PR,Puerto Rico
18030,Nicole,Corporate,Caguas,PR,Puerto Rico
17467,Illana,Corporate,Caguas,PR,Puerto Rico
15997,Winter,Corporate,Caguas,PR,Puerto Rico
20727,Deborah,Corporate,Caguas,PR,Puerto Rico
18293,Imelda,Corporate,Caguas,PR,Puerto Rico
15924,Dominique,Corporate,Caguas,PR,Puerto Rico
17499,Jade,Corporate,Caguas,PR,Puerto Rico
20546,Willa,Corporate,Caguas,PR,Puerto Rico
20725,Danielle,Corporate,Caguas,PR,Puerto Rico
15956,Irene,Corporate,Caguas,PR,Puerto Rico
18003,Dacey,Corporate,Caguas,PR,Puerto Rico
3004,Mary,Corporate,Caguas,PR,Puerto Rico
17350,Olga,Corporate,Caguas,PR,Puerto Rico
18324,Madeline,Corporate,Caguas,PR,Puerto Rico
18288,Lesley,Corporate,Caguas,PR,Puerto Rico
17653,Karina,Corporate,Caguas,PR,Puerto Rico
17509,Simone,Corporate,Caguas,PR,Puerto Rico
17472,Mechelle,Corporate,Caguas,PR,Puerto Rico
17328,Jayme,Corporate,Caguas,PR,Puerto Rico
15427,Haley,Corporate,Caguas,PR,Puerto Rico
15659,Mikayla,Corporate,Caguas,PR,Puerto Rico
15677,Kirby,Corporate,Caguas,PR,Puerto Rico
18674,Kirby,Corporate,Caguas,PR,Puerto Rico
15474,Anastasia,Corporate,Caguas,PR,Puerto Rico
15563,Aileen,Corporate,Caguas,PR,Puerto Rico
15615,Phyllis,Corporate,Caguas,PR,Puerto Rico
18721,Wynter,Corporate,Caguas,PR,Puerto Rico
15486,Avye,Corporate,Caguas,PR,Puerto Rico
2160,Stephen,Corporate,Caguas,PR,Puerto Rico
15612,Guinevere,Corporate,Caguas,PR,Puerto Rico
17576,Deborah,Corporate,Caguas,PR,Puerto Rico
20279,Yvette,Corporate,Caguas,PR,Puerto Rico
17209,Indira,Corporate,Caguas,PR,Puerto Rico
15232,Christine,Corporate,Caguas,PR,Puerto Rico
16313,Kim,Corporate,Caguas,PR,Puerto Rico
17854,Echo,Corporate,Caguas,PR,Puerto Rico
15193,Petra,Corporate,Caguas,PR,Puerto Rico
15211,Ila,Corporate,Caguas,PR,Puerto Rico
19934,Christine,Corporate,Caguas,PR,Puerto Rico
20166,Claire,Corporate,Caguas,PR,Puerto Rico
19788,Lee,Corporate,Caguas,PR,Puerto Rico
15173,Wendy,Corporate,Caguas,PR,Puerto Rico
19932,Melyssa,Corporate,Caguas,PR,Puerto Rico
17093,Rebekah,Corporate,San Juan,PR,Puerto Rico
18603,Miranda,Corporate,Caguas,PR,Puerto Rico
18531,Faith,Corporate,Caguas,PR,Puerto Rico
16161,Lani,Corporate,Caguas,PR,Puerto Rico
20108,Carissa,Corporate,Caguas,PR,Puerto Rico
16124,Calista,Corporate,Caguas,PR,Puerto Rico
18581,Miranda,Corporate,Caguas,PR,Puerto Rico
16229,Athena,Corporate,Caguas,PR,Puerto Rico
18916,Nayda,Corporate,Caguas,PR,Puerto Rico
15200,Joelle,Corporate,Caguas,PR,Puerto Rico
15217,Calista,Corporate,Caguas,PR,Puerto Rico
16333,Geraldine,Corporate,Caguas,PR,Puerto Rico
10773,Christopher,Corporate,Caguas,PR,Puerto Rico
4485,Mary,Corporate,Caguas,PR,Puerto Rico
6558,Ethan,Corporate,Caguas,PR,Puerto Rico
10097,Mary,Corporate,Arecibo,PR,Puerto Rico
8680,Laura,Corporate,Caguas,PR,Puerto Rico
1984,Mary,Corporate,Caguas,PR,Puerto Rico
6511,Nancy,Corporate,Caguas,PR,Puerto Rico
13245,Maia,Corporate,Caguas,PR,Puerto Rico
14489,Freya,Corporate,Caguas,PR,Puerto Rico
13330,Raya,Corporate,Caguas,PR,Puerto Rico
13807,Stella,Corporate,Caguas,PR,Puerto Rico
13895,Kaitlin,Corporate,Caguas,PR,Puerto Rico
1769,Mary,Corporate,Caguas,PR,Puerto Rico
12771,Juliet,Corporate,Caguas,PR,Puerto Rico
13687,Felicia,Corporate,Caguas,PR,Puerto Rico
13938,Rhea,Corporate,Caguas,PR,Puerto Rico
12890,Aimee,Corporate,Caguas,PR,Puerto Rico
14621,Velma,Corporate,Caguas,PR,Puerto Rico
14067,Chantale,Corporate,Caguas,PR,Puerto Rico
14987,Mari,Corporate,Caguas,PR,Puerto Rico
13927,Leigh,Corporate,Caguas,PR,Puerto Rico
15972,Mechelle,Corporate,Caguas,PR,Puerto Rico
17779,Chava,Corporate,Caguas,PR,Puerto Rico
19081,Madison,Corporate,Caguas,PR,Puerto Rico
16437,Ivy,Corporate,Caguas,PR,Puerto Rico
18299,Heather,Corporate,Caguas,PR,Puerto Rico
17520,Brooke,Corporate,Caguas,PR,Puerto Rico
17284,Ila,Corporate,Caguas,PR,Puerto Rico
17354,BlueOneal,Corporate,Caguas,PR,Puerto Rico
15506,Desiree,Corporate,Caguas,PR,Puerto Rico
10926,Mary,Corporate,Aguadilla,PR,Puerto Rico
19805,Kitra,Corporate,Caguas,PR,Puerto Rico
15225,Mira,Corporate,Caguas,PR,Puerto Rico
16163,Jocelyn,Corporate,Caguas,PR,Puerto Rico
18550,Melyssa,Corporate,Caguas,PR,Puerto Rico
16303,Abra,Corporate,Caguas,PR,Puerto Rico
20047,Risa,Corporate,Caguas,PR,Puerto Rico
20136,Jessica,Corporate,Caguas,PR,Puerto Rico
16297,Petra,Corporate,Caguas,PR,Puerto Rico
18206,Mallory,Corporate,Caguas,PR,Puerto Rico
19103,Simone,Corporate,Caguas,PR,Puerto Rico
19244,Christen,Corporate,Caguas,PR,Puerto Rico
16001,Roanna,Corporate,Caguas,PR,Puerto Rico
17736,Karyn,Corporate,Caguas,PR,Puerto Rico
18868,Stella,Corporate,Caguas,PR,Puerto Rico
15974,Quin,Corporate,Caguas,PR,Puerto Rico
18486,Avye,Corporate,Caguas,PR,Puerto Rico
15472,Jena,Corporate,Caguas,PR,Puerto Rico
18998,Felicia,Corporate,Caguas,PR,Puerto Rico
17759,Fiona,Corporate,Caguas,PR,Puerto Rico
17182,Madonna,Corporate,Caguas,PR,Puerto Rico
18637,Lacey,Corporate,Caguas,PR,Puerto Rico
20123,Roary,Corporate,Caguas,PR,Puerto Rico
16301,Quin,Corporate,Caguas,PR,Puerto Rico
16594,Rosalyn,Corporate,Caguas,PR,Puerto Rico
18851,Yen,Corporate,Caguas,PR,Puerto Rico
17954,Leigh,Corporate,Caguas,PR,Puerto Rico
18435,Scarlett,Corporate,Caguas,PR,Puerto Rico
1694,Mary,Corporate,Caguas,PR,Puerto Rico
7159,Frances,Consumer,Hawthorne,CA,EE. UU.
10963,Amber,Consumer,Meridian,ID,EE. UU.
9782,Christine,Consumer,San Jose,CA,EE. UU.
10581,Timothy,Consumer,Phoenix,AZ,EE. UU.
1395,Lori,Consumer,Santa Ana,CA,EE. UU.
9090,Carolyn,Consumer,Oviedo,FL,EE. UU.
18047,Dora,Consumer,Edison,NJ,EE. UU.
18173,Wendy,Consumer,Stamford,CT,EE. UU.
18116,Emma,Consumer,Tampa,FL,EE. UU.
18152,Felicia,Consumer,Augusta,GA,EE. UU.
18043,Yuri,Consumer,Canton,MI,EE. UU.
18115,Idona,Consumer,Cleveland,OH,EE. UU.
18114,Cathleen,Consumer,Chicago,IL,EE. UU.
18078,Amity,Consumer,Chula Vista,CA,EE. UU.
18150,Hedwig,Consumer,Denver,CO,EE. UU.
18220,Lani,Consumer,Sandusky,OH,EE. UU.
18236,Eliana,Consumer,North Tonawanda,NY,EE. UU.
18074,Flora,Consumer,Colorado Springs,CO,EE. UU.
18146,Shana,Consumer,Dayton,OH,EE. UU.
18037,Cleo,Consumer,Chicago,IL,EE. UU.
18144,Moana,Consumer,Billings,MT,EE. UU.
18179,Mariko,Consumer,Dallas,TX,EE. UU.
18231,Keiko,Consumer,Forest Hills,NY,EE. UU.
18104,Zena,Consumer,Montebello,CA,EE. UU.
18102,Lacey,Consumer,Hampton,VA,EE. UU.
18210,Nell,Consumer,Riverside,CA,EE. UU.
19179,Katelyn,Consumer,Ithaca,NY,EE. UU.
19088,Julie,Consumer,San Jose,CA,EE. UU.
16466,Quail,Consumer,Aurora,CO,EE. UU.
19214,Brianna,Consumer,Conway,AR,EE. UU.
16446,Chloe,Consumer,Honolulu,HI,EE. UU.
19229,Abra,Consumer,Hayward,CA,EE. UU.
19175,Ariana,Consumer,West Orange,NJ,EE. UU.
16515,Grace,Consumer,Tonawanda,NY,EE. UU.
19155,Jael,Consumer,Meridian,ID,EE. UU.
19118,Patricia,Consumer,Salt Lake City,UT,EE. UU.
16513,Jescie,Consumer,Los Angeles,CA,EE. UU.
19134,Laura,Consumer,Pekin,IL,EE. UU.
19062,Doris,Consumer,Brooklyn,NY,EE. UU.
19205,Portia,Consumer,Westland,MI,EE. UU.
16457,Amanda,Consumer,Lakewood,OH,EE. UU.
19204,Lenore,Consumer,San Francisco,CA,EE. UU.
19149,Maryam,Consumer,Santa Ana,CA,EE. UU.
19040,Tatiana,Consumer,Honolulu,HI,EE. UU.
19076,Haviva,Consumer,Wyandotte,MI,EE. UU.
16454,Leigh,Consumer,Bismarck,ND,EE. UU.
19129,Rebekah,Consumer,Flushing,NY,EE. UU.
19272,Juliet,Consumer,West Orange,NJ,EE. UU.
19092,Summer,Consumer,Oceanside,CA,EE. UU.
16397,Adena,Consumer,Chandler,AZ,EE. UU.
19073,India,Consumer,San Bernardino,CA,EE. UU.
16468,Willow,Consumer,Brooklyn,NY,EE. UU.
18738,Yuri,Consumer,Westerville,OH,EE. UU.
15736,Juliet,Consumer,Hendersonville,TN,EE. UU.
15700,Octavia,Consumer,New York,NY,EE. UU.
15753,Dacey,Consumer,Los Angeles,CA,EE. UU.
15879,Yoshi,Consumer,West Lafayette,IN,EE. UU.
15893,Lana,Consumer,Pomona,CA,EE. UU.
18858,Basia,Consumer,El Paso,TX,EE. UU.
18839,Hope,Consumer,Lakewood,NJ,EE. UU.
15748,Jane,Consumer,Forest Hills,NY,EE. UU.
15801,Kylie,Consumer,Rock Hill,SC,EE. UU.
18748,Renee,Consumer,Las Vegas,NV,EE. UU.
15729,Alice,Consumer,San Jose,CA,EE. UU.
18837,Danielle,Consumer,Brandon,FL,EE. UU.
15746,Raya,Consumer,Glenview,IL,EE. UU.
18747,Aphrodite,Consumer,Lakewood,OH,EE. UU.
15836,Taylor,Consumer,Moreno Valley,CA,EE. UU.
18818,Chantale,Consumer,Memphis,TN,EE. UU.
18744,Kylynn,Consumer,Los Angeles,CA,EE. UU.
18815,Candice,Consumer,Las Vegas,NV,EE. UU.
15904,Jennifer,Consumer,San Francisco,CA,EE. UU.
18743,Hedy,Consumer,Chicago,IL,EE. UU.
18796,Jayme,Consumer,Garden Grove,CA,EE. UU.
15795,Imelda,Consumer,Los Angeles,CA,EE. UU.
15687,Glenna,Consumer,Los Angeles,CA,EE. UU.
15812,Unity,Consumer,Tonawanda,NY,EE. UU.
18758,Pascale,Consumer,Loveland,OH,EE. UU.
18740,Madeline,Consumer,Springfield,MO,EE. UU.
15882,Beverly,Consumer,Corona,CA,EE. UU.
3374,Christine,Consumer,Chicago,IL,EE. UU.
17997,Naida,Consumer,Hollywood,FL,EE. UU.
16022,Irma,Consumer,Jersey City,NJ,EE. UU.
20734,Gretchen,Consumer,Miami,FL,EE. UU.
15931,Quail,Consumer,Winter Park,FL,EE. UU.
17326,Anika,Consumer,Phoenix,AZ,EE. UU.
18032,Madeson,Consumer,Rego Park,NY,EE. UU.
16075,Isabella,Consumer,Tempe,AZ,EE. UU.
17380,Madeline,Consumer,West Haven,CT,EE. UU.
8913,Jane,Consumer,Fort Lauderdale,FL,EE. UU.
18407,Leilani,Consumer,Columbia,SC,EE. UU.
20696,Brianna,Consumer,Brooklyn,NY,EE. UU.
16092,Katelyn,Consumer,Philadelphia,PA,EE. UU.
17415,Adele,Consumer,Costa Mesa,CA,EE. UU.
20390,Dakota,Consumer,Tinley Park,IL,EE. UU.
18515,Juliet,Consumer,San Bernardino,CA,EE. UU.
20606,Clare,Consumer,Chicago,IL,EE. UU.
20552,Gemma,Consumer,Freeport,NY,EE. UU.
17994,Brynn,Consumer,Saint Paul,MN,EE. UU.
18478,Linda,Consumer,Chicago,IL,EE. UU.
16055,Xantha,Consumer,West Haven,CT,EE. UU.
17940,Britanney,Consumer,Mount Prospect,IL,EE. UU.
20551,Alma,Consumer,Saint Paul,MN,EE. UU.
16036,Mara,Consumer,Moreno Valley,CA,EE. UU.
20712,Brianna,Consumer,Los Angeles,CA,EE. UU.
18441,Quyn,Consumer,Salina,KS,EE. UU.
7055,Emma,Consumer,Pompano Beach,FL,EE. UU.
10621,Kevin,Consumer,Miami,FL,EE. UU.
20441,Brynne,Consumer,San Marcos,CA,EE. UU.
20729,Athena,Consumer,Far Rockaway,NY,EE. UU.
11209,Grace,Consumer,Quincy,IL,EE. UU.
17322,Genevieve,Consumer,San Benito,TX,EE. UU.
18439,Amela,Consumer,Philadelphia,PA,EE. UU.
18511,Indigo,Consumer,Wyoming,MI,EE. UU.
17715,Camille,Consumer,La Crosse,WI,EE. UU.
17697,Olympia,Consumer,Sun Valley,CA,EE. UU.
17696,Brianna,Consumer,Los Angeles,CA,EE. UU.
18473,Teegan,Consumer,West Lafayette,IN,EE. UU.
17989,Neve,Consumer,Chicago,IL,EE. UU.
15996,Briar,Consumer,Sandusky,OH,EE. UU.
16014,Kelsie,Consumer,Fort Lauderdale,FL,EE. UU.
20672,April,Consumer,Danbury,CT,EE. UU.
20420,Amy,Consumer,Irvington,NJ,EE. UU.
16067,Jordan,Consumer,Laredo,TX,EE. UU.
20743,Kaitlin,Consumer,Annandale,VA,EE. UU.
663,Mary,Consumer,Pacoima,CA,EE. UU.
20418,Karina,Consumer,Quincy,IL,EE. UU.
20580,Caryn,Consumer,Austin,TX,EE. UU.
17443,Kimberley,Consumer,Virginia Beach,VA,EE. UU.
17712,Brianna,Consumer,Roseburg,OR,EE. UU.
18363,Simone,Consumer,East Lansing,MI,EE. UU.
20490,Mallory,Consumer,Madison,WI,EE. UU.
18327,Joan,Consumer,Moreno Valley,CA,EE. UU.
18489,Hiroko,Consumer,Chicago,IL,EE. UU.
18005,Shellie,Consumer,Tempe,AZ,EE. UU.
20436,Alma,Consumer,Florissant,MO,EE. UU.
18470,Lillian,Consumer,Salinas,CA,EE. UU.
16065,Britanni,Consumer,North Tonawanda,NY,EE. UU.
17352,Katelyn,Consumer,Walnut,CA,EE. UU.
18524,Rylee,Consumer,Montebello,CA,EE. UU.
20381,Gillian,Consumer,West Orange,NJ,EE. UU.
20615,Mary,Consumer,Dallas,TX,EE. UU.
16028,Tatiana,Consumer,Richmond,KY,EE. UU.
20488,Clio,Consumer,Winnetka,CA,EE. UU.
17261,Kiayada,Consumer,Florissant,MO,EE. UU.
17333,Rhonda,Consumer,Chicago,IL,EE. UU.
17638,Noelani,Consumer,Philadelphia,PA,EE. UU.
16064,Sade,Consumer,Elgin,IL,EE. UU.
17423,Ainsley,Consumer,Hesperia,CA,EE. UU.
7734,Carol,Consumer,Simi Valley,CA,EE. UU.
1071,Mary,Consumer,Chicago,IL,EE. UU.
17332,Morgan,Consumer,Bakersfield,CA,EE. UU.
18342,Pandora,Consumer,Forest Hills,NY,EE. UU.
20595,Stella,Consumer,Florissant,MO,EE. UU.
20433,Simone,Consumer,Memphis,TN,EE. UU.
20487,Constance,Consumer,New York,NY,EE. UU.
15936,Alma,Consumer,Escondido,CA,EE. UU.
18287,Noel,Consumer,Columbia,SC,EE. UU.
16008,Jillian,Consumer,La Crosse,WI,EE. UU.
17493,Basia,Consumer,Sheboygan,WI,EE. UU.
17312,Unity,Consumer,West Covina,CA,EE. UU.
17258,Felicia,Consumer,Aurora,CO,EE. UU.
16024,Macy,Consumer,La Mesa,CA,EE. UU.
20394,Naida,Consumer,New Haven,CT,EE. UU.
20412,Stacy,Consumer,Houston,TX,EE. UU.
20574,Anita,Consumer,Ogden,UT,EE. UU.
20754,Stacey,Consumer,Plainfield,IL,EE. UU.
16059,Jessamine,Consumer,Bayonne,NJ,EE. UU.
3888,Scott,Consumer,Miami,FL,EE. UU.
18338,Isadora,Consumer,Annandale,VA,EE. UU.
18374,Rosalyn,Consumer,Virginia Beach,VA,EE. UU.
18428,Sylvia,Consumer,Plano,TX,EE. UU.
16077,Kyla,Consumer,Miami,FL,EE. UU.
15933,Simone,Consumer,New York,NY,EE. UU.
17400,Lisa,Consumer,Poway,CA,EE. UU.
20537,Sandra,Consumer,Richmond,IN,EE. UU.
15629,Jolene,Consumer,Westland,MI,EE. UU.
18736,Demetria,Consumer,Columbus,OH,EE. UU.
15592,Ariel,Consumer,Virginia Beach,VA,EE. UU.
15340,Adele,Consumer,Mesa,AZ,EE. UU.
15357,Lacota,Consumer,Chicago,IL,EE. UU.
18717,Paloma,Consumer,Philadelphia,PA,EE. UU.
15392,Ria,Consumer,Brooklyn,NY,EE. UU.
15517,Serina,Consumer,Columbus,OH,EE. UU.
18714,Mariko,Consumer,Dallas,TX,EE. UU.
15623,Roary,Consumer,Jersey City,NJ,EE. UU.
15389,Lois,Consumer,Albany,OR,EE. UU.
15461,Jessamine,Consumer,Mission,TX,EE. UU.
18730,Daryl,Consumer,Las Vegas,NV,EE. UU.
15459,McKenzie,Consumer,Long Beach,CA,EE. UU.
15314,Bryar,Consumer,Union,NJ,EE. UU.
15494,Anika,Consumer,El Centro,CA,EE. UU.
15672,Veronica,Consumer,Hollister,CA,EE. UU.
15402,Ainsley,Consumer,Lewisville,TX,EE. UU.
15348,Shellie,Consumer,Simi Valley,CA,EE. UU.
15437,Leila,Consumer,Compton,CA,EE. UU.
15545,Madison,Consumer,Fort Worth,TX,EE. UU.
15542,Meredith,Consumer,Las Cruces,NM,EE. UU.
15398,Jordan,Consumer,Jackson Heights,NY,EE. UU.
18686,Fatima,Consumer,Philadelphia,PA,EE. UU.
15667,TaShya,Consumer,Mechanicsburg,PA,EE. UU.
7637,Douglas,Consumer,Mesquite,TX,EE. UU.
1401,Mary,Consumer,Lawton,OK,EE. UU.
10328,Mary,Consumer,Dallas,TX,EE. UU.
6541,Susan,Consumer,Brentwood,NY,EE. UU.
17605,Priscilla,Consumer,Pomona,CA,EE. UU.
17566,Lila,Consumer,Los Angeles,CA,EE. UU.
17601,Aphrodite,Consumer,Mount Pleasant,MI,EE. UU.
17583,Sydney,Consumer,Ontario,CA,EE. UU.
18894,Jenette,Consumer,Laredo,TX,EE. UU.
17802,Meredith,Consumer,San Bernardino,CA,EE. UU.
20171,Eugenia,Consumer,Houston,TX,EE. UU.
18630,Sylvia,Consumer,Moreno Valley,CA,EE. UU.
16260,Alisa,Consumer,Salt Lake City,UT,EE. UU.
17245,Melinda,Consumer,Hayward,CA,EE. UU.
17837,Ainsley,Consumer,Brooklyn,NY,EE. UU.
20170,Celeste,Consumer,Jackson Heights,NY,EE. UU.
17872,Lois,Consumer,Chino Hills,CA,EE. UU.
18610,Faith,Consumer,Palatine,IL,EE. UU.
18910,Mari,Consumer,Bakersfield,CA,EE. UU.
20133,Farrah,Consumer,West New York,NJ,EE. UU.
19917,Abra,Consumer,Garden Grove,CA,EE. UU.
15158,Ciara,Consumer,Newark,DE,EE. UU.
16168,Xena,Consumer,Norcross,GA,EE. UU.
17225,Imani,Consumer,Dallas,TX,EE. UU.
17835,Linda,Consumer,Houston,TX,EE. UU.
18573,Cleo,Consumer,Reseda,CA,EE. UU.
17188,Emily,Consumer,Fontana,CA,EE. UU.
19035,Sharon,Consumer,Quincy,MA,EE. UU.
20186,Gwendolyn,Consumer,Riverside,CA,EE. UU.
19988,Shannon,Consumer,Tampa,FL,EE. UU.
18608,Natalie,Consumer,Fort Lauderdale,FL,EE. UU.
16364,Martha,Consumer,New York,NY,EE. UU.
20041,Ainsley,Consumer,Portland,OR,EE. UU.
19879,Shelley,Consumer,Carrollton,TX,EE. UU.
15264,Charlotte,Consumer,Fountain Valley,CA,EE. UU.
17187,Glenna,Consumer,Tustin,CA,EE. UU.
17205,Maya,Consumer,Austin,TX,EE. UU.
16147,Zenaida,Consumer,Fort Worth,TX,EE. UU.
17114,Iona,Consumer,Compton,CA,EE. UU.
18535,Blair,Consumer,Chicago,IL,EE. UU.
17096,Moana,Consumer,Brooklyn,NY,EE. UU.
15281,Cara,Consumer,Aurora,CO,EE. UU.
16291,Zoe,Consumer,New York,NY,EE. UU.
20040,Haviva,Consumer,San Francisco,CA,EE. UU.
20130,Jolene,Consumer,Kaneohe,HI,EE. UU.
19823,Inga,Consumer,Fremont,CA,EE. UU.
17221,Sacha,Consumer,Watsonville,CA,EE. UU.
15244,Maxine,Consumer,Memphis,TN,EE. UU.
16271,Chelsea,Consumer,Fremont,CA,EE. UU.
16109,Velma,Consumer,Bell Gardens,CA,EE. UU.
18959,Callie,Consumer,Methuen,MA,EE. UU.
19930,Kay,Consumer,Roswell,GA,EE. UU.
18605,India,Consumer,Fort Lauderdale,FL,EE. UU.
19876,Gail,Consumer,Pico Rivera,CA,EE. UU.
20038,Charissa,Consumer,Lancaster,OH,EE. UU.
17219,Jana,Consumer,Elmhurst,IL,EE. UU.
17776,Carolyn,Consumer,Dearborn,MI,EE. UU.
16378,Tatiana,Consumer,Los Angeles,CA,EE. UU.
16198,Winter,Consumer,West New York,NJ,EE. UU.
20307,Cara,Consumer,Tucson,AZ,EE. UU.
19983,Deanna,Consumer,Columbus,OH,EE. UU.
20343,Emma,Consumer,Canton,MI,EE. UU.
20162,Bell,Consumer,New York,NY,EE. UU.
19892,Nichole,Consumer,Denton,TX,EE. UU.
20198,Blair,Consumer,Ann Arbor,MI,EE. UU.
19029,Anjolie,Consumer,Bronx,NY,EE. UU.
20216,Kelsie,Consumer,Holland,MI,EE. UU.
17774,Patience,Consumer,Algonquin,IL,EE. UU.
18602,Sheila,Consumer,La Crosse,WI,EE. UU.
17127,Cassandra,Consumer,Atlanta,GA,EE. UU.
20287,Brianna,Consumer,Saint Peters,MO,EE. UU.
17073,Shay,Consumer,Medina,OH,EE. UU.
18991,Bertha,Consumer,Chandler,AZ,EE. UU.
20160,Lenore,Consumer,Fairfield,OH,EE. UU.
16357,Desiree,Consumer,East Lansing,MI,EE. UU.
16375,Shay,Consumer,North Las Vegas,NV,EE. UU.
19027,Rhoda,Consumer,Brooklyn,NY,EE. UU.
17790,Virginia,Consumer,Santa Ana,CA,EE. UU.
17071,Jolie,Consumer,Saint Paul,MN,EE. UU.
17808,Yvette,Consumer,Chicago,IL,EE. UU.
19781,Maggie,Consumer,Jacksonville,FL,EE. UU.
20285,Daria,Consumer,Amarillo,TX,EE. UU.
17880,Brianna,Consumer,New York,NY,EE. UU.
20213,Xaviera,Consumer,Detroit,MI,EE. UU.
16193,Morgan,Consumer,Rosemead,CA,EE. UU.
20158,Karleigh,Consumer,Newark,DE,EE. UU.
16211,Anastasia,Consumer,Mentor,OH,EE. UU.
20176,Jolie,Consumer,Oceanside,CA,EE. UU.
19978,Linda,Consumer,Endicott,NY,EE. UU.
19852,Wynter,Consumer,Plano,TX,EE. UU.
17842,Sydney,Consumer,Raleigh,NC,EE. UU.
19779,Kaitlin,Consumer,Tempe,AZ,EE. UU.
19941,Diana,Consumer,Modesto,CA,EE. UU.
20193,Abra,Consumer,Plainfield,NJ,EE. UU.
16282,Mariko,Consumer,Ontario,CA,EE. UU.
20121,Alma,Consumer,Meridian,ID,EE. UU.
20229,Alice,Consumer,Waukegan,IL,EE. UU.
17069,Shay,Consumer,Brentwood,NY,EE. UU.
17877,Sydnee,Consumer,Tonawanda,NY,EE. UU.
15199,Joan,Consumer,Mesa,AZ,EE. UU.
20246,Raya,Consumer,Elmhurst,NY,EE. UU.
19886,Imani,Consumer,Tracy,CA,EE. UU.
17768,Katell,Consumer,Phoenix,AZ,EE. UU.
16208,Cassady,Consumer,Brooklyn,NY,EE. UU.
20173,Jade,Consumer,Anaheim,CA,EE. UU.
18596,Imani,Consumer,Chicago,IL,EE. UU.
17786,Belle,Consumer,Bakersfield,CA,EE. UU.
15162,Cassandra,Consumer,Annapolis,MD,EE. UU.
20244,Bree,Consumer,Phoenix,AZ,EE. UU.
19938,Kerry,Consumer,Richmond,TX,EE. UU.
17246,Raya,Consumer,Fremont,CA,EE. UU.
17228,Amanda,Consumer,Fort Lauderdale,FL,EE. UU.
18259,Carla,Consumer,Van Nuys,CA,EE. UU.
19085,Nevada,Consumer,Levittown,NY,EE. UU.
19228,Aspen,Consumer,Los Angeles,CA,EE. UU.
19225,Sage,Consumer,Dallas,TX,EE. UU.
18841,Orli,Consumer,Lancaster,CA,EE. UU.
15711,Minerva,Consumer,Fremont,CA,EE. UU.
15909,Felicia,Consumer,Hialeah,FL,EE. UU.
20572,Genevieve,Consumer,Quincy,MA,EE. UU.
20570,Sara,Consumer,Metairie,LA,EE. UU.
18315,Imani,Consumer,Bronx,NY,EE. UU.
17644,Ila,Consumer,Lawrenceville,GA,EE. UU.
15960,Zoe,Consumer,Lawrenceville,GA,EE. UU.
18025,Nyssa,Consumer,Saint Paul,MN,EE. UU.
17408,Wanda,Consumer,Irwin,PA,EE. UU.
17916,Leilani,Consumer,Yuma,AZ,EE. UU.
17388,Kylynn,Consumer,Rio Rancho,NM,EE. UU.
17729,Athena,Consumer,Fairfield,OH,EE. UU.
17368,Tana,Consumer,Lindenhurst,NY,EE. UU.
2098,Sara,Consumer,Raleigh,NC,EE. UU.
16062,Eve,Consumer,Oceanside,CA,EE. UU.
18340,Adele,Consumer,Glenview,IL,EE. UU.
20430,Hannah,Consumer,West Covina,CA,EE. UU.
17999,Blair,Consumer,Cicero,IL,EE. UU.
20609,Velma,Consumer,Hayward,CA,EE. UU.
15662,Bell,Consumer,Memphis,TN,EE. UU.
15641,Melanie,Consumer,Fort Worth,TX,EE. UU.
15297,Leandra,Consumer,Honolulu,HI,EE. UU.
15577,Candice,Consumer,Massapequa,NY,EE. UU.
17621,Kirsten,Consumer,Dallas,TX,EE. UU.
15178,Darryl,Consumer,Henderson,NV,EE. UU.
16294,Cheryl,Consumer,Newark,OH,EE. UU.
17152,Constance,Consumer,Victorville,CA,EE. UU.
16275,Darryl,Consumer,Mechanicsburg,PA,EE. UU.
17115,Phyllis,Consumer,Los Angeles,CA,EE. UU.
18607,Carolyn,Consumer,Chicago,IL,EE. UU.
16273,Bertha,Consumer,Aurora,CO,EE. UU.
20291,Reagan,Consumer,Los Angeles,CA,EE. UU.
20308,Audrey,Consumer,Peabody,MA,EE. UU.
17813,Kim,Consumer,Middletown,OH,EE. UU.
20325,Dana,Consumer,Saint Paul,MN,EE. UU.
18549,Jescie,Consumer,San Antonio,TX,EE. UU.
20215,Martena,Consumer,Pacoima,CA,EE. UU.
20124,Wynter,Consumer,Spring Valley,CA,EE. UU.
16374,Victoria,Consumer,Albuquerque,NM,EE. UU.
20105,Mikayla,Consumer,Fremont,CA,EE. UU.
16247,Jacqueline,Consumer,Lancaster,CA,EE. UU.
19959,Sarah,Consumer,Atlanta,GA,EE. UU.
20066,Venus,Consumer,La Habra,CA,EE. UU.
15143,Teegan,Consumer,Chicago,IL,EE. UU.
19884,Hollee,Consumer,Placentia,CA,EE. UU.
4570,Karen,Consumer,San Jose,CA,EE. UU.
2006,Richard,Consumer,Broken Arrow,OK,EE. UU.
11704,John,Consumer,Katy,TX,EE. UU.
12304,David,Consumer,Pasadena,MD,EE. UU.
11335,Mary,Consumer,Tempe,AZ,EE. UU.
8735,Mary,Consumer,Muskegon,MI,EE. UU.
11996,Joseph,Consumer,Westland,MI,EE. UU.
6884,Amber,Consumer,Peabody,MA,EE. UU.
2732,Mary,Consumer,Chicago,IL,EE. UU.
1939,Edward,Consumer,Tracy,CA,EE. UU.
9203,Gloria,Consumer,Passaic,NJ,EE. UU.
2639,Patricia,Consumer,Los Angeles,CA,EE. UU.
9796,Thomas,Home Office,Bountiful,UT,EE. UU.
2282,Nancy,Home Office,West Covina,CA,EE. UU.
5864,Mary,Home Office,Newburgh,NY,EE. UU.
692,Ann,Home Office,Phoenix,AZ,EE. UU.
10143,Mary,Home Office,Freeport,NY,EE. UU.
13436,Nola,Home Office,Freeport,NY,EE. UU.
13220,Iona,Home Office,Los Angeles,CA,EE. UU.
13469,Kaitlin,Home Office,Miami,FL,EE. UU.
13467,Lesley,Home Office,Cypress,CA,EE. UU.
14569,Eve,Home Office,Brooklyn,NY,EE. UU.
13213,Iola,Home Office,Los Angeles,CA,EE. UU.
12991,Irene,Home Office,Compton,CA,EE. UU.
13171,Quemby,Home Office,Saint Peters,MO,EE. UU.
13189,Ann,Home Office,New York,NY,EE. UU.
5800,Mary,Home Office,Crown Point,IN,EE. UU.
395,Edward,Home Office,Revere,MA,EE. UU.
14818,Ivory,Home Office,Bronx,NY,EE. UU.
2644,Zachary,Home Office,Brooklyn,NY,EE. UU.
8267,Jennifer,Home Office,Brighton,MA,EE. UU.
14025,Octavia,Home Office,Cleveland,OH,EE. UU.
4632,Brandon,Home Office,Virginia Beach,VA,EE. UU.
7084,Jennifer,Home Office,Porterville,CA,EE. UU.
1280,Mary,Home Office,San Diego,CA,EE. UU.
526,Kimberly,Home Office,Brownsville,TX,EE. UU.
11384,Marie,Home Office,Vacaville,CA,EE. UU.
12685,Wynter,Home Office,Portland,OR,EE. UU.
12687,Constance,Home Office,Saint Paul,MN,EE. UU.
12954,Ivory,Home Office,Cerritos,CA,EE. UU.
14933,Kessie,Home Office,Mesquite,TX,EE. UU.
15017,Shelby,Home Office,Newburgh,NY,EE. UU.
14202,Madeson,Home Office,Denver,CO,EE. UU.
5872,Mary,Home Office,Woonsocket,RI,EE. UU.
13668,Lilah,Home Office,Peoria,AZ,EE. UU.
8857,Catherine,Home Office,Hawthorne,CA,EE. UU.
7877,Mary,Home Office,Chicago,IL,EE. UU.
11858,Mary,Home Office,North Hills,CA,EE. UU.
8648,Janice,Home Office,Visalia,CA,EE. UU.
7594,Mary,Home Office,Wilkes Barre,PA,EE. UU.
6973,Mary,Home Office,Chula Vista,CA,EE. UU.
1269,Mary,Home Office,Santa Ana,CA,EE. UU.
11162,James,Home Office,Frankfort,KY,EE. UU.
4352,Henry,Home Office,Memphis,TN,EE. UU.
375,Mark,Home Office,Dallas,TX,EE. UU.
5109,Beverly,Home Office,San Jose,CA,EE. UU.
3792,Gary,Home Office,Garden Grove,CA,EE. UU.
17897,Adena,Home Office,Van Nuys,CA,EE. UU.
18217,Calista,Home Office,Jersey City,NJ,EE. UU.
16445,Odette,Home Office,Elgin,IL,EE. UU.
16472,Evangeline,Home Office,Granite City,IL,EE. UU.
16578,Amity,Home Office,Wheaton,IL,EE. UU.
15772,Farrah,Home Office,Brooklyn,NY,EE. UU.
15693,Abra,Home Office,Columbia,SC,EE. UU.
15798,Moana,Home Office,Denver,CO,EE. UU.
18834,Heather,Home Office,Hagerstown,MD,EE. UU.
20500,Belle,Home Office,Lawrence,MA,EE. UU.
17381,Gillian,Home Office,Houston,TX,EE. UU.
20643,Carla,Home Office,Tucson,AZ,EE. UU.
20586,Aimee,Home Office,Merced,CA,EE. UU.
17956,Claudia,Home Office,Levittown,NY,EE. UU.
18870,Carol,Home Office,Salinas,CA,EE. UU.
17932,Lesley,Home Office,Loveland,OH,EE. UU.
18886,Martina,Home Office,Laredo,TX,EE. UU.
9464,Henry,Home Office,Pekin,IL,EE. UU.
5424,Mary,Home Office,Vista,CA,EE. UU.
18305,Brynn,Home Office,Fremont,CA,EE. UU.
18286,Karly,Home Office,Newark,DE,EE. UU.
20485,Harriet,Home Office,Bridgeton,NJ,EE. UU.
20484,Madonna,Home Office,Middletown,OH,EE. UU.
15504,Tatiana,Home Office,Lansdale,PA,EE. UU.
10856,Mary,Home Office,Toms River,NJ,EE. UU.
16367,Oprah,Home Office,Chicago,IL,EE. UU.
20062,Hiroko,Home Office,Hialeah,FL,EE. UU.
16365,Maggie,Home Office,Methuen,MA,EE. UU.
19772,Karyn,Home Office,Salinas,CA,EE. UU.
15210,Nell,Home Office,Lockport,IL,EE. UU.
20089,Christen,Home Office,Costa Mesa,CA,EE. UU.
20155,Darryl,Home Office,Fresno,CA,EE. UU.
18791,Janna,Home Office,Hayward,CA,EE. UU.
15816,Lilah,Home Office,Detroit,MI,EE. UU.
15797,Constance,Home Office,San Diego,CA,EE. UU.
8310,Tyler,Home Office,Fargo,ND,EE. UU.
17722,Holly,Home Office,Pharr,TX,EE. UU.
6765,Brittany,Home Office,Silver Spring,MD,EE. UU.
5840,Andrea,Home Office,Los Angeles,CA,EE. UU.
15168,September,Home Office,Chicago,IL,EE. UU.
4903,Mary,Home Office,Silver Spring,MD,EE. UU.
9712,Jesse,Home Office,Vacaville,CA,EE. UU.
11506,Sara,Home Office,South El Monte,CA,EE. UU.
7714,Carolyn,Home Office,Houston,TX,EE. UU.
1884,Joan,Home Office,Pacoima,CA,EE. UU.
3606,Joan,Home Office,New York,NY,EE. UU.
9719,John,Home Office,Smyrna,GA,EE. UU.
9829,Martha,Home Office,Greensboro,NC,EE. UU.
6993,Mary,Home Office,Bakersfield,CA,EE. UU.
7397,Dorothy,Home Office,Jersey City,NJ,EE. UU.
6945,Mary,Home Office,Richmond,TX,EE. UU.
3254,Bruce,Home Office,Stockton,CA,EE. UU.
5843,Jack,Home Office,York,PA,EE. UU.
130,Mary,Home Office,Aurora,IL,EE. UU.
6170,Hannah,Home Office,Baltimore,MD,EE. UU.
2945,Jacob,Home Office,Tucson,AZ,EE. UU.
14255,Jane,Home Office,Albuquerque,NM,EE. UU.
14443,Alma,Home Office,Warren,MI,EE. UU.
5452,Mary,Home Office,Santa Cruz,CA,EE. UU.
13955,Quail,Home Office,San Diego,CA,EE. UU.
2399,Juan,Home Office,Hyattsville,MD,EE. UU.
5062,Donald,Home Office,South El Monte,CA,EE. UU.
12606,Jolie,Home Office,Broomfield,CO,EE. UU.
12671,Jessica,Home Office,Piscataway,NJ,EE. UU.
13705,Kelsey,Home Office,Santa Ana,CA,EE. UU.
13703,September,Home Office,Florissant,MO,EE. UU.
11006,Mary,Home Office,Mililani,HI,EE. UU.
11082,Joseph,Home Office,Moreno Valley,CA,EE. UU.
1766,Michael,Home Office,Denver,CO,EE. UU.
16537,Cleo,Home Office,Yonkers,NY,EE. UU.
19275,Lareina,Home Office,Columbia,TN,EE. UU.
15726,Cecilia,Home Office,San Jose,CA,EE. UU.
17450,Erica,Home Office,Weslaco,TX,EE. UU.
12070,Mary,Home Office,Endicott,NY,EE. UU.
18385,Sheila,Home Office,New Orleans,LA,EE. UU.
17661,Lani,Home Office,Ithaca,NY,EE. UU.
17660,Sybill,Home Office,Chicago,IL,EE. UU.
18862,Joan,Home Office,Aurora,IL,EE. UU.
15421,Hannah,Home Office,Hampton,VA,EE. UU.
11521,Janice,Home Office,Goose Creek,SC,EE. UU.
16383,Florence,Home Office,Wichita,KS,EE. UU.
17832,Darrel,Home Office,Cleveland,OH,EE. UU.
20091,September,Home Office,Ventura,CA,EE. UU.
20090,Winifred,Home Office,Wilmington,CA,EE. UU.
17861,Sloane,Home Office,Los Angeles,CA,EE. UU.
20582,Alexandra,Home Office,Colorado Springs,CO,EE. UU.
7308,Teresa,Home Office,Columbus,OH,EE. UU.
9791,Mary,Home Office,Indianapolis,IN,EE. UU.
7467,Nancy,Home Office,Levittown,NY,EE. UU.
632,George,Home Office,Grand Prairie,TX,EE. UU.
8970,Eugene,Home Office,Phoenix,AZ,EE. UU.
9183,Daniel,Home Office,Pekin,IL,EE. UU.
14095,Ria,Home Office,Weslaco,TX,EE. UU.
13077,Virginia,Home Office,Plainfield,NJ,EE. UU.
12968,Simone,Home Office,Sugar Land,TX,EE. UU.
14625,Farrah,Home Office,Elmhurst,IL,EE. UU.
13534,Blair,Home Office,Columbia,TN,EE. UU.
13533,Violet,Home Office,Hagerstown,MD,EE. UU.
6619,Mary,Home Office,San Diego,CA,EE. UU.
1678,Mary,Home Office,West Chester,PA,EE. UU.
5580,Kathryn,Home Office,Moreno Valley,CA,EE. UU.
9299,Robert,Home Office,South Ozone Park,NY,EE. UU.
10656,Mary,Home Office,Philadelphia,PA,EE. UU.
1645,Mary,Home Office,New York,NY,EE. UU.
7520,Maria,Home Office,Catonsville,MD,EE. UU.
11366,Catherine,Home Office,Los Angeles,CA,EE. UU.
5557,Ann,Home Office,Lake Forest,CA,EE. UU.
4441,Donna,Home Office,Rancho Cordova,CA,EE. UU.
9751,Brenda,Home Office,Chicago,IL,EE. UU.
12614,Nelle,Home Office,Waukegan,IL,EE. UU.
12609,Ainsley,Home Office,Lombard,IL,EE. UU.
12500,Serina,Home Office,Chicago,IL,EE. UU.
12570,Lydia,Home Office,Brooklyn,NY,EE. UU.
12903,Tana,Home Office,Modesto,CA,EE. UU.
15064,Ruth,Home Office,Rancho Cordova,CA,EE. UU.
15021,Eleanor,Home Office,Brooklyn,NY,EE. UU.
15057,Gloria,Home Office,Philadelphia,PA,EE. UU.
14446,York,Home Office,San Antonio,TX,EE. UU.
13072,Xandra,Home Office,Long Beach,CA,EE. UU.
14306,Orli,Home Office,Amarillo,TX,EE. UU.
14442,Yeo,Home Office,Broken Arrow,OK,EE. UU.
6121,Jack,Home Office,Beloit,WI,EE. UU.
5140,Mary,Home Office,Morristown,NJ,EE. UU.
5281,James,Home Office,Chicago,IL,EE. UU.
5106,Dylan,Home Office,Atlanta,GA,EE. UU.
3253,Kevin,Home Office,Laguna Niguel,CA,EE. UU.
2358,Mary,Home Office,Rio Rancho,NM,EE. UU.
2491,Mark,Home Office,Pico Rivera,CA,EE. UU.
9028,Raymond,Home Office,Orlando,FL,EE. UU.
8646,Mary,Home Office,Piscataway,NJ,EE. UU.
8248,George,Home Office,Wyandotte,MI,EE. UU.
18055,Eve,Home Office,Mission,TX,EE. UU.
18176,Zephr,Home Office,Opa Locka,FL,EE. UU.
16424,Leigh,Home Office,Ballwin,MO,EE. UU.
16603,Christine,Home Office,Malden,MA,EE. UU.
15876,Iola,Home Office,Salinas,CA,EE. UU.
2877,Mary,Home Office,Toms River,NJ,EE. UU.
20588,Halee,Home Office,Miami,FL,EE. UU.
20749,Jayme,Home Office,Houston,TX,EE. UU.
17396,Noel,Home Office,Lakewood,OH,EE. UU.
17287,Brianna,Home Office,Milwaukee,WI,EE. UU.
17286,Xyla,Home Office,San Jose,CA,EE. UU.
18422,Felicia,Home Office,Los Angeles,CA,EE. UU.
6803,Margaret,Home Office,Louisville,KY,EE. UU.
17482,Freya,Home Office,Santa Fe,NM,EE. UU.
18419,Fiona,Home Office,Pittsfield,MA,EE. UU.
2880,Linda,Home Office,San Antonio,TX,EE. UU.
20562,Eve,Home Office,Walnut,CA,EE. UU.
4142,Matthew,Home Office,Wheaton,IL,EE. UU.
5593,Jacqueline,Home Office,Washington,DC,EE. UU.
20467,Illana,Home Office,Broken Arrow,OK,EE. UU.
374,Mary,Home Office,Mesa,AZ,EE. UU.
18304,Hope,Home Office,Des Plaines,IL,EE. UU.
17419,Ivory,Home Office,Memphis,TN,EE. UU.
20520,Brooke,Home Office,Cleveland,OH,EE. UU.
18653,Nadine,Home Office,Bayonne,NJ,EE. UU.
18652,Chiquita,Home Office,Brooklyn,NY,EE. UU.
18650,Idona,Home Office,Aurora,CO,EE. UU.
12025,Linda,Home Office,San Diego,CA,EE. UU.
17611,Astra,Home Office,Newburgh,NY,EE. UU.
17538,Marah,Home Office,Ann Arbor,MI,EE. UU.
17536,Mara,Home Office,Compton,CA,EE. UU.
20242,Alma,Home Office,Salt Lake City,UT,EE. UU.
16331,Deirdre,Home Office,Brooklyn,NY,EE. UU.
18928,Avye,Home Office,Martinsburg,WV,EE. UU.
16276,Carolyn,Home Office,Salinas,CA,EE. UU.
20294,Mariam,Home Office,Santa Maria,CA,EE. UU.
16347,Aimee,Home Office,El Paso,TX,EE. UU.
19801,Remedios,Home Office,Portland,OR,EE. UU.
18901,Carla,Home Office,Joliet,IL,EE. UU.
17195,Madeson,Home Office,Louisville,KY,EE. UU.
16370,Ocean,Home Office,Algonquin,IL,EE. UU.
16171,Zia,Home Office,El Centro,CA,EE. UU.
19057,Basia,Home Office,San Francisco,CA,EE. UU.
5842,Lisa,Home Office,San Jose,CA,EE. UU.
20240,Amena,Home Office,Houston,TX,EE. UU.
16128,Sydnee,Home Office,Los Angeles,CA,EE. UU.
16215,Camille,Home Office,Madera,CA,EE. UU.
3218,Steven,Home Office,Staten Island,NY,EE. UU.
9795,Mary,Home Office,Brooklyn,NY,EE. UU.
1129,Charles,Home Office,San Diego,CA,EE. UU.
10221,Mary,Home Office,New York,NY,EE. UU.
12241,Mary,Home Office,Santa Cruz,CA,EE. UU.
8884,Albert,Home Office,Philadelphia,PA,EE. UU.
3215,Judith,Home Office,El Paso,TX,EE. UU.
3094,Mary,Home Office,San Jose,CA,EE. UU.
6631,Mary,Home Office,Catonsville,MD,EE. UU.
7889,Michelle,Home Office,Kaneohe,HI,EE. UU.
1361,Jacob,Home Office,San Francisco,CA,EE. UU.
10286,Wayne,Home Office,Laredo,TX,EE. UU.
605,Donald,Home Office,Brooklyn,NY,EE. UU.
9027,Mary,Home Office,Denver,CO,EE. UU.
11249,Madison,Home Office,Provo,UT,EE. UU.
8825,Anthony,Home Office,Hialeah,FL,EE. UU.
4634,Peter,Home Office,San Diego,CA,EE. UU.
3835,Mary,Home Office,Fremont,CA,EE. UU.
12222,Mary,Home Office,Wyandotte,MI,EE. UU.
81,Mary,Home Office,Ithaca,NY,EE. UU.
1068,Phillip,Home Office,Bristol,CT,EE. UU.
12202,Nicholas,Home Office,Philadelphia,PA,EE. UU.
661,Mary,Home Office,Detroit,MI,EE. UU.
6606,Elizabeth,Home Office,Palmdale,CA,EE. UU.
6932,Evelyn,Home Office,Brooklyn,NY,EE. UU.
13167,Francesca,Home Office,Lilburn,GA,EE. UU.
13149,Velma,Home Office,Moreno Valley,CA,EE. UU.
14059,Julie,Home Office,Strongsville,OH,EE. UU.
14365,Tamara,Home Office,San Antonio,TX,EE. UU.
12986,Constance,Home Office,Lancaster,PA,EE. UU.
14291,Ila,Home Office,Santa Cruz,CA,EE. UU.
14147,Emerald,Home Office,Salem,OR,EE. UU.
13217,Cleo,Home Office,Miami,FL,EE. UU.
14378,Linda,Home Office,Honolulu,HI,EE. UU.
14533,Gwendolyn,Home Office,Atlanta,GA,EE. UU.
13034,Jade,Home Office,Paramount,CA,EE. UU.
14358,Karly,Home Office,New Albany,IN,EE. UU.
13230,Ivory,Home Office,Orlando,FL,EE. UU.
14549,Virginia,Home Office,Harvey,IL,EE. UU.
13229,Cynthia,Home Office,San Antonio,TX,EE. UU.
14300,Rae,Home Office,Chicago,IL,EE. UU.
13209,Willow,Home Office,Saint Paul,MN,EE. UU.
13371,Xerxes,Home Office,New York,NY,EE. UU.
14172,Rama,Home Office,Tempe,AZ,EE. UU.
14670,Jocelyn,Home Office,Chicago,IL,EE. UU.
13261,Quon,Home Office,Aurora,CO,EE. UU.
14171,Halee,Home Office,Carlisle,PA,EE. UU.
14598,Raya,Home Office,Decatur,GA,EE. UU.
14544,Xandra,Home Office,Elgin,IL,EE. UU.
14542,Megan,Home Office,Aurora,CO,EE. UU.
13573,Alfreda,Home Office,Holland,MI,EE. UU.
14877,Ocean,Home Office,Jacksonville,NC,EE. UU.
14822,Orli,Home Office,San Bernardino,CA,EE. UU.
13641,Hillary,Home Office,Miami,FL,EE. UU.
10072,Richard,Home Office,Denver,CO,EE. UU.
13640,Aphrodite,Home Office,Berwyn,IL,EE. UU.
14054,Risa,Home Office,Philadelphia,PA,EE. UU.
6943,Mary,Home Office,Opelousas,LA,EE. UU.
13638,Christine,Home Office,Plainfield,IL,EE. UU.
12139,Brian,Home Office,Brooklyn,NY,EE. UU.
14050,Leila,Home Office,San Diego,CA,EE. UU.
11613,Diane,Home Office,Sacramento,CA,EE. UU.
4032,Jennifer,Home Office,Brooklyn,NY,EE. UU.
13632,Venus,Home Office,Bronx,NY,EE. UU.
9961,Ann,Home Office,Carson,CA,EE. UU.
5150,Mary,Home Office,Raleigh,NC,EE. UU.
13972,Serina,Home Office,Fountain Valley,CA,EE. UU.
13881,Rosalyn,Home Office,San Diego,CA,EE. UU.
2983,Joan,Home Office,Chillicothe,OH,EE. UU.
13772,Penelope,Home Office,San Diego,CA,EE. UU.
14006,Sharon,Home Office,Los Angeles,CA,EE. UU.
5008,Donald,Home Office,Lenoir,NC,EE. UU.
60,Mary,Home Office,Webster,NY,EE. UU.
7225,Mary,Home Office,Miami,FL,EE. UU.
9147,Mary,Home Office,Philadelphia,PA,EE. UU.
3264,Mary,Home Office,New York,NY,EE. UU.
2761,Jennifer,Home Office,Taylor,MI,EE. UU.
11340,Michael,Home Office,Kailua,HI,EE. UU.
11146,Jason,Consumer,Caguas,PR,Puerto Rico
4111,Mary,Home Office,Caguas,PR,Puerto Rico
8530,William,Consumer,Highland,CA,EE. UU.
1570,Mary,Consumer,Los Angeles,CA,EE. UU.
10287,Mary,Corporate,Caguas,PR,Puerto Rico
11842,Mary,Consumer,Caguas,PR,Puerto Rico
5869,Mary,Home Office,Plano,TX,EE. UU.
3576,Mary,Home Office,Caguas,PR,Puerto Rico
4489,Mary,Home Office,Dorchester Center,MA,EE. UU.
4087,Mary,Home Office,Los Angeles,CA,EE. UU.
107,Mary,Consumer,Caguas,PR,Puerto Rico
3956,Mary,Home Office,Stockbridge,GA,EE. UU.
10228,Mark,Consumer,Bay Shore,NY,EE. UU.
9101,Mary,Consumer,Las Vegas,NV,EE. UU.
9386,Angela,Consumer,Caguas,PR,Puerto Rico
3327,Tammy,Consumer,Caguas,PR,Puerto Rico
11804,Mary,Consumer,Caguas,PR,Puerto Rico
7105,Angela,Home Office,El Paso,TX,EE. UU.
4591,Eric,Consumer,Caguas,PR,Puerto Rico
3725,Mary,Consumer,Caguas,PR,Puerto Rico
11763,Rose,Consumer,Caguas,PR,Puerto Rico
12402,Mary,Consumer,Caguas,PR,Puerto Rico
7609,Mary,Consumer,Caguas,PR,Puerto Rico
8426,Mary,Consumer,Caguas,PR,Puerto Rico
10727,Paul,Consumer,Caguas,PR,Puerto Rico
896,Mary,Consumer,Caguas,PR,Puerto Rico
8813,Carol,Consumer,Brooklyn,NY,EE. UU.
7078,Mary,Home Office,Las Vegas,NV,EE. UU.
6797,Mary,Consumer,Caguas,PR,Puerto Rico
3848,Mary,Home Office,New Braunfels,TX,EE. UU.
11231,Mary,Home Office,Fond Du Lac,WI,EE. UU.
12029,Mary,Home Office,Caguas,PR,Puerto Rico
2194,Mary,Consumer,Caguas,PR,Puerto Rico
3665,Philip,Consumer,Caguas,PR,Puerto Rico
4646,Arthur,Home Office,Williamsport,PA,EE. UU.
5907,Mary,Consumer,Caguas,PR,Puerto Rico
2533,Christina,Consumer,Caguas,PR,Puerto Rico
3116,Mary,Home Office,Dayton,OH,EE. UU.
5341,Mary,Home Office,Brooklyn,NY,EE. UU.
5796,Crystal,Home Office,Las Vegas,NV,EE. UU.
6462,Ethan,Consumer,Indianapolis,IN,EE. UU.
11742,Victoria,Consumer,San Sebastian,PR,Puerto Rico
3367,Betty,Consumer,San Juan,PR,Puerto Rico
4453,Mary,Consumer,Caguas,PR,Puerto Rico
25,Paul,Home Office,Peoria,AZ,EE. UU.
7740,Mary,Consumer,Denver,CO,EE. UU.
4236,Sandra,Consumer,Caguas,PR,Puerto Rico
9025,Mary,Corporate,Caguas,PR,Puerto Rico
1442,Anna,Corporate,Caguas,PR,Puerto Rico
10646,Mary,Consumer,Caguas,PR,Puerto Rico
10441,Jesse,Consumer,Caguas,PR,Puerto Rico
11518,Mary,Consumer,San Juan,PR,Puerto Rico
4578,Mary,Home Office,Modesto,CA,EE. UU.
3924,Rebecca,Consumer,Caguas,PR,Puerto Rico
9710,James,Home Office,Lynn,MA,EE. UU.
3617,Mary,Home Office,Jackson,MI,EE. UU.
6297,Patricia,Consumer,Caguas,PR,Puerto Rico
12259,Mary,Home Office,Dundalk,MD,EE. UU.
10230,Mary,Home Office,San Antonio,TX,EE. UU.
5061,Charles,Home Office,Chicago,IL,EE. UU.
7004,Mary,Consumer,Hagerstown,MD,EE. UU.
7797,Mary,Home Office,Los Angeles,CA,EE. UU.
11827,Mary,Consumer,Hollywood,FL,EE. UU.
9572,Mary,Consumer,Caguas,PR,Puerto Rico
12158,Mary,Consumer,Caguas,PR,Puerto Rico
8752,Mary,Home Office,Oceanside,CA,EE. UU.
4629,Kimberly,Consumer,Caguas,PR,Puerto Rico
8837,Kathleen,Home Office,Apopka,FL,EE. UU.
2063,Mary,Consumer,San Juan,PR,Puerto Rico
6131,Mary,Home Office,Caguas,PR,Puerto Rico
3269,Margaret,Home Office,Caguas,PR,Puerto Rico
4617,Jason,Consumer,Toa Baja,PR,Puerto Rico
2809,Evelyn,Home Office,Newark,DE,EE. UU.
2607,Mary,Consumer,Caguas,PR,Puerto Rico
6272,Charles,Home Office,Toms River,NJ,EE. UU.
2505,Jessica,Consumer,Caguas,PR,Puerto Rico
10929,Mary,Home Office,Davis,CA,EE. UU.
240,David,Consumer,Caguas,PR,Puerto Rico
6257,Alice,Consumer,Cayey,PR,Puerto Rico
9832,Mary,Home Office,New Orleans,LA,EE. UU.
7911,Joshua,Consumer,Las Vegas,NV,EE. UU.
11410,Catherine,Consumer,Caguas,PR,Puerto Rico
837,Andrew,Consumer,Caguas,PR,Puerto Rico
6203,Jacqueline,Consumer,Caguas,PR,Puerto Rico
11281,Janet,Home Office,Caguas,PR,Puerto Rico
10186,Mary,Home Office,Gaithersburg,MD,EE. UU.
10086,Jane,Home Office,Tinley Park,IL,EE. UU.
3351,James,Consumer,Caguas,PR,Puerto Rico
9361,Mary,Home Office,Middletown,CT,EE. UU.
10941,Charles,Consumer,Brooklyn,NY,EE. UU.
2616,Scott,Consumer,Caguas,PR,Puerto Rico
8794,Mary,Home Office,Tucson,AZ,EE. UU.
1594,Madison,Consumer,Guaynabo,PR,Puerto Rico
7665,Mary,Home Office,Caguas,PR,Puerto Rico
7862,Mary,Home Office,Caguas,PR,Puerto Rico
1455,Mary,Consumer,Caguas,PR,Puerto Rico
8483,Mary,Consumer,Caguas,PR,Puerto Rico
10749,Mary,Consumer,Caguas,PR,Puerto Rico
7987,Willie,Home Office,Yauco,PR,Puerto Rico
3663,Beverly,Consumer,Caguas,PR,Puerto Rico
5174,Helen,Consumer,Caguas,PR,Puerto Rico
7313,Shirley,Consumer,Astoria,NY,EE. UU.
9916,Joshua,Consumer,Caguas,PR,Puerto Rico
11502,Mary,Consumer,Caguas,PR,Puerto Rico
4264,Michelle,Home Office,Chicago,IL,EE. UU.
2080,Alice,Consumer,Caguas,PR,Puerto Rico
556,Nathan,Corporate,Caguas,PR,Puerto Rico
9999,Susan,Home Office,Albuquerque,NM,EE. UU.
9545,Mary,Home Office,La Mirada,CA,EE. UU.
3271,Mary,Consumer,Los Angeles,CA,EE. UU.
6214,Melissa,Corporate,Caguas,PR,Puerto Rico
8123,Mary,Home Office,San Diego,CA,EE. UU.
1875,Daniel,Consumer,Caguas,PR,Puerto Rico
9359,Nancy,Home Office,Beloit,WI,EE. UU.
6966,Joan,Corporate,Caguas,PR,Puerto Rico
4970,Nancy,Consumer,Mission Viejo,CA,EE. UU.
4129,Alexander,Consumer,Brooklyn,NY,EE. UU.
9621,Mary,Consumer,Caguas,PR,Puerto Rico
9292,Kelly,Home Office,San Marcos,TX,EE. UU.
3113,Aaron,Consumer,Caguas,PR,Puerto Rico
1736,Grace,Home Office,Tempe,AZ,EE. UU.
2392,Susan,Consumer,Caguas,PR,Puerto Rico
595,Brian,Consumer,Caguas,PR,Puerto Rico
9920,Michelle,Consumer,Caguas,PR,Puerto Rico
4176,Mary,Consumer,Caguas,PR,Puerto Rico
3741,Joseph,Home Office,Elyria,OH,EE. UU.
10513,Sandra,Home Office,Caguas,PR,Puerto Rico
3615,Jennifer,Home Office,New York,NY,EE. UU.
9170,Alexander,Consumer,Caguas,PR,Puerto Rico
11964,Richard,Consumer,Caguas,PR,Puerto Rico
1630,Jonathan,Home Office,Bend,OR,EE. UU.
9475,Mary,Consumer,Caguas,PR,Puerto Rico
11975,Mary,Consumer,Caguas,PR,Puerto Rico
7171,Mary,Consumer,Caguas,PR,Puerto Rico
1665,Barbara,Consumer,Caguas,PR,Puerto Rico
6235,Stephen,Home Office,Caguas,PR,Puerto Rico
5313,Mary,Home Office,Las Vegas,NV,EE. UU.
3661,Mary,Consumer,Caguas,PR,Puerto Rico
3003,Lawrence,Consumer,Sheboygan,WI,EE. UU.
10767,Mary,Consumer,Garden Grove,CA,EE. UU.
8900,Russell,Consumer,Greeley,CO,EE. UU.
12999,Daryl,Consumer,Los Angeles,CA,EE. UU.
14488,Simone,Consumer,Loveland,OH,EE. UU.
15099,Josephine,Consumer,San Diego,CA,EE. UU.
13505,Clio,Consumer,Stockbridge,GA,EE. UU.
14199,Aspen,Consumer,Marion,OH,EE. UU.
13503,Willow,Consumer,Littleton,CO,EE. UU.
13124,Sydnee,Consumer,Houston,TX,EE. UU.
14623,Ivana,Consumer,Westminster,CA,EE. UU.
12960,Basia,Consumer,New Bedford,MA,EE. UU.
14155,Allegra,Consumer,Stockton,CA,EE. UU.
13334,Ila,Consumer,Tampa,FL,EE. UU.
14506,Jade,Consumer,La Crosse,WI,EE. UU.
9733,Marie,Consumer,Brownsville,TX,EE. UU.
7289,Kevin,Consumer,Los Angeles,CA,EE. UU.
12791,Charissa,Consumer,Carmichael,CA,EE. UU.
14834,Danielle,Consumer,Dorchester Center,MA,EE. UU.
12770,Doris,Consumer,Tracy,CA,EE. UU.
13669,Shelby,Consumer,Winnetka,CA,EE. UU.
9430,Andrew,Consumer,New York,NY,EE. UU.
13828,Erica,Consumer,Amarillo,TX,EE. UU.
14942,Destiny,Consumer,Compton,CA,EE. UU.
14940,Britanney,Consumer,West Chester,PA,EE. UU.
14936,Moana,Consumer,Ypsilanti,MI,EE. UU.
14329,Genevieve,Consumer,Chino,CA,EE. UU.
14166,Mikayla,Consumer,Lake Forest,CA,EE. UU.
13508,Hope,Consumer,New Orleans,LA,EE. UU.
13343,Yvette,Consumer,North Las Vegas,NV,EE. UU.
12981,Freya,Consumer,El Cajon,CA,EE. UU.
13284,Jayme,Consumer,Los Angeles,CA,EE. UU.
13137,Basia,Consumer,Hollister,CA,EE. UU.
13821,Bryar,Consumer,Littleton,CO,EE. UU.
14712,Jorden,Consumer,Bowling Green,KY,EE. UU.
14725,Ulla,Consumer,Hilliard,OH,EE. UU.
14884,Sydnee,Consumer,Corona,NY,EE. UU.
5092,Mary,Consumer,Chicago,IL,EE. UU.
12692,Jena,Consumer,Chicago,IL,EE. UU.
12922,Inez,Consumer,Lancaster,OH,EE. UU.
12916,Gillian,Consumer,Austin,TX,EE. UU.
12983,Oprah,Consumer,Hyattsville,MD,EE. UU.
13504,Hedwig,Consumer,Bristol,CT,EE. UU.
14197,Maia,Consumer,Bend,OR,EE. UU.
13552,Shelby,Consumer,Warren,MI,EE. UU.
13636,Lesley,Consumer,Brooklyn,NY,EE. UU.
13993,Avye,Consumer,Douglasville,GA,EE. UU.
1963,Mary,Consumer,Los Angeles,CA,EE. UU.
3109,Jack,Consumer,Fort Worth,TX,EE. UU.
10914,Christopher,Consumer,Plymouth,MA,EE. UU.
20318,Lilah,Consumer,Austin,TX,EE. UU.
19140,Molly,Consumer,Hyattsville,MD,EE. UU.
16476,Rhiannon,Consumer,Roseville,MI,EE. UU.
16619,Shelley,Consumer,Chicago,IL,EE. UU.
18301,Whitney,Consumer,Los Angeles,CA,EE. UU.
20536,Mara,Consumer,Chicago,IL,EE. UU.
17721,Nora,Consumer,La Crosse,WI,EE. UU.
20408,Wanda,Consumer,Fountain Valley,CA,EE. UU.
7253,Joseph,Consumer,Powder Springs,GA,EE. UU.
20550,Nomlanga,Consumer,Anaheim,CA,EE. UU.
18888,Brenda,Consumer,Newark,OH,EE. UU.
18683,Camille,Consumer,Princeton,NJ,EE. UU.
18645,Maggie,Consumer,New York,NY,EE. UU.
15301,Whitney,Consumer,Wichita,KS,EE. UU.
18642,Nita,Consumer,Aurora,CO,EE. UU.
15507,Mallory,Consumer,San Jose,CA,EE. UU.
15579,Nelle,Consumer,Stamford,CT,EE. UU.
18908,Oprah,Consumer,Orlando,FL,EE. UU.
15188,Patience,Consumer,Phoenix,AZ,EE. UU.
19891,Stella,Consumer,Long Beach,CA,EE. UU.
19994,Anika,Consumer,Allentown,PA,EE. UU.
18147,Carly,Consumer,Rowland Heights,CA,EE. UU.
18215,Moana,Consumer,Birmingham,AL,EE. UU.
16465,Leslie,Consumer,Woodbridge,VA,EE. UU.
18792,Carolyn,Consumer,West New York,NJ,EE. UU.
15891,Rylee,Consumer,Tucson,AZ,EE. UU.
16038,Marah,Consumer,Stamford,CT,EE. UU.
20624,Calista,Consumer,New Orleans,LA,EE. UU.
18872,Amena,Consumer,Palatine,IL,EE. UU.
17437,Kellie,Consumer,Lake Forest,CA,EE. UU.
15411,Lesley,Consumer,Tempe,AZ,EE. UU.
15334,Autumn,Consumer,Victorville,CA,EE. UU.
18984,Lunea,Consumer,Chula Vista,CA,EE. UU.
17870,Ocean,Consumer,Brighton,MA,EE. UU.
18640,Aphrodite,Consumer,Stafford,VA,EE. UU.
17882,Rowan,Consumer,Lenoir,NC,EE. UU.
20359,Nell,Consumer,Elk Grove,CA,EE. UU.
18634,Josephine,Consumer,Fullerton,CA,EE. UU.
16191,Audrey,Consumer,Los Angeles,CA,EE. UU.
20030,Cheyenne,Consumer,Plainfield,IL,EE. UU.
16441,Cheryl,Consumer,Quincy,MA,EE. UU.
18764,Reagan,Consumer,Modesto,CA,EE. UU.
17640,Ainsley,Consumer,Davis,CA,EE. UU.
18416,Camilla,Consumer,Laredo,TX,EE. UU.
7991,Mary,Consumer,Caguas,PR,Puerto Rico
2086,Ruth,Home Office,Caguas,PR,Puerto Rico
772,Mary,Corporate,Caguas,PR,Puerto Rico
8139,Douglas,Consumer,Apopka,FL,EE. UU.
5002,Bryan,Home Office,Chicago,IL,EE. UU.
5397,Mary,Home Office,Baltimore,MD,EE. UU.
7957,Christopher,Consumer,Albuquerque,NM,EE. UU.
7624,Anthony,Consumer,Caguas,PR,Puerto Rico
9943,Alan,Corporate,Caguas,PR,Puerto Rico
6520,Judy,Consumer,Daly City,CA,EE. UU.
1235,Mary,Home Office,Fairfield,CA,EE. UU.
8589,Mary,Home Office,Caguas,PR,Puerto Rico
9808,Samantha,Home Office,Caguas,PR,Puerto Rico
461,Mary,Consumer,Caguas,PR,Puerto Rico
10737,Michael,Home Office,Broken Arrow,OK,EE. UU.
6403,Cheryl,Home Office,Modesto,CA,EE. UU.
3162,Wayne,Consumer,Caguas,PR,Puerto Rico
8351,James,Consumer,Caguas,PR,Puerto Rico
8142,Mary,Home Office,Clovis,CA,EE. UU.
2333,Kevin,Consumer,Malden,MA,EE. UU.
6234,Mary,Home Office,Bronx,NY,EE. UU.
253,Nancy,Consumer,Caguas,PR,Puerto Rico
9413,Mary,Home Office,Jamaica,NY,EE. UU.
4433,Michelle,Consumer,Caguas,PR,Puerto Rico
8716,Evelyn,Home Office,Caguas,PR,Puerto Rico
198,Mary,Home Office,Lancaster,PA,EE. UU.
9620,Juan,Consumer,Greensboro,NC,EE. UU.
11247,Wayne,Home Office,Caguas,PR,Puerto Rico
1557,Nicole,Home Office,Douglasville,GA,EE. UU.
7906,Wayne,Consumer,Caguas,PR,Puerto Rico
1959,Lauren,Consumer,Caguas,PR,Puerto Rico
7674,Mary,Consumer,Caguas,PR,Puerto Rico
1360,Mary,Home Office,Caguas,PR,Puerto Rico
4184,Brittany,Consumer,Conway,AR,EE. UU.
3408,Catherine,Consumer,Caguas,PR,Puerto Rico
2971,Amanda,Consumer,Caguas,PR,Puerto Rico
8461,Mary,Home Office,Fort Lauderdale,FL,EE. UU.
9465,Aaron,Home Office,Caguas,PR,Puerto Rico
901,Mary,Consumer,Caguas,PR,Puerto Rico
10342,William,Home Office,Ontario,CA,EE. UU.
12323,Steven,Home Office,San Antonio,TX,EE. UU.
302,Mary,Corporate,Fullerton,CA,EE. UU.
4722,Sara,Home Office,Saint Louis,MO,EE. UU.
10607,Matthew,Consumer,Manati,PR,Puerto Rico
4268,Ruth,Home Office,Caguas,PR,Puerto Rico
10629,Robert,Consumer,Caguas,PR,Puerto Rico
11029,Joan,Corporate,Caguas,PR,Puerto Rico
5922,Sharon,Home Office,Chicago,IL,EE. UU.
9123,Mary,Consumer,Caguas,PR,Puerto Rico
2846,Mary,Consumer,Caguas,PR,Puerto Rico
4130,Amber,Home Office,Williamsport,PA,EE. UU.
7295,Mary,Home Office,Upland,CA,EE. UU.
5006,Ann,Consumer,Painesville,OH,EE. UU.
7610,Andrea,Consumer,Sunnyvale,CA,EE. UU.
10347,Mary,Home Office,Hollywood,FL,EE. UU.
1230,Edward,Consumer,Ventura,CA,EE. UU.
4532,Alice,Home Office,Caguas,PR,Puerto Rico
2900,Mary,Consumer,Caguas,PR,Puerto Rico
11543,Eric,Home Office,Antioch,CA,EE. UU.
4828,Danielle,Consumer,Des Plaines,IL,EE. UU.
6545,Jennifer,Consumer,Caguas,PR,Puerto Rico
7463,Mary,Consumer,Caguas,PR,Puerto Rico
8931,Mary,Consumer,Douglasville,GA,EE. UU.
2606,Grace,Consumer,Chicago,IL,EE. UU.
8672,Mary,Consumer,San Diego,CA,EE. UU.
14134,Cassandra,Consumer,Detroit,MI,EE. UU.
14614,Blythe,Consumer,Grove City,OH,EE. UU.
14765,Nell,Consumer,Valrico,FL,EE. UU.
14692,Iona,Consumer,San Jose,CA,EE. UU.
14552,Mara,Consumer,New Brunswick,NJ,EE. UU.
13958,Yvette,Consumer,Stamford,CT,EE. UU.
12719,Faith,Consumer,Wilmington,CA,EE. UU.
12585,Gemma,Consumer,Colton,CA,EE. UU.
12583,Kiayada,Consumer,Hanover,PA,EE. UU.
13253,Ulla,Consumer,Stockbridge,GA,EE. UU.
15115,Idona,Consumer,Brownsville,TX,EE. UU.
8021,Mary,Consumer,Albany,OR,EE. UU.
10488,Mary,Consumer,Miami,FL,EE. UU.
17314,Heather,Consumer,Philadelphia,PA,EE. UU.
18262,Isabella,Consumer,Rancho Cucamonga,CA,EE. UU.
16558,Stella,Consumer,Chicago,IL,EE. UU.
17297,Constance,Consumer,Glendale,AZ,EE. UU.
15304,Hope,Consumer,Atlanta,GA,EE. UU.
15644,Willow,Consumer,Hollywood,FL,EE. UU.
15443,Jemima,Consumer,Chicago,IL,EE. UU.
15342,Pandora,Consumer,Gardena,CA,EE. UU.
17830,Liberty,Consumer,Detroit,MI,EE. UU.
17864,Martha,Consumer,Duluth,GA,EE. UU.
19066,Cheyenne,Consumer,Granite City,IL,EE. UU.
16559,Mariam,Consumer,Princeton,NJ,EE. UU.
15767,Tallulah,Consumer,Fountain Valley,CA,EE. UU.
17907,Farrah,Consumer,Toms River,NJ,EE. UU.
17676,Lacy,Consumer,El Cajon,CA,EE. UU.
20007,Mally,Consumer,Colorado Springs,CO,EE. UU.
19277,Zoe,Consumer,Chino Hills,CA,EE. UU.
19969,Kelsey,Consumer,New York,NY,EE. UU.
6372,Henry,Consumer,Woodside,NY,EE. UU.
13364,Karly,Consumer,Brooklyn,NY,EE. UU.
12962,Teagan,Consumer,Brownsville,TX,EE. UU.
13390,Stella,Consumer,Richmond,TX,EE. UU.
14806,Ila,Consumer,Poway,CA,EE. UU.
14911,Whitney,Consumer,Detroit,MI,EE. UU.
13604,Latifah,Consumer,Edinburg,TX,EE. UU.
14094,Stephanie,Consumer,Los Angeles,CA,EE. UU.
13003,Avye,Consumer,Las Vegas,NV,EE. UU.
13338,Abra,Consumer,Dearborn,MI,EE. UU.
13482,Linda,Consumer,San Antonio,TX,EE. UU.
13067,Dominique,Consumer,Brooklyn,NY,EE. UU.
14138,Abigail,Consumer,Austin,TX,EE. UU.
14509,Carissa,Consumer,Sunnyvale,CA,EE. UU.
13663,Xena,Consumer,Brooklyn,NY,EE. UU.
13769,Sylvia,Consumer,Colorado Springs,CO,EE. UU.
14731,Eden,Consumer,Clarksville,TN,EE. UU.
13856,Rana,Consumer,Las Vegas,NV,EE. UU.
13855,Shellie,Consumer,Brooklyn,NY,EE. UU.
14728,Nora,Consumer,San Benito,TX,EE. UU.
13834,Joan,Consumer,Longmont,CO,EE. UU.
13760,Mira,Consumer,Milpitas,CA,EE. UU.
12471,Kelsey,Consumer,Oceanside,CA,EE. UU.
12906,Linda,Consumer,Far Rockaway,NY,EE. UU.
14058,Cleo,Consumer,Alhambra,CA,EE. UU.
14449,Sade,Consumer,Saint Paul,MN,EE. UU.
13202,Illana,Consumer,Austin,TX,EE. UU.
14592,Yolanda,Consumer,Livermore,CA,EE. UU.
14308,Kylie,Consumer,Las Vegas,NV,EE. UU.
12963,Jael,Consumer,Taunton,MA,EE. UU.
13341,Melanie,Consumer,Walnut,CA,EE. UU.
13484,Buffy,Consumer,Huntington Station,NY,EE. UU.
14232,Imani,Consumer,Baltimore,MD,EE. UU.
14603,Mira,Consumer,Los Angeles,CA,EE. UU.
14512,Dahlia,Consumer,Hamilton,OH,EE. UU.
13025,Mallory,Consumer,Oxnard,CA,EE. UU.
13421,May,Consumer,Richmond,IN,EE. UU.
14631,Calista,Consumer,Dallas,TX,EE. UU.
14003,Morgan,Consumer,San Diego,CA,EE. UU.
10654,Jacob,Consumer,San Diego,CA,EE. UU.
13858,Martina,Consumer,Compton,CA,EE. UU.
13678,Teegan,Consumer,O Fallon,MO,EE. UU.
13928,Hannah,Consumer,Montebello,CA,EE. UU.
13998,Rhoda,Consumer,Orlando,FL,EE. UU.
13854,Rae,Consumer,Roswell,NM,EE. UU.
14812,Ignacia,Consumer,Milford,CT,EE. UU.
9850,Victoria,Consumer,Garden Grove,CA,EE. UU.
14827,Xerxes,Consumer,Westland,MI,EE. UU.
9595,Judy,Consumer,Sanford,NC,EE. UU.
14700,Morgan,Consumer,Laguna Niguel,CA,EE. UU.
11976,Robert,Consumer,Detroit,MI,EE. UU.
6335,Mary,Consumer,Methuen,MA,EE. UU.
12550,Justina,Consumer,Bellflower,CA,EE. UU.
12529,Anika,Consumer,Annapolis,MD,EE. UU.
15087,Yolanda,Consumer,Salem,OR,EE. UU.
15069,Latifah,Consumer,Las Vegas,NV,EE. UU.
14993,Skyler,Consumer,Detroit,MI,EE. UU.
14964,Shelley,Consumer,Mount Pleasant,MI,EE. UU.
14070,Aileen,Consumer,Morrisville,PA,EE. UU.
13428,Bertha,Consumer,New York,NY,EE. UU.
14351,Sopoline,Consumer,Hialeah,FL,EE. UU.
13944,Leila,Consumer,Brooklyn,NY,EE. UU.
13833,Angelica,Consumer,Las Vegas,NV,EE. UU.
9239,Mary,Consumer,Hollywood,FL,EE. UU.
2739,Mary,Consumer,Crystal Lake,IL,EE. UU.
16433,Kessie,Consumer,Brooklyn,NY,EE. UU.
16087,Darryl,Consumer,San Antonio,TX,EE. UU.
16051,Alma,Consumer,New York,NY,EE. UU.
20526,Gwendolyn,Consumer,Fresno,CA,EE. UU.
20650,Isabella,Consumer,Columbia,TN,EE. UU.
17191,Kirsten,Consumer,Bellflower,CA,EE. UU.
18238,Yvonne,Consumer,Hollywood,FL,EE. UU.
16503,Dacey,Consumer,Massillon,OH,EE. UU.
16629,Sonya,Consumer,Sanford,NC,EE. UU.
19121,Mikayla,Consumer,New York,NY,EE. UU.
16569,Latifah,Consumer,Los Angeles,CA,EE. UU.
18787,Hedwig,Consumer,Rosemead,CA,EE. UU.
15838,Hedy,Consumer,Moreno Valley,CA,EE. UU.
18850,Imani,Consumer,Beaverton,OR,EE. UU.
15686,Gwendolyn,Consumer,Bell Gardens,CA,EE. UU.
15950,Erica,Consumer,Danbury,CT,EE. UU.
20482,Freya,Consumer,Mission Viejo,CA,EE. UU.
15948,Oprah,Consumer,Clovis,CA,EE. UU.
20516,Alexa,Consumer,New York,NY,EE. UU.
18352,Tatiana,Consumer,Del Rio,TX,EE. UU.
17360,Charity,Consumer,Corona,CA,EE. UU.
17319,Geraldine,Consumer,Hilliard,OH,EE. UU.
17476,Keelie,Consumer,Pompano Beach,FL,EE. UU.
16081,Zia,Consumer,Watsonville,CA,EE. UU.
18360,Camille,Consumer,Hagerstown,MD,EE. UU.
17457,Clementine,Consumer,Brooklyn,NY,EE. UU.
18883,Shellie,Consumer,South Richmond Hill,NY,EE. UU.
20717,Emily,Consumer,Houston,TX,EE. UU.
17310,Mechelle,Consumer,Portland,OR,EE. UU.
18701,Eleanor,Consumer,Mentor,OH,EE. UU.
15532,Karleigh,Consumer,Lynn,MA,EE. UU.
16149,Renee,Consumer,Chicago,IL,EE. UU.
20168,Lenore,Consumer,Smyrna,GA,EE. UU.
20221,Sacha,Consumer,San Jose,CA,EE. UU.
18554,Sara,Consumer,Lawrenceville,GA,EE. UU.
20220,Hedy,Consumer,Peoria,AZ,EE. UU.
18996,Jessamine,Consumer,Brooklyn,NY,EE. UU.
19804,Katell,Consumer,Richardson,TX,EE. UU.
17848,Hollee,Consumer,Michigan City,IN,EE. UU.
20271,Clio,Consumer,Tucson,AZ,EE. UU.
17039,Zena,Consumer,Opa Locka,FL,EE. UU.
15223,Pascale,Consumer,Chicago,IL,EE. UU.
20122,Kevyn,Consumer,Buffalo,NY,EE. UU.
16120,Lysandra,Consumer,Dallas,TX,EE. UU.
20210,Rosa,Consumer,Irwin,PA,EE. UU.
15198,Kylynn,Consumer,Cleveland,OH,EE. UU.
19866,Liberty,Consumer,Milwaukee,WI,EE. UU.
18118,Nadine,Consumer,Milwaukee,WI,EE. UU.
17891,September,Consumer,Honolulu,HI,EE. UU.
18181,Dorothy,Consumer,Aurora,IL,EE. UU.
18090,Callie,Consumer,Oxnard,CA,EE. UU.
19070,Ursa,Consumer,Roseville,MI,EE. UU.
19265,Alice,Consumer,Powder Springs,GA,EE. UU.
18785,Whitney,Consumer,Los Angeles,CA,EE. UU.
15813,Hope,Consumer,Columbia,SC,EE. UU.
18811,Cheryl,Consumer,Hamtramck,MI,EE. UU.
16040,Winifred,Consumer,Fullerton,CA,EE. UU.
20679,Caro,Consumer,Chicago,IL,EE. UU.
18479,Destiny,Consumer,Cupertino,CA,EE. UU.
20515,Lael,Consumer,Toms River,NJ,EE. UU.
15927,Teagan,Consumer,San Diego,CA,EE. UU.
18010,Hanna,Consumer,Marietta,GA,EE. UU.
17375,Tamekah,Consumer,New York,NY,EE. UU.
20476,Keelie,Consumer,Eugene,OR,EE. UU.
17407,Hayfa,Consumer,Carlisle,PA,EE. UU.
16082,Alexandra,Consumer,New York,NY,EE. UU.
20542,Virginia,Consumer,Merced,CA,EE. UU.
18306,Orli,Consumer,Lancaster,PA,EE. UU.
17636,Quemby,Consumer,Chicago,IL,EE. UU.
17403,Mara,Consumer,Goose Creek,SC,EE. UU.
17963,Alexis,Consumer,Kailua,HI,EE. UU.
15951,Constance,Consumer,Fort Lauderdale,FL,EE. UU.
18284,Quon,Consumer,Stockton,CA,EE. UU.
18646,Shellie,Consumer,Chicago,IL,EE. UU.
18643,Miriam,Consumer,Brooklyn,NY,EE. UU.
18694,Hanna,Consumer,Virginia Beach,VA,EE. UU.
20134,Carol,Consumer,Garland,TX,EE. UU.
20098,Laura,Consumer,Clearfield,UT,EE. UU.
16200,Lara,Consumer,Los Angeles,CA,EE. UU.
19032,Morgan,Consumer,Columbus,GA,EE. UU.
19949,Kim,Consumer,Cumberland,MD,EE. UU.
17183,Xyla,Consumer,Bakersfield,CA,EE. UU.
19963,Amber,Consumer,Washington,DC,EE. UU.
19961,Courtney,Consumer,Greensboro,NC,EE. UU.
17248,Jane,Consumer,Escondido,CA,EE. UU.
20048,Kiayada,Consumer,Revere,MA,EE. UU.
17121,Alma,Consumer,Woonsocket,RI,EE. UU.
17084,Caryn,Consumer,Palo Alto,CA,EE. UU.
18354,Imogene,Consumer,Aurora,CO,EE. UU.
17433,Simone,Consumer,Philadelphia,PA,EE. UU.
15346,Olympia,Consumer,Mount Prospect,IL,EE. UU.
18547,Petra,Consumer,Piscataway,NJ,EE. UU.
1324,Anthony,Consumer,Milpitas,CA,EE. UU.
8104,Johnny,Consumer,Taylor,MI,EE. UU.
13448,Kim,Consumer,Silver Spring,MD,EE. UU.
13042,Ima,Consumer,Newark,DE,EE. UU.
14699,Cynthia,Consumer,Parkville,MD,EE. UU.
13932,Basia,Consumer,Bridgeton,NJ,EE. UU.
14868,Sloane,Consumer,Albuquerque,NM,EE. UU.
14903,Melyssa,Consumer,Houston,TX,EE. UU.
14028,Basia,Consumer,Silver Spring,MD,EE. UU.
15126,Carol,Consumer,Philadelphia,PA,EE. UU.
14239,Zenaida,Consumer,West Haven,CT,EE. UU.
14383,Iola,Consumer,Conway,AR,EE. UU.
14110,Yetta,Consumer,Bellflower,CA,EE. UU.
14362,Aimee,Consumer,Los Angeles,CA,EE. UU.
14662,Whitney,Consumer,Phoenix,AZ,EE. UU.
13305,Katell,Consumer,Ontario,CA,EE. UU.
13142,Blythe,Consumer,Brighton,MA,EE. UU.
14124,Ella,Consumer,San Francisco,CA,EE. UU.
14655,Tasha,Consumer,Gardena,CA,EE. UU.
13515,Katell,Consumer,Richmond,KY,EE. UU.
14317,Mechelle,Consumer,Mesa,AZ,EE. UU.
13405,Ocean,Consumer,Bakersfield,CA,EE. UU.
14634,Ora,Consumer,Fort Lauderdale,FL,EE. UU.
13260,Danielle,Consumer,Hagerstown,MD,EE. UU.
13529,Brynn,Consumer,Pomona,CA,EE. UU.
14240,Madonna,Consumer,Howell,MI,EE. UU.
14649,Leigh,Consumer,Chapel Hill,NC,EE. UU.
14330,Sybil,Consumer,Pico Rivera,CA,EE. UU.
13752,Calista,Consumer,Houston,TX,EE. UU.
13839,Heidi,Consumer,Bountiful,UT,EE. UU.
13605,India,Consumer,Oxnard,CA,EE. UU.
13892,Sheila,Consumer,Spring,TX,EE. UU.
13801,Angela,Consumer,Corona,NY,EE. UU.
13692,Mona,Consumer,West Covina,CA,EE. UU.
14835,Madonna,Consumer,Hyattsville,MD,EE. UU.
13565,Nicole,Consumer,San Diego,CA,EE. UU.
13763,Hillary,Consumer,Chicago,IL,EE. UU.
13745,Nell,Consumer,Roswell,NM,EE. UU.
13852,Lareina,Consumer,Atlanta,GA,EE. UU.
14870,Farley,Consumer,Fayetteville,NC,EE. UU.
13743,Hedy,Consumer,Highland,CA,EE. UU.
14832,Iona,Consumer,Phoenix,AZ,EE. UU.
13580,Miranda,Consumer,Brooklyn,NY,EE. UU.
13633,Iola,Consumer,Houston,TX,EE. UU.
14029,Xandra,Consumer,Wilkes Barre,PA,EE. UU.
13846,Kylynn,Consumer,Santa Ana,CA,EE. UU.
12647,Guinevere,Consumer,Lawrenceville,GA,EE. UU.
12456,Hannah,Consumer,West New York,NJ,EE. UU.
12742,Chastity,Consumer,Phoenix,AZ,EE. UU.
12651,Ivana,Consumer,Flushing,NY,EE. UU.
12849,Heather,Consumer,Potomac,MD,EE. UU.
14979,Juliet,Consumer,Tempe,AZ,EE. UU.
12845,Mechelle,Consumer,Greensboro,NC,EE. UU.
12827,Jamalia,Consumer,Saginaw,MI,EE. UU.
14939,Rowan,Consumer,Canyon Country,CA,EE. UU.
12880,Summer,Consumer,Sunnyvale,CA,EE. UU.
14953,Gloria,Consumer,Cumberland,MD,EE. UU.
15078,Amity,Consumer,Lindenhurst,NY,EE. UU.
12856,Tara,Consumer,Round Rock,TX,EE. UU.
14983,Ramona,Consumer,North Richland Hills,TX,EE. UU.
12835,Demetria,Consumer,Las Vegas,NV,EE. UU.
14648,Renee,Consumer,Des Plaines,IL,EE. UU.
13527,Chantale,Consumer,Tucson,AZ,EE. UU.
13310,Darryl,Consumer,Phoenix,AZ,EE. UU.
14363,Nelle,Consumer,Los Angeles,CA,EE. UU.
13415,Brianna,Consumer,Austin,TX,EE. UU.
12965,Hannah,Consumer,Chicago,IL,EE. UU.
13054,Whilemina,Consumer,Jackson Heights,NY,EE. UU.
14252,Melinda,Consumer,Miami,FL,EE. UU.
14589,Alexandra,Consumer,Bakersfield,CA,EE. UU.
13232,Olympia,Consumer,Tallahassee,FL,EE. UU.
13429,Kay,Consumer,Fairfield,OH,EE. UU.
13105,Sara,Consumer,San Jose,CA,EE. UU.
13104,Jillian,Consumer,Peoria,AZ,EE. UU.
14194,Glenna,Consumer,Bronx,NY,EE. UU.
13462,Amber,Consumer,Ontario,CA,EE. UU.
14318,Kendall,Consumer,Bronx,NY,EE. UU.
13460,Courtney,Consumer,Bronx,NY,EE. UU.
14082,Iola,Consumer,Miami,FL,EE. UU.
14688,Helen,Consumer,Bronx,NY,EE. UU.
13477,Destiny,Consumer,Los Angeles,CA,EE. UU.
12973,Kim,Consumer,Costa Mesa,CA,EE. UU.
13063,Tatiana,Consumer,Honolulu,HI,EE. UU.
14261,Lilah,Consumer,Van Nuys,CA,EE. UU.
14332,Dana,Consumer,Chicago,IL,EE. UU.
14242,Doris,Consumer,El Paso,TX,EE. UU.
13044,Simone,Consumer,Fairfield,OH,EE. UU.
14314,Cara,Consumer,San Diego,CA,EE. UU.
14079,Jenna,Consumer,Staten Island,NY,EE. UU.
13627,Nicole,Consumer,Annandale,VA,EE. UU.
12796,Kiayada,Consumer,Summerville,SC,EE. UU.
13804,Leandra,Consumer,Miami,FL,EE. UU.
14020,Stella,Consumer,Miami,FL,EE. UU.
13767,Christine,Consumer,Panorama City,CA,EE. UU.
13656,Sybill,Consumer,Muskegon,MI,EE. UU.
14015,Jayme,Consumer,Brighton,MA,EE. UU.
12789,Lilah,Consumer,San Antonio,TX,EE. UU.
14762,Cally,Consumer,Chicago,IL,EE. UU.
13725,Eden,Consumer,Virginia Beach,VA,EE. UU.
14922,Sheila,Consumer,Philadelphia,PA,EE. UU.
14741,Gretchen,Consumer,Temecula,CA,EE. UU.
14865,Ginger,Consumer,Newburgh,NY,EE. UU.
12469,Zenia,Consumer,Norfolk,VA,EE. UU.
12546,Tatiana,Consumer,Beaverton,OR,EE. UU.
12652,Ella,Consumer,Visalia,CA,EE. UU.
15124,Briar,Consumer,Irving,TX,EE. UU.
12842,Cara,Consumer,Asheboro,NC,EE. UU.
15112,Grace,Consumer,Bensalem,PA,EE. UU.
15111,Shellie,Consumer,Anaheim,CA,EE. UU.
14949,Buffy,Consumer,Philadelphia,PA,EE. UU.
15038,Alfreda,Consumer,Long Beach,CA,EE. UU.
12871,Taylor,Consumer,Chicago,IL,EE. UU.
14927,Hope,Consumer,Pico Rivera,CA,EE. UU.
13398,Orli,Consumer,Saint Peters,MO,EE. UU.
14074,Simone,Consumer,Crystal Lake,IL,EE. UU.
14495,Clio,Consumer,Loveland,OH,EE. UU.
13265,Kelsie,Consumer,West Orange,NJ,EE. UU.
12755,Hedy,Consumer,Chicago,IL,EE. UU.
13850,Beatrice,Consumer,Oxnard,CA,EE. UU.
13973,Brenna,Consumer,Pompano Beach,FL,EE. UU.
14976,Rhiannon,Consumer,Indianapolis,IN,EE. UU.
14955,Glenna,Consumer,Hamtramck,MI,EE. UU.
14970,Clio,Consumer,Morrisville,PA,EE. UU.
2122,Jonathan,Consumer,Victorville,CA,EE. UU.
9787,Pamela,Consumer,Milwaukee,WI,EE. UU.
2760,Mary,Consumer,Santa Ana,CA,EE. UU.
3278,Patrick,Consumer,Brooklyn,NY,EE. UU.
8659,Brenda,Consumer,Chandler,AZ,EE. UU.
12978,Kimberley,Corporate,Caguas,PR,Puerto Rico
14196,Sage,Corporate,Caguas,PR,Puerto Rico
13440,Diana,Corporate,Caguas,PR,Puerto Rico
13873,Carla,Corporate,Caguas,PR,Puerto Rico
1007,Gary,Corporate,Caguas,PR,Puerto Rico
18265,Jaime,Corporate,Caguas,PR,Puerto Rico
17662,Brenna,Corporate,Caguas,PR,Puerto Rico
17531,Darrel,Corporate,Caguas,PR,Puerto Rico
15945,Cassandra,Corporate,Caguas,PR,Puerto Rico
15596,Moana,Corporate,Caguas,PR,Puerto Rico
15469,Kelsey,Corporate,Caguas,PR,Puerto Rico
16220,Brianna,Corporate,Caguas,PR,Puerto Rico
9661,John,Corporate,Caguas,PR,Puerto Rico
13818,Samantha,Corporate,Caguas,PR,Puerto Rico
14093,Venus,Corporate,Caguas,PR,Puerto Rico
14643,Quemby,Corporate,Caguas,PR,Puerto Rico
13607,Carolyn,Corporate,Caguas,PR,Puerto Rico
13798,Dawn,Corporate,Caguas,PR,Puerto Rico
14992,Chantale,Corporate,Caguas,PR,Puerto Rico
15056,Kimberley,Corporate,Caguas,PR,Puerto Rico
14419,Stacy,Corporate,Caguas,PR,Puerto Rico
14842,Linda,Corporate,Caguas,PR,Puerto Rico
13815,Karly,Corporate,Caguas,PR,Puerto Rico
13538,Dacey,Corporate,Caguas,PR,Puerto Rico
12952,Deanna,Corporate,Caguas,PR,Puerto Rico
12764,Alice,Corporate,Caguas,PR,Puerto Rico
16426,Mechelle,Corporate,Guayama,PR,Puerto Rico
20589,Sydnee,Corporate,Caguas,PR,Puerto Rico
19158,Kevyn,Corporate,Caguas,PR,Puerto Rico
16504,Delilah,Corporate,Caguas,PR,Puerto Rico
18766,Keiko,Corporate,Caguas,PR,Puerto Rico
20553,Jillian,Corporate,Caguas,PR,Puerto Rico
20733,Mollie,Corporate,Caguas,PR,Puerto Rico
18459,McKenzie,Corporate,Caguas,PR,Puerto Rico
18457,Neve,Corporate,Caguas,PR,Puerto Rico
18453,Xantha,Corporate,Caguas,PR,Puerto Rico
20665,Paula,Corporate,Caguas,PR,Puerto Rico
17962,Ocean,Corporate,Caguas,PR,Puerto Rico
19900,Martha,Corporate,Caguas,PR,Puerto Rico
20222,Hope,Corporate,Caguas,PR,Puerto Rico
18900,Alfreda,Corporate,Caguas,PR,Puerto Rico
18162,Cassandra,Corporate,Caguas,PR,Puerto Rico
18068,Miranda,Corporate,Caguas,PR,Puerto Rico
19279,Hillary,Corporate,Caguas,PR,Puerto Rico
15863,Chloe,Corporate,Caguas,PR,Puerto Rico
15835,Clare,Corporate,Caguas,PR,Puerto Rico
18388,Kaitlin,Corporate,Caguas,PR,Puerto Rico
20422,Aurora,Corporate,Caguas,PR,Puerto Rico
17518,Kirby,Corporate,Caguas,PR,Puerto Rico
17387,Inez,Corporate,Caguas,PR,Puerto Rico
15538,Charissa,Corporate,Caguas,PR,Puerto Rico
17535,Megan,Corporate,Caguas,PR,Puerto Rico
19971,Melinda,Corporate,Caguas,PR,Puerto Rico
17131,Abigail,Corporate,Caguas,PR,Puerto Rico
20002,Aspen,Corporate,Caguas,PR,Puerto Rico
16138,Noelani,Corporate,Caguas,PR,Puerto Rico
15235,Tatum,Corporate,Caguas,PR,Puerto Rico
19920,Cara,Corporate,Caguas,PR,Puerto Rico
19193,Jena,Corporate,Caguas,PR,Puerto Rico
16389,Medge,Corporate,Caguas,PR,Puerto Rico
16602,Lacey,Corporate,Caguas,PR,Puerto Rico
15777,Fay,Corporate,Caguas,PR,Puerto Rico
18831,Jenny,Corporate,Caguas,PR,Puerto Rico
15425,Basia,Corporate,Caguas,PR,Puerto Rico
18611,Melodie,Corporate,Caguas,PR,Puerto Rico
13084,Sopoline,Corporate,Arecibo,PR,Puerto Rico
14547,Winifred,Corporate,Caguas,PR,Puerto Rico
14294,Brianna,Corporate,Caguas,PR,Puerto Rico
8363,Mary,Corporate,Caguas,PR,Puerto Rico
12485,Bo,Corporate,Caguas,PR,Puerto Rico
14522,Lael,Corporate,Caguas,PR,Puerto Rico
14374,Emi,Corporate,Caguas,PR,Puerto Rico
14674,Illana,Corporate,Caguas,PR,Puerto Rico
14524,Rowan,Corporate,Caguas,PR,Puerto Rico
13492,Amanda,Corporate,Caguas,PR,Puerto Rico
13626,Aphrodite,Corporate,Caguas,PR,Puerto Rico
14859,Ainsley,Corporate,Caguas,PR,Puerto Rico
14696,Hedda,Corporate,Caguas,PR,Puerto Rico
12774,Lareina,Corporate,Caguas,PR,Puerto Rico
13585,Eden,Corporate,Caguas,PR,Puerto Rico
10174,Mary,Corporate,Caguas,PR,Puerto Rico
13848,Aiko,Corporate,Caguas,PR,Puerto Rico
14045,Charissa,Corporate,Caguas,PR,Puerto Rico
13557,Xaviera,Corporate,Caguas,PR,Puerto Rico
13646,Shellie,Corporate,Caguas,PR,Puerto Rico
8623,Mary,Corporate,Caguas,PR,Puerto Rico
12532,Remedios,Corporate,Caguas,PR,Puerto Rico
12616,Lacota,Corporate,Caguas,PR,Puerto Rico
12490,Martina,Corporate,Caguas,PR,Puerto Rico
15016,Kevyn,Corporate,Caguas,PR,Puerto Rico
15061,Imani,Corporate,Caguas,PR,Puerto Rico
15040,Sacha,Corporate,Caguas,PR,Puerto Rico
15108,Miriam,Corporate,Caguas,PR,Puerto Rico
14612,Priscilla,Corporate,Caguas,PR,Puerto Rico
14219,Rosalyn,Corporate,Caguas,PR,Puerto Rico
14519,September,Corporate,Caguas,PR,Puerto Rico
14344,Violet,Corporate,Caguas,PR,Puerto Rico
14216,Indira,Corporate,Caguas,PR,Puerto Rico
13520,Quyn,Corporate,Caguas,PR,Puerto Rico
13228,Morgan,Corporate,Caguas,PR,Puerto Rico
14672,Paula,Corporate,Caguas,PR,Puerto Rico
14456,Nichole,Corporate,Caguas,PR,Puerto Rico
14225,Cassandra,Corporate,Caguas,PR,Puerto Rico
13696,Kimberly,Corporate,Caguas,PR,Puerto Rico
12812,Fay,Corporate,Caguas,PR,Puerto Rico
14785,Hedwig,Corporate,Caguas,PR,Puerto Rico
13568,Quin,Corporate,Caguas,PR,Puerto Rico
13782,Cailin,Corporate,Caguas,PR,Puerto Rico
13674,Kirby,Corporate,Caguas,PR,Puerto Rico
13566,Darryl,Corporate,Caguas,PR,Puerto Rico
13724,Lydia,Corporate,Caguas,PR,Puerto Rico
13813,Orli,Corporate,Rio Grande,PR,Puerto Rico
13542,Audra,Corporate,Caguas,PR,Puerto Rico
13540,Shellie,Corporate,Caguas,PR,Puerto Rico
5697,Doris,Corporate,Caguas,PR,Puerto Rico
5060,Mary,Corporate,Caguas,PR,Puerto Rico
12483,Quail,Corporate,Caguas,PR,Puerto Rico
12516,Shafira,Corporate,Caguas,PR,Puerto Rico
12443,Noelle,Corporate,Caguas,PR,Puerto Rico
12726,Kirsten,Corporate,Caguas,PR,Puerto Rico
12579,Quincy,Corporate,Caguas,PR,Puerto Rico
15059,Mariam,Corporate,Caguas,PR,Puerto Rico
13498,Alexis,Corporate,Caguas,PR,Puerto Rico
14032,Alice,Corporate,Caguas,PR,Puerto Rico
12552,Serina,Corporate,Caguas,PR,Puerto Rico
12846,Kendall,Corporate,Caguas,PR,Puerto Rico
12858,Sybil,Corporate,Caguas,PR,Puerto Rico
16405,Diana,Corporate,Vega Baja,PR,Puerto Rico
15848,Tatyana,Corporate,Caguas,PR,Puerto Rico
20378,Hadley,Corporate,Caguas,PR,Puerto Rico
17244,Bree,Corporate,Caguas,PR,Puerto Rico
17133,Farrah,Corporate,Caguas,PR,Puerto Rico
17164,Halee,Corporate,Caguas,PR,Puerto Rico
16122,Idola,Corporate,Caguas,PR,Puerto Rico
18097,Venus,Corporate,Caguas,PR,Puerto Rico
18113,Marcia,Corporate,Caguas,PR,Puerto Rico
18143,Teegan,Corporate,Caguas,PR,Puerto Rico
19072,Quintessa,Corporate,Caguas,PR,Puerto Rico
15861,Ria,Corporate,Caguas,PR,Puerto Rico
15807,Cara,Corporate,Caguas,PR,Puerto Rico
18825,Nita,Corporate,Caguas,PR,Puerto Rico
15784,Ila,Corporate,Caguas,PR,Puerto Rico
15850,Olga,Corporate,Caguas,PR,Puerto Rico
20391,Rylee,Corporate,Caguas,PR,Puerto Rico
18318,Jaime,Corporate,Caguas,PR,Puerto Rico
17344,Sopoline,Corporate,Caguas,PR,Puerto Rico
4685,Tyler,Corporate,Caguas,PR,Puerto Rico
18348,Shellie,Corporate,Caguas,PR,Puerto Rico
16068,Adele,Corporate,Caguas,PR,Puerto Rico
18401,Keelie,Corporate,Caguas,PR,Puerto Rico
20563,Whoopi,Corporate,Caguas,PR,Puerto Rico
17461,Mikayla,Corporate,Caguas,PR,Puerto Rico
17748,Minerva,Corporate,Caguas,PR,Puerto Rico
17511,Martina,Corporate,Caguas,PR,Puerto Rico
18465,Serina,Corporate,Caguas,PR,Puerto Rico
15391,Irma,Corporate,Caguas,PR,Puerto Rico
15330,Kiara,Corporate,Caguas,PR,Puerto Rico
18670,Rose,Corporate,Caguas,PR,Puerto Rico
15363,Simone,Corporate,Caguas,PR,Puerto Rico
15488,Shannon,Corporate,Caguas,PR,Puerto Rico
17227,Brynne,Corporate,Caguas,PR,Puerto Rico
17761,Donna,Corporate,Caguas,PR,Puerto Rico
20058,Hadassah,Corporate,Caguas,PR,Puerto Rico
17060,Chantale,Corporate,Caguas,PR,Puerto Rico
20237,Skyler,Corporate,Caguas,PR,Puerto Rico
18940,Germane,Corporate,Caguas,PR,Puerto Rico
17757,Katelyn,Corporate,Caguas,PR,Puerto Rico
16287,Inga,Corporate,Caguas,PR,Puerto Rico
19815,Chava,Corporate,Caguas,PR,Puerto Rico
19006,Melinda,Corporate,Carolina,PR,Puerto Rico
16101,Aphrodite,Corporate,Caguas,PR,Puerto Rico
18631,Sonia,Corporate,Caguas,PR,Puerto Rico
18135,Rose,Corporate,Toa Baja,PR,Puerto Rico
18040,Sacha,Corporate,Caguas,PR,Puerto Rico
19125,Christen,Corporate,Caguas,PR,Puerto Rico
19248,Rosalyn,Corporate,Caguas,PR,Puerto Rico
16481,Clio,Corporate,Caguas,PR,Puerto Rico
16404,Whitney,Corporate,Caguas,PR,Puerto Rico
16512,Camilla,Corporate,Trujillo Alto,PR,Puerto Rico
18773,Yvonne,Corporate,Caguas,PR,Puerto Rico
15841,Denise,Corporate,Caguas,PR,Puerto Rico
15859,Nell,Corporate,Caguas,PR,Puerto Rico
15894,Naida,Corporate,Caguas,PR,Puerto Rico
15869,Lilah,Corporate,Caguas,PR,Puerto Rico
16004,Azalia,Corporate,Caguas,PR,Puerto Rico
20463,Zelda,Corporate,Caguas,PR,Puerto Rico
20427,Teagan,Corporate,Caguas,PR,Puerto Rico
17702,Astra,Corporate,Caguas,PR,Puerto Rico
17305,Heidi,Corporate,Caguas,PR,Puerto Rico
20673,Jamalia,Corporate,Caguas,PR,Puerto Rico
17713,Ivory,Corporate,Caguas,PR,Puerto Rico
20652,Whitney,Corporate,Caguas,PR,Puerto Rico
17515,Lael,Corporate,Caguas,PR,Puerto Rico
20417,Danna,Corporate,Caguas,PR,Puerto Rico
17745,Maggie,Corporate,Caguas,PR,Puerto Rico
20415,Adele,Corporate,Caguas,PR,Puerto Rico
15603,Yetta,Corporate,Caguas,PR,Puerto Rico
20224,Jaquelyn,Corporate,Caguas,PR,Puerto Rico
16257,Katelyn,Corporate,Caguas,PR,Puerto Rico
17079,Nelle,Corporate,Caguas,PR,Puerto Rico
19842,Melanie,Corporate,Caguas,PR,Puerto Rico
16363,Orli,Corporate,Caguas,PR,Puerto Rico
17095,Josephine,Corporate,Caguas,PR,Puerto Rico
20147,Pandora,Corporate,Caguas,PR,Puerto Rico
18954,Iona,Corporate,Caguas,PR,Puerto Rico
15202,Tatyana,Corporate,Caguas,PR,Puerto Rico
15255,Rachel,Corporate,Caguas,PR,Puerto Rico
17878,Tatiana,Corporate,Caguas,PR,Puerto Rico
17176,Jolie,Corporate,Caguas,PR,Puerto Rico
18560,Charde,Corporate,Caguas,PR,Puerto Rico
16225,Danielle,Corporate,Caguas,PR,Puerto Rico
19148,Guinevere,Corporate,Caguas,PR,Puerto Rico
15732,Zenaida,Corporate,Caguas,PR,Puerto Rico
15594,Nerea,Corporate,Caguas,PR,Puerto Rico
17590,Evelyn,Corporate,Caguas,PR,Puerto Rico
16360,Harriet,Corporate,Caguas,PR,Puerto Rico
15258,Aspen,Corporate,Caguas,PR,Puerto Rico
15645,Vera,Consumer,Caguas,PR,Puerto Rico
16560,Mia,Consumer,Caguas,PR,Puerto Rico
10751,Amber,Consumer,Caguas,PR,Puerto Rico
17452,Kimberly,Consumer,San Juan,PR,Puerto Rico
20407,Hayfa,Consumer,Caguas,PR,Puerto Rico
18277,Azalia,Consumer,Caguas,PR,Puerto Rico
17477,Quincy,Consumer,Caguas,PR,Puerto Rico
6133,Mary,Consumer,Caguas,PR,Puerto Rico
20538,Marah,Consumer,Caguas,PR,Puerto Rico
18726,Hollee,Consumer,Caguas,PR,Puerto Rico
19991,Rhoda,Consumer,Caguas,PR,Puerto Rico
19968,Emma,Consumer,Caguas,PR,Puerto Rico
17129,Jolene,Consumer,Caguas,PR,Puerto Rico
16233,Mollie,Consumer,Caguas,PR,Puerto Rico
18992,Neve,Consumer,Caguas,PR,Puerto Rico
17863,Orli,Consumer,Caguas,PR,Puerto Rico
15183,Jenette,Consumer,Caguas,PR,Puerto Rico
20263,Heather,Consumer,Caguas,PR,Puerto Rico
1755,Mary,Consumer,Bayamon,PR,Puerto Rico
5178,Mary,Consumer,Caguas,PR,Puerto Rico
4448,Joseph,Consumer,Caguas,PR,Puerto Rico
10393,Barbara,Consumer,Caguas,PR,Puerto Rico
14165,Karleigh,Consumer,Caguas,PR,Puerto Rico
14071,Ivy,Consumer,Caguas,PR,Puerto Rico
13053,Kirby,Consumer,Caguas,PR,Puerto Rico
13106,Ocean,Consumer,Caguas,PR,Puerto Rico
14340,Rhonda,Consumer,Caguas,PR,Puerto Rico
13483,Hadley,Consumer,Caguas,PR,Puerto Rico
14514,Ima,Consumer,San Juan,PR,Puerto Rico
13480,Odette,Consumer,Caguas,PR,Puerto Rico
14913,Daryl,Consumer,Caguas,PR,Puerto Rico
14037,Cheyenne,Consumer,Caguas,PR,Puerto Rico
13893,Rhiannon,Consumer,Caguas,PR,Puerto Rico
13766,Keiko,Consumer,Caguas,PR,Puerto Rico
13603,Miranda,Consumer,Caguas,PR,Puerto Rico
14729,Holly,Consumer,Caguas,PR,Puerto Rico
13996,Hiroko,Consumer,Caguas,PR,Puerto Rico
11057,Mary,Consumer,Caguas,PR,Puerto Rico
1668,Mary,Consumer,Caguas,PR,Puerto Rico
12528,Anjolie,Consumer,Caguas,PR,Puerto Rico
15030,Nicole,Consumer,Guaynabo,PR,Puerto Rico
15001,Lucy,Consumer,Caguas,PR,Puerto Rico
14965,Leslie,Consumer,Caguas,PR,Puerto Rico
12923,Kylynn,Consumer,Caguas,PR,Puerto Rico
7827,Jerry,Consumer,Caguas,PR,Puerto Rico
20483,Veronica,Consumer,Caguas,PR,Puerto Rico
20169,Portia,Consumer,Caguas,PR,Puerto Rico
17170,Celeste,Consumer,Caguas,PR,Puerto Rico
16327,Danielle,Consumer,Caguas,PR,Puerto Rico
17892,Lacey,Consumer,Caguas,PR,Puerto Rico
18066,Camilla,Consumer,Caguas,PR,Puerto Rico
16411,Alyssa,Consumer,Caguas,PR,Puerto Rico
16570,India,Consumer,Caguas,PR,Puerto Rico
19262,Cecilia,Consumer,Caguas,PR,Puerto Rico
16567,Sheila,Consumer,Guayama,PR,Puerto Rico
19188,Constance,Consumer,Caguas,PR,Puerto Rico
16544,Selma,Consumer,Caguas,PR,Puerto Rico
19218,Madonna,Consumer,Caguas,PR,Puerto Rico
15782,Quail,Consumer,Arecibo,PR,Puerto Rico
6715,Mary,Consumer,Caguas,PR,Puerto Rico
17924,Leigh,Consumer,Caguas,PR,Puerto Rico
11811,Mary,Consumer,Caguas,PR,Puerto Rico
20747,Jacqueline,Consumer,Caguas,PR,Puerto Rico
17358,Tamara,Consumer,Caguas,PR,Puerto Rico
1529,Mary,Consumer,Caguas,PR,Puerto Rico
17918,Shea,Consumer,Caguas,PR,Puerto Rico
17970,Clio,Consumer,Caguas,PR,Puerto Rico
18344,Angelica,Consumer,Caguas,PR,Puerto Rico
20470,Ursula,Consumer,Caguas,PR,Puerto Rico
17967,Zenaida,Consumer,Caguas,PR,Puerto Rico
17634,Heidi,Consumer,Caguas,PR,Puerto Rico
15412,Ursa,Consumer,Caguas,PR,Puerto Rico
15535,Lydia,Consumer,Caguas,PR,Puerto Rico
18693,Ciara,Consumer,Caguas,PR,Puerto Rico
18691,Martha,Consumer,Caguas,PR,Puerto Rico
15618,Megan,Consumer,Caguas,PR,Puerto Rico
15671,Eugenia,Consumer,Caguas,PR,Puerto Rico
17581,Zia,Consumer,Caguas,PR,Puerto Rico
16277,Montana,Consumer,Caguas,PR,Puerto Rico
18556,Ocean,Consumer,Caguas,PR,Puerto Rico
20312,Unity,Consumer,Caguas,PR,Puerto Rico
19898,Fallon,Consumer,Caguas,PR,Puerto Rico
17044,Quincy,Consumer,Caguas,PR,Puerto Rico
20113,Maryam,Consumer,Caguas,PR,Puerto Rico
16290,Virginia,Consumer,Caguas,PR,Puerto Rico
18534,Violet,Consumer,Caguas,PR,Puerto Rico
18552,Kevyn,Consumer,Caguas,PR,Puerto Rico
20129,Jolene,Consumer,Caguas,PR,Puerto Rico
19822,Belle,Consumer,Caguas,PR,Puerto Rico
16343,Shelley,Consumer,Caguas,PR,Puerto Rico
20306,Jorden,Consumer,Caguas,PR,Puerto Rico
20053,Galena,Consumer,Caguas,PR,Puerto Rico
19962,Mechelle,Consumer,Caguas,PR,Puerto Rico
20177,Kirby,Consumer,Caguas,PR,Puerto Rico
19942,Daryl,Consumer,Caguas,PR,Puerto Rico
20049,Nevada,Consumer,Caguas,PR,Puerto Rico
19832,Mechelle,Consumer,Caguas,PR,Puerto Rico
17840,Gail,Consumer,Caguas,PR,Puerto Rico
17767,Irma,Consumer,Caguas,PR,Puerto Rico
3014,Mary,Consumer,Caguas,PR,Puerto Rico
6549,Megan,Consumer,Caguas,PR,Puerto Rico
4173,Helen,Consumer,Caguas,PR,Puerto Rico
1552,Mary,Consumer,Caguas,PR,Puerto Rico
2976,Mary,Consumer,Caguas,PR,Puerto Rico
8190,Michael,Consumer,Caguas,PR,Puerto Rico
11927,Mary,Consumer,Caguas,PR,Puerto Rico
6000,Mary,Consumer,Caguas,PR,Puerto Rico
5610,Mary,Consumer,Caguas,PR,Puerto Rico
13969,Cally,Consumer,Caguas,PR,Puerto Rico
14799,Blythe,Consumer,Caguas,PR,Puerto Rico
12622,Stephanie,Consumer,Caguas,PR,Puerto Rico
12513,Linda,Consumer,Caguas,PR,Puerto Rico
15079,Ila,Consumer,Caguas,PR,Puerto Rico
13311,Carolyn,Consumer,Caguas,PR,Puerto Rico
14574,Jordan,Consumer,Caguas,PR,Puerto Rico
13524,Neve,Consumer,Caguas,PR,Puerto Rico
14307,Demetria,Consumer,Caguas,PR,Puerto Rico
13288,Chava,Consumer,Caguas,PR,Puerto Rico
14535,Tatiana,Consumer,Caguas,PR,Puerto Rico
14499,Hayfa,Consumer,San Juan,PR,Puerto Rico
13251,Maggy,Consumer,Caguas,PR,Puerto Rico
14660,Karina,Consumer,Caguas,PR,Puerto Rico
14359,Katelyn,Consumer,Caguas,PR,Puerto Rico
13214,Carly,Consumer,Caguas,PR,Puerto Rico
13033,Tamara,Consumer,Caguas,PR,Puerto Rico
14193,Gwendolyn,Consumer,Caguas,PR,Puerto Rico
13066,Darrel,Consumer,Caguas,PR,Puerto Rico
14600,Yvonne,Consumer,Caguas,PR,Puerto Rico
13406,Lydia,Consumer,Caguas,PR,Puerto Rico
13478,Rebecca,Consumer,Caguas,PR,Puerto Rico
14280,Petra,Consumer,Caguas,PR,Puerto Rico
13045,Sarah,Consumer,Caguas,PR,Puerto Rico
14687,Adrienne,Consumer,Caguas,PR,Puerto Rico
14241,Mary,Consumer,Caguas,PR,Puerto Rico
13385,Imani,Consumer,Caguas,PR,Puerto Rico
13259,Eden,Consumer,Caguas,PR,Puerto Rico
14313,Jorden,Consumer,Caguas,PR,Puerto Rico
13240,Jorden,Consumer,Caguas,PR,Puerto Rico
13528,Skyler,Consumer,Caguas,PR,Puerto Rico
14258,Shelley,Consumer,Caguas,PR,Puerto Rico
14078,Jolie,Consumer,Caguas,PR,Puerto Rico
2109,Mary,Consumer,Caguas,PR,Puerto Rico
13789,Simone,Consumer,Caguas,PR,Puerto Rico
9339,Ann,Consumer,Caguas,PR,Puerto Rico
3294,Michael,Consumer,Caguas,PR,Puerto Rico
14895,Idola,Consumer,Caguas,PR,Puerto Rico
2304,Mary,Consumer,Caguas,PR,Puerto Rico
14857,Imani,Consumer,Caguas,PR,Puerto Rico
7235,Brandon,Consumer,Caguas,PR,Puerto Rico
13677,Lareina,Consumer,Caguas,PR,Puerto Rico
13587,Lee,Consumer,Caguas,PR,Puerto Rico
13891,Dora,Consumer,Caguas,PR,Puerto Rico
3897,Mary,Consumer,Caguas,PR,Puerto Rico
13711,Zephr,Consumer,Caguas,PR,Puerto Rico
14711,Halla,Consumer,Caguas,PR,Puerto Rico
14016,Jordan,Consumer,Caguas,PR,Puerto Rico
5077,Donald,Consumer,Caguas,PR,Puerto Rico
12826,Reagan,Consumer,Caguas,PR,Puerto Rico
9262,Mary,Consumer,Caguas,PR,Puerto Rico
14853,Noel,Consumer,Caguas,PR,Puerto Rico
13654,Shelley,Consumer,Caguas,PR,Puerto Rico
13564,Taylor,Consumer,Caguas,PR,Puerto Rico
12806,Clio,Consumer,Caguas,PR,Puerto Rico
14049,Meredith,Consumer,Caguas,PR,Puerto Rico
13904,Rebecca,Consumer,Caguas,PR,Puerto Rico
6292,Marie,Consumer,Caguas,PR,Puerto Rico
6039,Theresa,Consumer,Caguas,PR,Puerto Rico
12749,Olga,Consumer,Caguas,PR,Puerto Rico
13721,Wynter,Consumer,Caguas,PR,Puerto Rico
14828,Nita,Consumer,Caguas,PR,Puerto Rico
12818,Kelsie,Consumer,Caguas,PR,Puerto Rico
13971,Martina,Consumer,Caguas,PR,Puerto Rico
14881,Victoria,Consumer,Caguas,PR,Puerto Rico
14701,Cynthia,Consumer,Caguas,PR,Puerto Rico
13988,Shafira,Consumer,Caguas,PR,Puerto Rico
12422,Mary,Consumer,Caguas,PR,Puerto Rico
6939,Amber,Consumer,Caguas,PR,Puerto Rico
3335,Mary,Consumer,Caguas,PR,Puerto Rico
8976,Dennis,Consumer,Caguas,PR,Puerto Rico
2036,Deborah,Consumer,Caguas,PR,Puerto Rico
11035,Evelyn,Consumer,Manati,PR,Puerto Rico
12349,Mary,Consumer,Caguas,PR,Puerto Rico
5444,Amy,Consumer,Caguas,PR,Puerto Rico
12560,Alice,Consumer,Caguas,PR,Puerto Rico
12716,Regan,Consumer,Caguas,PR,Puerto Rico
12661,Myra,Consumer,Caguas,PR,Puerto Rico
12571,Quintessa,Consumer,Caguas,PR,Puerto Rico
12638,Yetta,Consumer,Caguas,PR,Puerto Rico
12565,Cheyenne,Consumer,Caguas,PR,Puerto Rico
12633,Laura,Consumer,Caguas,PR,Puerto Rico
12829,Mariam,Consumer,Caguas,PR,Puerto Rico
15010,Hanna,Consumer,Caguas,PR,Puerto Rico
15136,Alexis,Consumer,Caguas,PR,Puerto Rico
12933,Emma,Consumer,Caguas,PR,Puerto Rico
12929,Naida,Consumer,Caguas,PR,Puerto Rico
12911,Iola,Consumer,Caguas,PR,Puerto Rico
12852,Ella,Consumer,Caguas,PR,Puerto Rico
12942,Hayfa,Consumer,Caguas,PR,Puerto Rico
1752,Mary,Consumer,Humacao,PR,Puerto Rico
11084,Mary,Consumer,Caguas,PR,Puerto Rico
2011,Ashley,Consumer,Caguas,PR,Puerto Rico
2090,Cynthia,Consumer,Caguas,PR,Puerto Rico
8438,Joyce,Consumer,Caguas,PR,Puerto Rico
6687,Julie,Consumer,Caguas,PR,Puerto Rico
4878,Sandra,Consumer,Caguas,PR,Puerto Rico
2700,Ruth,Consumer,Caguas,PR,Puerto Rico
12252,Carol,Consumer,Caguas,PR,Puerto Rico
17502,Carissa,Consumer,Caguas,PR,Puerto Rico
20419,Ivory,Consumer,Caguas,PR,Puerto Rico
15454,Kevyn,Consumer,Caguas,PR,Puerto Rico
18155,Ruth,Consumer,Caguas,PR,Puerto Rico
18082,Callie,Consumer,Caguas,PR,Puerto Rico
18224,Jaden,Consumer,Caguas,PR,Puerto Rico
18260,Sara,Consumer,Caguas,PR,Puerto Rico
18253,Ocean,Consumer,Caguas,PR,Puerto Rico
18195,Daryl,Consumer,Caguas,PR,Puerto Rico
18192,Kameko,Consumer,Caguas,PR,Puerto Rico
16483,Ramona,Consumer,Caguas,PR,Puerto Rico
16627,Lacy,Consumer,Caguas,PR,Puerto Rico
19209,Jade,Consumer,Caguas,PR,Puerto Rico
19135,Phyllis,Consumer,Caguas,PR,Puerto Rico
16511,Petra,Consumer,Caguas,PR,Puerto Rico
19061,Alice,Consumer,Caguas,PR,Puerto Rico
16401,Nola,Consumer,Caguas,PR,Puerto Rico
19095,Jenna,Consumer,Caguas,PR,Puerto Rico
16396,Melyssa,Consumer,Caguas,PR,Puerto Rico
15737,Skyler,Consumer,Caguas,PR,Puerto Rico
15802,Whitney,Consumer,Caguas,PR,Puerto Rico
15765,Martha,Consumer,Caguas,PR,Puerto Rico
18780,Suki,Consumer,Caguas,PR,Puerto Rico
18797,Isabella,Consumer,Caguas,PR,Puerto Rico
18761,Giselle,Consumer,Caguas,PR,Puerto Rico
15867,Emi,Consumer,Caguas,PR,Puerto Rico
15865,Myra,Consumer,Caguas,PR,Puerto Rico
15883,Chloe,Consumer,Caguas,PR,Puerto Rico
1296,Mary,Consumer,Caguas,PR,Puerto Rico
479,Christopher,Consumer,Caguas,PR,Puerto Rico
20625,Vielka,Consumer,Caguas,PR,Puerto Rico
20715,Camille,Consumer,Caguas,PR,Puerto Rico
17379,Yoshi,Consumer,Caguas,PR,Puerto Rico
16074,Anika,Consumer,Caguas,PR,Puerto Rico
17414,Sybill,Consumer,Caguas,PR,Puerto Rico
17976,Rhiannon,Consumer,Caguas,PR,Puerto Rico
1396,Mary,Consumer,Caguas,PR,Puerto Rico
1077,Mary,Consumer,Caguas,PR,Puerto Rico
17700,Lara,Consumer,Caguas,PR,Puerto Rico
20442,Sade,Consumer,Caguas,PR,Puerto Rico
17395,Maryam,Consumer,Caguas,PR,Puerto Rico
17340,Hermione,Consumer,Bayamon,PR,Puerto Rico
17716,Maggy,Consumer,Caguas,PR,Puerto Rico
16088,Halee,Consumer,Caguas,PR,Puerto Rico
16070,Sara,Consumer,Caguas,PR,Puerto Rico
17698,Winter,Consumer,Caguas,PR,Puerto Rico
18009,Frances,Consumer,Caguas,PR,Puerto Rico
17625,Vielka,Consumer,Caguas,PR,Puerto Rico
1829,Mary,Consumer,Caguas,PR,Puerto Rico
20708,Cassady,Consumer,Caguas,PR,Puerto Rico
18006,Myra,Consumer,Caguas,PR,Puerto Rico
16066,Lila,Consumer,Caguas,PR,Puerto Rico
1778,Mary,Consumer,Caguas,PR,Puerto Rico
17730,Kelsie,Consumer,Caguas,PR,Puerto Rico
4587,Anthony,Consumer,Caguas,PR,Puerto Rico
16029,Lynn,Consumer,Caguas,PR,Puerto Rico
3632,Albert,Consumer,Caguas,PR,Puerto Rico
811,Jean,Consumer,Caguas,PR,Puerto Rico
20687,Charlotte,Consumer,Caguas,PR,Puerto Rico
17692,Cynthia,Consumer,Caguas,PR,Puerto Rico
18021,Eleanor,Consumer,Caguas,PR,Puerto Rico
18397,Fiora,Consumer,San Juan,PR,Puerto Rico
20614,Velma,Consumer,Caguas,PR,Puerto Rico
15937,Kellie,Consumer,Caguas,PR,Puerto Rico
17494,Rachel,Consumer,Caguas,PR,Puerto Rico
17948,Hadley,Consumer,Caguas,PR,Puerto Rico
20577,Kyla,Consumer,Caguas,PR,Puerto Rico
6861,Brenda,Consumer,Caguas,PR,Puerto Rico
20612,Illana,Consumer,Caguas,PR,Puerto Rico
20575,Isabella,Consumer,Caguas,PR,Puerto Rico
17330,Joan,Consumer,Caguas,PR,Puerto Rico
20610,Guinevere,Consumer,Caguas,PR,Puerto Rico
20556,Kylie,Consumer,Caguas,PR,Puerto Rico
18375,Mari,Consumer,Caguas,PR,Puerto Rico
18357,Lacota,Consumer,Caguas,PR,Puerto Rico
17980,Katell,Consumer,Caguas,PR,Puerto Rico
7626,Mary,Consumer,Caguas,PR,Puerto Rico
15339,Kylynn,Consumer,Caguas,PR,Puerto Rico
15607,Hedy,Consumer,Caguas,PR,Puerto Rico
18732,Carolyn,Consumer,Caguas,PR,Puerto Rico
15586,Venus,Consumer,Caguas,PR,Puerto Rico
15568,Ila,Consumer,Caguas,PR,Puerto Rico
15638,Audrey,Consumer,Caguas,PR,Puerto Rico
15386,Rhiannon,Consumer,Caguas,PR,Puerto Rico
15673,Jade,Consumer,Caguas,PR,Puerto Rico
15565,Rosalyn,Consumer,Caguas,PR,Puerto Rico
15401,Keelie,Consumer,Caguas,PR,Puerto Rico
15540,Haviva,Consumer,Caguas,PR,Puerto Rico
10014,Janet,Consumer,Greeley,CO,EE. UU.
4947,Mary,Consumer,Hialeah,FL,EE. UU.
5662,Mary,Consumer,Scottsdale,AZ,EE. UU.
5794,Bruce,Consumer,Philadelphia,PA,EE. UU.
5912,Mary,Consumer,Tampa,FL,EE. UU.
4950,Brittany,Consumer,Amarillo,TX,EE. UU.
6801,Douglas,Consumer,Caguas,PR,Puerto Rico
11709,Mary,Consumer,Caguas,PR,Puerto Rico
9893,Janice,Consumer,Caguas,PR,Puerto Rico
7374,Brenda,Consumer,Caguas,PR,Puerto Rico
2196,Mary,Home Office,Pompano Beach,FL,EE. UU.
3445,Andrew,Consumer,Caguas,PR,Puerto Rico
10446,Christina,Home Office,Cumberland,MD,EE. UU.
5975,Mary,Home Office,Caguas,PR,Puerto Rico
6116,Kimberly,Home Office,Philadelphia,PA,EE. UU.
303,Thomas,Consumer,Caguas,PR,Puerto Rico
7385,Richard,Home Office,Phoenix,AZ,EE. UU.
10045,Sean,Home Office,San Jose,CA,EE. UU.
11740,Jacob,Home Office,El Cajon,CA,EE. UU.
5641,Eric,Consumer,Caguas,PR,Puerto Rico
2314,Donald,Consumer,Caguas,PR,Puerto Rico
8779,Margaret,Home Office,Opa Locka,FL,EE. UU.
10520,Jeremy,Home Office,Kent,WA,EE. UU.
11795,Eugene,Home Office,Philadelphia,PA,EE. UU.
1227,Mary,Home Office,Brooklyn,NY,EE. UU.
10732,Melissa,Home Office,Hickory,NC,EE. UU.
7496,Mary,Home Office,Caguas,PR,Puerto Rico
147,Mary,Home Office,Hanover,PA,EE. UU.
9092,James,Home Office,Columbia,TN,EE. UU.
18064,Ruth,Consumer,Peoria,AZ,EE. UU.
18222,Maris,Consumer,Panorama City,CA,EE. UU.
18272,Jane,Consumer,El Cajon,CA,EE. UU.
18196,Hiroko,Consumer,Fort Lauderdale,FL,EE. UU.
16458,Kim,Consumer,Garland,TX,EE. UU.
19185,Courtney,Consumer,Westminster,CA,EE. UU.
16453,Gloria,Consumer,Florissant,MO,EE. UU.
15681,Regan,Consumer,Hayward,CA,EE. UU.
15986,Christen,Consumer,Philadelphia,PA,EE. UU.
18406,Shellie,Consumer,Tonawanda,NY,EE. UU.
17691,Audrey,Consumer,Lawton,OK,EE. UU.
18734,Joan,Consumer,Chandler,AZ,EE. UU.
18709,Uta,Consumer,New York,NY,EE. UU.
17588,Halee,Consumer,Modesto,CA,EE. UU.
17189,Sage,Consumer,North Richland Hills,TX,EE. UU.
20365,Myra,Consumer,San Francisco,CA,EE. UU.
17043,Leila,Consumer,Saint Paul,MN,EE. UU.
20127,Sandra,Consumer,Rancho Cucamonga,CA,EE. UU.
19926,Lois,Consumer,Mesa,AZ,EE. UU.
18985,Bo,Consumer,Yonkers,NY,EE. UU.
18079,Ila,Consumer,Bakersfield,CA,EE. UU.
18203,Yuri,Consumer,Daly City,CA,EE. UU.
18038,Alfreda,Consumer,Salina,KS,EE. UU.
18254,Xena,Consumer,Las Vegas,NV,EE. UU.
18124,Briar,Consumer,San Jose,CA,EE. UU.
18211,Ila,Consumer,Del Rio,TX,EE. UU.
19233,Karina,Consumer,Portland,OR,EE. UU.
19223,Glenna,Consumer,Sanford,NC,EE. UU.
19222,Gwendolyn,Consumer,New York,NY,EE. UU.
16400,Xerxes,Consumer,Brooklyn,NY,EE. UU.
19147,Christine,Consumer,Raleigh,NC,EE. UU.
16416,Leilani,Consumer,Winnetka,CA,EE. UU.
19236,Octavia,Consumer,Strongsville,OH,EE. UU.
19090,Alfreda,Consumer,Greenville,NC,EE. UU.
15789,Amena,Consumer,Lynn,MA,EE. UU.
15788,Mercedes,Consumer,Chicago,IL,EE. UU.
18824,Mary,Consumer,Manchester,CT,EE. UU.
15804,Lenore,Consumer,Las Vegas,NV,EE. UU.
15821,Tara,Consumer,Placentia,CA,EE. UU.
15817,Ella,Consumer,Portland,OR,EE. UU.
15744,Bree,Consumer,Annandale,VA,EE. UU.
18781,Jeanette,Consumer,Jersey City,NJ,EE. UU.
15905,Yetta,Consumer,Waipahu,HI,EE. UU.
18760,Mira,Consumer,Norfolk,VA,EE. UU.
18793,Aspen,Consumer,Warren,MI,EE. UU.
17961,Dorothy,Consumer,New Braunfels,TX,EE. UU.
18517,Clio,Consumer,Findlay,OH,EE. UU.
17435,Yeo,Consumer,Aurora,IL,EE. UU.
17996,Quintessa,Consumer,Lewisville,TX,EE. UU.
17308,Audrey,Consumer,Reynoldsburg,OH,EE. UU.
17958,Kim,Consumer,Saint Paul,MN,EE. UU.
20641,Renee,Consumer,Raleigh,NC,EE. UU.
20676,Lacy,Consumer,Granite City,IL,EE. UU.
18296,Jane,Consumer,Chicago,IL,EE. UU.
16069,Jillian,Consumer,El Paso,TX,EE. UU.
17714,Elaine,Consumer,Fort Lauderdale,FL,EE. UU.
17917,Oprah,Consumer,Madera,CA,EE. UU.
18491,Rhoda,Consumer,Miami,FL,EE. UU.
17372,Rose,Consumer,Washington,DC,EE. UU.
15959,Tatyana,Consumer,Fort Lauderdale,FL,EE. UU.
16030,Sydnee,Consumer,Pomona,CA,EE. UU.
17389,Fallon,Consumer,Philadelphia,PA,EE. UU.
17262,Maya,Consumer,Louisville,KY,EE. UU.
16083,Sydney,Consumer,Cumberland,MD,EE. UU.
18289,Mary,Consumer,New York,NY,EE. UU.
16026,Gwendolyn,Consumer,Colorado Springs,CO,EE. UU.
18466,Brenna,Consumer,Palatine,IL,EE. UU.
15953,Orli,Consumer,Piscataway,NJ,EE. UU.
18000,Wynne,Consumer,Brownsville,TX,EE. UU.
17329,Amity,Consumer,Phoenix,AZ,EE. UU.
20393,Lana,Consumer,Bronx,NY,EE. UU.
17490,Mallory,Consumer,San Pablo,CA,EE. UU.
15485,Nora,Consumer,Bakersfield,CA,EE. UU.
15431,Rhea,Consumer,Saint Paul,MN,EE. UU.
15321,Erica,Consumer,New York,NY,EE. UU.
15464,Martina,Consumer,North Las Vegas,NV,EE. UU.
15369,Kellie,Consumer,Kailua,HI,EE. UU.
15585,Mikayla,Consumer,Dallas,TX,EE. UU.
18710,Xerxes,Consumer,Aurora,IL,EE. UU.
15493,Anjolie,Consumer,Chicago,IL,EE. UU.
15455,Martina,Consumer,Morristown,NJ,EE. UU.
15668,Lenore,Consumer,Rancho Cucamonga,CA,EE. UU.
15379,Charissa,Consumer,Salt Lake City,UT,EE. UU.
17585,Yolanda,Consumer,Costa Mesa,CA,EE. UU.
17619,Farrah,Consumer,Wayne,NJ,EE. UU.
15214,Daryl,Consumer,Chicago,IL,EE. UU.
17820,Xerxes,Consumer,Santa Ana,CA,EE. UU.
15250,Whitney,Consumer,Chicago,IL,EE. UU.
17047,Risa,Consumer,Perth Amboy,NJ,EE. UU.
17154,Kendall,Consumer,Toms River,NJ,EE. UU.
17081,Lacota,Consumer,Philadelphia,PA,EE. UU.
20204,Gwendolyn,Consumer,Alpharetta,GA,EE. UU.
20131,Abigail,Consumer,New Orleans,LA,EE. UU.
18590,Eve,Consumer,Sandusky,OH,EE. UU.
20311,Kendall,Consumer,Lawton,OK,EE. UU.
15174,Uta,Consumer,Phoenix,AZ,EE. UU.
17186,Gwendolyn,Consumer,Livermore,CA,EE. UU.
17150,Wynter,Consumer,Brooklyn,NY,EE. UU.
20075,Iola,Consumer,Mission Viejo,CA,EE. UU.
17059,Jenna,Consumer,San Diego,CA,EE. UU.
20056,Summer,Consumer,Orange Park,FL,EE. UU.
17255,Fatima,Consumer,San Diego,CA,EE. UU.
17111,Christine,Consumer,Rio Rancho,NM,EE. UU.
17792,Blythe,Consumer,Cleveland,OH,EE. UU.
17109,Bertha,Consumer,Bend,OR,EE. UU.
17810,Blythe,Consumer,Tallahassee,FL,EE. UU.
20052,Julie,Consumer,Michigan City,IN,EE. UU.
20178,Brianna,Consumer,Dallas,TX,EE. UU.
18601,Camilla,Consumer,Harlingen,TX,EE. UU.
20376,Iola,Consumer,Hagerstown,MD,EE. UU.
16194,Cynthia,Consumer,Salt Lake City,UT,EE. UU.
19997,Remedios,Consumer,Fort Washington,MD,EE. UU.
15273,Hilary,Consumer,Roswell,GA,EE. UU.
16373,Idona,Consumer,Santa Ana,CA,EE. UU.
16355,Stella,Consumer,Fontana,CA,EE. UU.
17232,Zenaida,Consumer,Mesquite,TX,EE. UU.
19023,Nadine,Consumer,Valrico,FL,EE. UU.
17157,Jena,Consumer,Honolulu,HI,EE. UU.
15215,Moana,Consumer,Mentor,OH,EE. UU.
16189,Hedda,Consumer,Fresno,CA,EE. UU.
18101,Lesley,Consumer,San Jose,CA,EE. UU.
18205,Madeline,Consumer,Tucson,AZ,EE. UU.
18219,Quynn,Consumer,Atlanta,GA,EE. UU.
18107,Nita,Consumer,Santa Ana,CA,EE. UU.
18213,Renee,Consumer,Buffalo,NY,EE. UU.
17900,Xerxes,Consumer,El Paso,TX,EE. UU.
18120,Iola,Consumer,Middletown,CT,EE. UU.
16395,Remedios,Consumer,Fort Lauderdale,FL,EE. UU.
19087,Cleo,Consumer,Aurora,CO,EE. UU.
16573,Natalie,Consumer,Tucson,AZ,EE. UU.
19211,Blythe,Consumer,Ventura,CA,EE. UU.
16621,Sybill,Consumer,Saint Paul,MN,EE. UU.
16583,Veronica,Consumer,Dorchester Center,MA,EE. UU.
19060,Tatyana,Consumer,Aurora,CO,EE. UU.
16436,Moana,Consumer,Memphis,TN,EE. UU.
19039,Kalia,Consumer,Elgin,IL,EE. UU.
19037,Quyn,Consumer,Murfreesboro,TN,EE. UU.
19180,Willow,Consumer,Madera,CA,EE. UU.
15766,Kelly,Consumer,Hagerstown,MD,EE. UU.
16058,Blossom,Consumer,Brooklyn,NY,EE. UU.
20697,Olympia,Consumer,Columbus,OH,EE. UU.
17378,Hadley,Consumer,El Paso,TX,EE. UU.
18876,Aiko,Consumer,Ontario,CA,EE. UU.
17306,Jorden,Consumer,Bowling Green,KY,EE. UU.
17269,Jacqueline,Consumer,Silver Spring,MD,EE. UU.
17503,Imani,Consumer,Palatine,IL,EE. UU.
17993,Skyler,Consumer,Los Angeles,CA,EE. UU.
17412,Stacy,Consumer,Bronx,NY,EE. UU.
17974,Isabella,Consumer,Salinas,CA,EE. UU.
18493,Anjolie,Consumer,Greensboro,NC,EE. UU.
17410,Taylor,Consumer,Springfield,MO,EE. UU.
17338,Hedy,Consumer,Austin,TX,EE. UU.
17373,Odessa,Consumer,Lawton,OK,EE. UU.
18275,Ayanna,Consumer,Hayward,CA,EE. UU.
20744,Hyacinth,Consumer,Washington,PA,EE. UU.
17405,Yetta,Consumer,Bronx,NY,EE. UU.
18468,Emma,Consumer,Mililani,HI,EE. UU.
20523,Bree,Consumer,Douglasville,GA,EE. UU.
17277,Fay,Consumer,Laredo,TX,EE. UU.
17726,Quon,Consumer,Memphis,TN,EE. UU.
20377,Renee,Consumer,Aurora,CO,EE. UU.
20611,Astra,Consumer,Jacksonville,FL,EE. UU.
17652,Whitney,Consumer,Fayetteville,NC,EE. UU.
18464,Martina,Consumer,Greensboro,NC,EE. UU.
17651,Zephr,Consumer,Philadelphia,PA,EE. UU.
15628,Michelle,Consumer,Panorama City,CA,EE. UU.
15502,Aspen,Consumer,Baltimore,MD,EE. UU.
18663,Xena,Consumer,El Paso,TX,EE. UU.
15625,Dawn,Consumer,Atlanta,GA,EE. UU.
15589,Christen,Consumer,Grand Prairie,TX,EE. UU.
18733,Kylynn,Consumer,Baldwin Park,CA,EE. UU.
15372,Quon,Consumer,Visalia,CA,EE. UU.
15390,Idola,Consumer,Martinsburg,WV,EE. UU.
15371,Ariel,Consumer,Knoxville,TN,EE. UU.
15639,Ariana,Consumer,Rego Park,NY,EE. UU.
15674,Blossom,Consumer,Brooklyn,NY,EE. UU.
15544,Quincy,Consumer,Houston,TX,EE. UU.
15399,Anjolie,Consumer,Los Angeles,CA,EE. UU.
15361,Pamela,Consumer,Houston,TX,EE. UU.
17589,Sydnee,Consumer,Orlando,FL,EE. UU.
17550,Nomlanga,Consumer,Woonsocket,RI,EE. UU.
20368,Tana,Consumer,Miami,FL,EE. UU.
15177,Fiona,Consumer,Long Beach,CA,EE. UU.
18575,Irma,Consumer,Rochester,NY,EE. UU.
18538,Ainsley,Consumer,Escondido,CA,EE. UU.
18574,Alfreda,Consumer,Bismarck,ND,EE. UU.
17151,Sybill,Consumer,Virginia Beach,VA,EE. UU.
16292,Blythe,Consumer,Laredo,TX,EE. UU.
17851,Caryn,Consumer,Santa Ana,CA,EE. UU.
17833,Geraldine,Consumer,Portland,OR,EE. UU.
18961,Desirae,Consumer,Chicago,IL,EE. UU.
18979,Lillith,Consumer,Philadelphia,PA,EE. UU.
16254,Stacey,Consumer,Tempe,AZ,EE. UU.
15280,Candice,Consumer,Greenville,NC,EE. UU.
17795,Raya,Consumer,Woodbridge,VA,EE. UU.
16199,Zorita,Consumer,Warren,MI,EE. UU.
20362,Beatrice,Consumer,Las Vegas,NV,EE. UU.
16234,Gretchen,Consumer,Toms River,NJ,EE. UU.
17793,Chantale,Consumer,Mesa,AZ,EE. UU.
15241,Sybil,Consumer,Houston,TX,EE. UU.
17056,Summer,Consumer,Colorado Springs,CO,EE. UU.
20126,Myra,Consumer,Joliet,IL,EE. UU.
16269,Kitra,Consumer,Greeley,CO,EE. UU.
17128,Michelle,Consumer,Raleigh,NC,EE. UU.
17809,Deanna,Consumer,Mentor,OH,EE. UU.
17879,Barbara,Consumer,Houston,TX,EE. UU.
17124,Wynter,Consumer,Portland,OR,EE. UU.
18935,Regina,Consumer,South San Francisco,CA,EE. UU.
18989,Kevyn,Consumer,Fort Lauderdale,FL,EE. UU.
20230,Bo,Consumer,Amarillo,TX,EE. UU.
20265,Martha,Consumer,Moreno Valley,CA,EE. UU.
16264,Mona,Consumer,El Paso,TX,EE. UU.
18898,Simone,Consumer,Chandler,AZ,EE. UU.
20211,Minerva,Consumer,Greenville,NC,EE. UU.
20084,Caryn,Consumer,Sugar Land,TX,EE. UU.
17841,Karina,Consumer,Tinley Park,IL,EE. UU.
17230,Bo,Consumer,Fort Worth,TX,EE. UU.
15288,Lesley,Consumer,Lenoir,NC,EE. UU.
17067,Simone,Consumer,Rancho Cordova,CA,EE. UU.
20227,Brynne,Consumer,Greensboro,NC,EE. UU.
17210,Rosalyn,Consumer,Stockbridge,GA,EE. UU.
17192,Aspen,Consumer,Decatur,GA,EE. UU.
18967,Regan,Consumer,Santa Ana,CA,EE. UU.
15161,Kimberly,Consumer,Stone Mountain,GA,EE. UU.
18142,Lareina,Consumer,Milwaukee,WI,EE. UU.
16502,Ainsley,Consumer,Bronx,NY,EE. UU.
16435,Ivy,Consumer,Bronx,NY,EE. UU.
18746,Ila,Consumer,San Jose,CA,EE. UU.
17960,Bethany,Consumer,Perth Amboy,NJ,EE. UU.
16021,Alyssa,Consumer,Chicago,IL,EE. UU.
20637,Shannon,Consumer,Frankfort,KY,EE. UU.
18362,Vivien,Consumer,Stockton,CA,EE. UU.
18503,Kalia,Consumer,Hialeah,FL,EE. UU.
15419,Iona,Consumer,Chillicothe,OH,EE. UU.
15380,Hedda,Consumer,Salinas,CA,EE. UU.
17045,Madison,Consumer,San Antonio,TX,EE. UU.
19844,Yvette,Consumer,Columbus,OH,EE. UU.
15175,Xerxes,Consumer,Crystal Lake,IL,EE. UU.
19916,Brianna,Consumer,Tulare,CA,EE. UU.
18536,Wynne,Consumer,Phoenix,AZ,EE. UU.
19778,Melissa,Consumer,Oxnard,CA,EE. UU.
1526,Mary,Consumer,Brooklyn,NY,EE. UU.
2012,Ethan,Consumer,Fond Du Lac,WI,EE. UU.
6548,Mary,Consumer,San Diego,CA,EE. UU.
3842,Susan,Consumer,Palatine,IL,EE. UU.
8359,Walter,Consumer,Sacramento,CA,EE. UU.
9922,Mary,Consumer,Milford,CT,EE. UU.
7168,Mary,Consumer,Tallahassee,FL,EE. UU.
10904,Mary,Home Office,Caguas,PR,Puerto Rico
8985,Helen,Home Office,Wyoming,MI,EE. UU.
9982,Carol,Home Office,Caguas,PR,Puerto Rico
4146,Mary,Consumer,Caguas,PR,Puerto Rico
539,Marilyn,Home Office,Ventura,CA,EE. UU.
3698,John,Consumer,Caguas,PR,Puerto Rico
11237,Zachary,Consumer,Caguas,PR,Puerto Rico
992,Randy,Home Office,New York,NY,EE. UU.
6063,Judith,Home Office,Caguas,PR,Puerto Rico
12356,Rose,Consumer,Caguas,PR,Puerto Rico
10919,Shirley,Home Office,San Marcos,CA,EE. UU.
2428,Andrea,Home Office,Carmichael,CA,EE. UU.
795,Mary,Consumer,Caguas,PR,Puerto Rico
292,Mary,Home Office,Columbus,OH,EE. UU.
9093,Andrew,Home Office,Hamilton,OH,EE. UU.
1536,Mary,Home Office,Fountain Valley,CA,EE. UU.
825,George,Home Office,Aurora,CO,EE. UU.
1238,Angela,Home Office,Caguas,PR,Puerto Rico
1888,Julia,Home Office,Ypsilanti,MI,EE. UU.
4007,Amanda,Home Office,Murfreesboro,TN,EE. UU.
13221,Azalia,Home Office,Caguas,PR,Puerto Rico
13148,Demetria,Home Office,Vega Baja,PR,Puerto Rico
13468,Kessie,Home Office,Caguas,PR,Puerto Rico
8176,Charles,Home Office,Caguas,PR,Puerto Rico
12695,Lenore,Home Office,Caguas,PR,Puerto Rico
3958,Ashley,Home Office,Caguas,PR,Puerto Rico
16444,Emi,Home Office,Caguas,PR,Puerto Rico
15854,Blossom,Home Office,Caguas,PR,Puerto Rico
15792,Jamalia,Home Office,Caguas,PR,Puerto Rico
17719,Amity,Home Office,Caguas,PR,Puerto Rico
18455,Martina,Home Office,Caguas,PR,Puerto Rico
18678,Teegan,Home Office,Caguas,PR,Puerto Rico
16366,Hillary,Home Office,Caguas,PR,Puerto Rico
14568,Genevieve,Home Office,Caguas,PR,Puerto Rico
20510,Sarah,Home Office,Caguas,PR,Puerto Rico
17593,Yvonne,Home Office,Caguas,PR,Puerto Rico
16382,Rowan,Home Office,Caguas,PR,Puerto Rico
16250,Naomi,Home Office,Caguas,PR,Puerto Rico
14772,Remedios,Home Office,Caguas,PR,Puerto Rico
12901,Cynthia,Home Office,Caguas,PR,Puerto Rico
18188,Patience,Home Office,Caguas,PR,Puerto Rico
18054,Kitra,Home Office,Caguas,PR,Puerto Rico
16412,Iris,Home Office,Carolina,PR,Puerto Rico
16590,Callie,Home Office,Caguas,PR,Puerto Rico
20389,Fallon,Home Office,Caguas,PR,Puerto Rico
18477,Lael,Home Office,Caguas,PR,Puerto Rico
20622,Idola,Home Office,Caguas,PR,Puerto Rico
17483,Veronica,Home Office,Caguas,PR,Puerto Rico
17418,Karina,Home Office,Caguas,PR,Puerto Rico
15531,Sophia,Home Office,Caguas,PR,Puerto Rico
15512,Lynn,Home Office,Caguas,PR,Puerto Rico
17250,Yoko,Home Office,Caguas,PR,Puerto Rico
10531,Jennifer,Home Office,Caguas,PR,Puerto Rico
8465,Dorothy,Home Office,Caguas,PR,Puerto Rico
13145,Guinevere,Home Office,Caguas,PR,Puerto Rico
13335,Felicia,Home Office,Caguas,PR,Puerto Rico
14227,Hedy,Home Office,Caguas,PR,Puerto Rico
14878,Lydia,Home Office,Caguas,PR,Puerto Rico
13715,Xandra,Home Office,Caguas,PR,Puerto Rico
14893,May,Home Office,Caguas,PR,Puerto Rico
14018,Tatiana,Home Office,Caguas,PR,Puerto Rico
9870,Betty,Home Office,Caguas,PR,Puerto Rico
13744,Kylynn,Home Office,Caguas,PR,Puerto Rico
14740,Mollie,Home Office,Caguas,PR,Puerto Rico
14900,Bertha,Home Office,Caguas,PR,Puerto Rico
13718,Jenette,Home Office,Caguas,PR,Puerto Rico
12676,Melanie,Home Office,Caguas,PR,Puerto Rico
2248,Mary,Home Office,Caguas,PR,Puerto Rico
19105,Shay,Home Office,Caguas,PR,Puerto Rico
19253,Roanna,Home Office,Caguas,PR,Puerto Rico
18365,Alfreda,Home Office,Caguas,PR,Puerto Rico
18378,Kai,Home Office,Caguas,PR,Puerto Rico
17707,Brittany,Home Office,Caguas,PR,Puerto Rico
18034,Dominique,Home Office,Caguas,PR,Puerto Rico
15460,Nomlanga,Home Office,Caguas,PR,Puerto Rico
19937,Nola,Home Office,Caguas,PR,Puerto Rico
16206,Belle,Home Office,San Sebastian,PR,Puerto Rico
19882,Noel,Home Office,Caguas,PR,Puerto Rico
17062,Hiroko,Home Office,Caguas,PR,Puerto Rico
16380,Brianna,Home Office,Caguas,PR,Puerto Rico
20200,Octavia,Home Office,Arecibo,PR,Puerto Rico
20199,Robin,Home Office,Caguas,PR,Puerto Rico
17147,Pandora,Home Office,Caguas,PR,Puerto Rico
19009,Anastasia,Home Office,Caguas,PR,Puerto Rico
17107,Hedy,Home Office,Caguas,PR,Puerto Rico
16103,Constance,Home Office,Caguas,PR,Puerto Rico
15165,Chastity,Home Office,Caguas,PR,Puerto Rico
17034,Ursa,Home Office,Guaynabo,PR,Puerto Rico
17104,Molly,Home Office,Caguas,PR,Puerto Rico
19849,Kim,Home Office,Caguas,PR,Puerto Rico
20352,Katelyn,Home Office,Caguas,PR,Puerto Rico
7860,Mary,Home Office,Caguas,PR,Puerto Rico
9013,Lawrence,Home Office,Caguas,PR,Puerto Rico
2474,James,Home Office,Caguas,PR,Puerto Rico
14572,Britanni,Home Office,Caguas,PR,Puerto Rico
13940,Paloma,Home Office,Caguas,PR,Puerto Rico
13631,Sonia,Home Office,Caguas,PR,Puerto Rico
4934,Richard,Home Office,Caguas,PR,Puerto Rico
5743,Mary,Home Office,Caguas,PR,Puerto Rico
12463,Sylvia,Home Office,Caguas,PR,Puerto Rico
14582,Isabella,Home Office,Caguas,PR,Puerto Rico
14528,Alyssa,Home Office,Caguas,PR,Puerto Rico
14205,Blair,Home Office,Caguas,PR,Puerto Rico
14889,Rowan,Home Office,Caguas,PR,Puerto Rico
14932,Lesley,Home Office,Caguas,PR,Puerto Rico
16473,Hope,Home Office,Caguas,PR,Puerto Rico
19038,Aspen,Home Office,Caguas,PR,Puerto Rico
16577,Reagan,Home Office,Caguas,PR,Puerto Rico
15794,Mariam,Home Office,Caguas,PR,Puerto Rico
15982,Freya,Home Office,Caguas,PR,Puerto Rico
17935,Ivy,Home Office,Caguas,PR,Puerto Rico
15978,Ingrid,Home Office,Caguas,PR,Puerto Rico
15940,Ciara,Home Office,Caguas,PR,Puerto Rico
17743,Kaitlin,Home Office,Caguas,PR,Puerto Rico
15529,Madonna,Home Office,Caguas,PR,Puerto Rico
18655,Iola,Home Office,Caguas,PR,Puerto Rico
17544,Yael,Home Office,Caguas,PR,Puerto Rico
20151,Sybill,Home Office,Caguas,PR,Puerto Rico
19011,Kylie,Home Office,Caguas,PR,Puerto Rico
17180,Suki,Home Office,Caguas,PR,Puerto Rico
18564,Rhoda,Home Office,Caguas,PR,Puerto Rico
9797,Sandra,Home Office,Caguas,PR,Puerto Rico
4418,Mary,Home Office,Caguas,PR,Puerto Rico
4692,Mary,Home Office,Caguas,PR,Puerto Rico
13101,Lila,Home Office,Caguas,PR,Puerto Rico
13842,Carol,Home Office,Caguas,PR,Puerto Rico
13704,Alexis,Home Office,Caguas,PR,Puerto Rico
12607,Jenna,Home Office,Caguas,PR,Puerto Rico
16536,Mariam,Home Office,Caguas,PR,Puerto Rico
18864,Amelia,Home Office,Caguas,PR,Puerto Rico
15466,Brenna,Home Office,Caguas,PR,Puerto Rico
17198,Blair,Home Office,Caguas,PR,Puerto Rico
886,Mary,Home Office,Caguas,PR,Puerto Rico
12969,Lucy,Home Office,Caguas,PR,Puerto Rico
13037,Carissa,Home Office,Caguas,PR,Puerto Rico
13270,Marah,Home Office,Caguas,PR,Puerto Rico
13048,Hilary,Home Office,Caguas,PR,Puerto Rico
14137,Jolene,Home Office,Caguas,PR,Puerto Rico
14690,Rhoda,Home Office,Caguas,PR,Puerto Rico
14352,Summer,Home Office,Caguas,PR,Puerto Rico
13132,Demetria,Home Office,Caguas,PR,Puerto Rico
13770,Tatum,Home Office,Caguas,PR,Puerto Rico
14055,Kiayada,Home Office,Caguas,PR,Puerto Rico
12823,Mercedes,Home Office,Caguas,PR,Puerto Rico
13884,Odette,Home Office,Caguas,PR,Puerto Rico
13827,Shaeleigh,Home Office,Caguas,PR,Puerto Rico
12613,Gretchen,Home Office,Caguas,PR,Puerto Rico
12502,Deanna,Home Office,Caguas,PR,Puerto Rico
15065,Susan,Home Office,Caguas,PR,Puerto Rico
14367,Charity,Home Office,Caguas,PR,Puerto Rico
8219,Mary,Home Office,Caguas,PR,Puerto Rico
19116,Audrey,Home Office,Caguas,PR,Puerto Rico
16384,Cara,Home Office,Caguas,PR,Puerto Rico
17398,Emma,Home Office,Caguas,PR,Puerto Rico
20535,Megan,Home Office,Caguas,PR,Puerto Rico
17487,Constance,Home Office,Caguas,PR,Puerto Rico
20750,Naomi,Home Office,Caguas,PR,Puerto Rico
20568,Adele,Home Office,Caguas,PR,Puerto Rico
2745,Mary,Home Office,Caguas,PR,Puerto Rico
20549,Sopoline,Home Office,Caguas,PR,Puerto Rico
20581,Zia,Home Office,Caguas,PR,Puerto Rico
20742,Melissa,Home Office,Caguas,PR,Puerto Rico
15309,Karleigh,Home Office,Caguas,PR,Puerto Rico
17537,Xandra,Home Office,Caguas,PR,Puerto Rico
19775,Frances,Home Office,Caguas,PR,Puerto Rico
18927,Ria,Home Office,Caguas,PR,Puerto Rico
16246,Roanna,Home Office,Caguas,PR,Puerto Rico
20241,Zoe,Home Office,Caguas,PR,Puerto Rico
19802,Calista,Home Office,Caguas,PR,Puerto Rico
5342,Willie,Home Office,San Jose,CA,EE. UU.
5768,Sandra,Consumer,Caguas,PR,Puerto Rico
10795,William,Home Office,Caguas,PR,Puerto Rico
5357,Jean,Consumer,Caguas,PR,Puerto Rico
244,Mary,Home Office,Long Beach,CA,EE. UU.
6869,Mary,Home Office,Wayne,NJ,EE. UU.
7351,Mary,Consumer,Caguas,PR,Puerto Rico
7808,Mary,Home Office,Plano,TX,EE. UU.
536,Elizabeth,Consumer,Caguas,PR,Puerto Rico
3093,Brian,Home Office,Caguas,PR,Puerto Rico
6717,Stephen,Consumer,Caguas,PR,Puerto Rico
3654,Mary,Home Office,Caguas,PR,Puerto Rico
860,Terry,Home Office,Houston,TX,EE. UU.
8222,Crystal,Consumer,Caguas,PR,Puerto Rico
8594,Mary,Home Office,Massillon,OH,EE. UU.
6832,Patricia,Consumer,Saint Louis,MO,EE. UU.
3507,Mary,Home Office,Caguas,PR,Puerto Rico
6112,Peter,Home Office,Riverside,CA,EE. UU.
4075,Amanda,Consumer,Caguas,PR,Puerto Rico
8826,Donna,Home Office,Greensboro,NC,EE. UU.
2672,Kathryn,Consumer,Caguas,PR,Puerto Rico
4222,William,Home Office,Beloit,WI,EE. UU.
2396,Mary,Corporate,Phoenix,AZ,EE. UU.
11815,Mary,Home Office,Caguas,PR,Puerto Rico
9696,Mary,Home Office,Caguas,PR,Puerto Rico
14203,Jolene,Home Office,Caguas,PR,Puerto Rico
14412,Yetta,Home Office,Caguas,PR,Puerto Rico
14146,Ariana,Home Office,Caguas,PR,Puerto Rico
14254,Nayda,Home Office,Caguas,PR,Puerto Rico
13069,Harriet,Home Office,Caguas,PR,Puerto Rico
13050,Lael,Home Office,Caguas,PR,Puerto Rico
13427,Lacey,Home Office,Caguas,PR,Puerto Rico
14175,Lenore,Home Office,Caguas,PR,Puerto Rico
14336,Amity,Home Office,Caguas,PR,Puerto Rico
14173,Claire,Home Office,Caguas,PR,Puerto Rico
13459,Leigh,Home Office,Caguas,PR,Puerto Rico
14063,Summer,Home Office,Caguas,PR,Puerto Rico
13224,Hedda,Home Office,Caguas,PR,Puerto Rico
13170,Hanae,Home Office,Caguas,PR,Puerto Rico
14260,Dacey,Home Office,Caguas,PR,Puerto Rico
14543,Mara,Home Office,Caguas,PR,Puerto Rico
14596,Sydnee,Home Office,Caguas,PR,Puerto Rico
14734,Deborah,Home Office,Caguas,PR,Puerto Rico
14715,Cassady,Home Office,Caguas,PR,Puerto Rico
13984,Lael,Home Office,Caguas,PR,Puerto Rico
13658,Blair,Home Office,Caguas,PR,Puerto Rico
9794,Jeffrey,Home Office,Caguas,PR,Puerto Rico
13599,Ruth,Home Office,Caguas,PR,Puerto Rico
14797,Virginia,Home Office,Caguas,PR,Puerto Rico
13652,Chiquita,Home Office,Caguas,PR,Puerto Rico
13773,Yvonne,Home Office,Caguas,PR,Puerto Rico
13755,Lani,Home Office,Caguas,PR,Puerto Rico
14007,Justina,Home Office,Caguas,PR,Puerto Rico
5188,Margaret,Home Office,Toa Baja,PR,Puerto Rico
12733,Blair,Home Office,Caguas,PR,Puerto Rico
12674,Ariana,Home Office,Caguas,PR,Puerto Rico
12526,Rhoda,Home Office,Caguas,PR,Puerto Rico
12937,Cleo,Home Office,Caguas,PR,Puerto Rico
12879,Sopoline,Home Office,Caguas,PR,Puerto Rico
15133,Lilah,Home Office,Caguas,PR,Puerto Rico
14637,Myra,Home Office,Caguas,PR,Puerto Rico
14402,Maryam,Home Office,Guayama,PR,Puerto Rico
13693,Ciara,Home Office,Caguas,PR,Puerto Rico
8828,Mary,Home Office,Caguas,PR,Puerto Rico
18190,Eden,Home Office,Caguas,PR,Puerto Rico
18257,Carolyn,Home Office,Caguas,PR,Puerto Rico
18182,Paloma,Home Office,Caguas,PR,Puerto Rico
18177,Fiona,Home Office,Caguas,PR,Puerto Rico
16574,Florence,Home Office,Caguas,PR,Puerto Rico
16520,Ocean,Home Office,Caguas,PR,Puerto Rico
16518,Sara,Home Office,Caguas,PR,Puerto Rico
16423,Sarah,Home Office,Caguas,PR,Puerto Rico
19041,Courtney,Home Office,Caguas,PR,Puerto Rico
16615,Idona,Home Office,Caguas,PR,Puerto Rico
19108,Jenna,Home Office,Caguas,PR,Puerto Rico
15896,Noel,Home Office,Caguas,PR,Puerto Rico
18801,Raven,Home Office,Caguas,PR,Puerto Rico
15724,Jaquelyn,Home Office,Caguas,PR,Puerto Rico
15900,Wynter,Home Office,Caguas,PR,Puerto Rico
15846,Kitra,Home Office,Caguas,PR,Puerto Rico
20608,Macy,Home Office,Caguas,PR,Puerto Rico
20499,Jade,Home Office,Caguas,PR,Puerto Rico
20660,Sybill,Home Office,Caguas,PR,Puerto Rico
18423,Deanna,Home Office,Caguas,PR,Puerto Rico
20658,Jennifer,Home Office,Caguas,PR,Puerto Rico
17733,Mollie,Home Office,Caguas,PR,Puerto Rico
18384,Dora,Home Office,Caguas,PR,Puerto Rico
17409,Felicia,Home Office,Caguas,PR,Puerto Rico
20384,Danielle,Home Office,Caguas,PR,Puerto Rico
5961,Kevin,Home Office,Caguas,PR,Puerto Rico
18504,Tatiana,Home Office,Caguas,PR,Puerto Rico
20738,Cathleen,Home Office,Caguas,PR,Puerto Rico
20503,Imani,Home Office,Caguas,PR,Puerto Rico
18321,Erica,Home Office,Caguas,PR,Puerto Rico
15987,Constance,Home Office,Caguas,PR,Puerto Rico
20429,Evelyn,Home Office,Caguas,PR,Puerto Rico
18662,Lacy,Home Office,Caguas,PR,Puerto Rico
15312,Ariel,Home Office,Caguas,PR,Puerto Rico
17608,Macy,Home Office,Caguas,PR,Puerto Rico
19002,Deanna,Home Office,Caguas,PR,Puerto Rico
17046,Rhonda,Home Office,Caguas,PR,Puerto Rico
16205,Jorden,Home Office,Caguas,PR,Puerto Rico
19845,Deanna,Home Office,Caguas,PR,Puerto Rico
16186,Azalia,Home Office,Caguas,PR,Puerto Rico
15157,Mona,Home Office,Caguas,PR,Puerto Rico
16237,Germaine,Home Office,Caguas,PR,Puerto Rico
20292,Jamalia,Home Office,Caguas,PR,Puerto Rico
16183,Rhoda,Home Office,Caguas,PR,Puerto Rico
17185,Beverly,Home Office,Caguas,PR,Puerto Rico
17149,Courtney,Home Office,Caguas,PR,Puerto Rico
19840,Cherokee,Home Office,San Juan,PR,Puerto Rico
16181,Helen,Home Office,Caguas,PR,Puerto Rico
16127,Ora,Home Office,Caguas,PR,Puerto Rico
18976,Quyn,Home Office,Caguas,PR,Puerto Rico
19911,Shay,Home Office,Caguas,PR,Puerto Rico
16143,Carla,Home Office,Caguas,PR,Puerto Rico
17865,Maggie,Home Office,Caguas,PR,Puerto Rico
18921,Rhiannon,Home Office,Caguas,PR,Puerto Rico
20143,Katelyn,Home Office,Caguas,PR,Puerto Rico
19981,Shafira,Home Office,Caguas,PR,Puerto Rico
17145,Vera,Home Office,Caguas,PR,Puerto Rico
17215,Martena,Home Office,Caguas,PR,Puerto Rico
19924,Idola,Home Office,Caguas,PR,Puerto Rico
19870,Morgan,Home Office,Caguas,PR,Puerto Rico
17070,Amy,Home Office,Caguas,PR,Puerto Rico
17196,Jolene,Home Office,Caguas,PR,Puerto Rico
18970,Scarlett,Home Office,Caguas,PR,Puerto Rico
17141,Melanie,Home Office,Caguas,PR,Puerto Rico
18950,Blaine,Home Office,Caguas,PR,Puerto Rico
17139,Ariana,Home Office,Caguas,PR,Puerto Rico
16369,Anastasia,Home Office,Caguas,PR,Puerto Rico
16207,Brittany,Home Office,Caguas,PR,Puerto Rico
19974,Anastasia,Home Office,Caguas,PR,Puerto Rico
18931,Joelle,Home Office,Caguas,PR,Puerto Rico
19171,Jaquelyn,Home Office,Caguas,PR,Puerto Rico
19077,Ainsley,Home Office,Caguas,PR,Puerto Rico
18777,Mechelle,Home Office,Caguas,PR,Puerto Rico
18508,Jay,Home Office,Caguas,PR,Puerto Rico
20522,Irma,Home Office,Caguas,PR,Puerto Rico
17292,Jamalia,Home Office,Caguas,PR,Puerto Rico
826,Mary,Home Office,Caguas,PR,Puerto Rico
17618,Farrah,Home Office,Caguas,PR,Puerto Rico
19847,Ivory,Home Office,Caguas,PR,Puerto Rico
16311,Ivory,Home Office,Caguas,PR,Puerto Rico
17058,Hadassah,Home Office,Caguas,PR,Puerto Rico
17770,Katell,Home Office,Caguas,PR,Puerto Rico
19868,Darrel,Home Office,Caguas,PR,Puerto Rico
18913,Kai,Home Office,Caguas,PR,Puerto Rico
17066,Venus,Home Office,Caguas,PR,Puerto Rico
8318,Bryan,Home Office,Caguas,PR,Puerto Rico
955,Mary,Home Office,Caguas,PR,Puerto Rico
4616,George,Home Office,Caguas,PR,Puerto Rico
14444,Kellie,Home Office,Caguas,PR,Puerto Rico
13735,Joelle,Home Office,Caguas,PR,Puerto Rico
13590,Eve,Home Office,Caguas,PR,Puerto Rico
13551,Kevyn,Home Office,Caguas,PR,Puerto Rico
13544,Frances,Home Office,Caguas,PR,Puerto Rico
15771,Clio,Home Office,Caguas,PR,Puerto Rico
15694,Margaret,Home Office,Caguas,PR,Puerto Rico
18314,Bryar,Home Office,Caguas,PR,Puerto Rico
20494,Rachel,Home Office,Caguas,PR,Puerto Rico
18889,Imogene,Home Office,Caguas,PR,Puerto Rico
17481,Simone,Home Office,Caguas,PR,Puerto Rico
18417,Catherine,Home Office,Caguas,PR,Puerto Rico
15919,Ivory,Home Office,Caguas,PR,Puerto Rico
20541,Ainsley,Home Office,Caguas,PR,Puerto Rico
17402,Cleo,Home Office,Caguas,PR,Puerto Rico
20501,Roanna,Home Office,Caguas,PR,Puerto Rico
20063,Aileen,Home Office,Caguas,PR,Puerto Rico
19013,Linda,Home Office,Caguas,PR,Puerto Rico
19904,Denise,Home Office,Caguas,PR,Puerto Rico
13058,Bree,Home Office,Caguas,PR,Puerto Rico
14474,Illana,Home Office,Caguas,PR,Puerto Rico
12672,Rina,Home Office,Caguas,PR,Puerto Rico
16554,Kitra,Home Office,Caguas,PR,Puerto Rico
17451,Constance,Home Office,Caguas,PR,Puerto Rico
17659,Riley,Home Office,Caguas,PR,Puerto Rico
11940,Richard,Consumer,Caguas,PR,Puerto Rico
6749,Mary,Home Office,Sheboygan,WI,EE. UU.
4131,Mary,Consumer,Guayama,PR,Puerto Rico
665,Mary,Consumer,Caguas,PR,Puerto Rico
7311,John,Consumer,Caguas,PR,Puerto Rico
402,Mary,Consumer,Caguas,PR,Puerto Rico
10209,Mary,Home Office,Brooklyn,NY,EE. UU.
6207,Daniel,Consumer,Houston,TX,EE. UU.
12181,Barbara,Consumer,Caguas,PR,Puerto Rico
3312,Jane,Consumer,Forest Hills,NY,EE. UU.
7155,Richard,Home Office,Lawrence,MA,EE. UU.
7818,Matthew,Consumer,Caguas,PR,Puerto Rico
7184,Mary,Consumer,Caguas,PR,Puerto Rico
18576,Sacha,Consumer,Caguas,PR,Puerto Rico
15213,Renee,Consumer,Caguas,PR,Puerto Rico
18593,Stella,Consumer,Caguas,PR,Puerto Rico
16259,Fiona,Consumer,Caguas,PR,Puerto Rico
15284,Quon,Consumer,Caguas,PR,Puerto Rico
19827,Zoe,Consumer,Caguas,PR,Puerto Rico
18609,Florence,Consumer,Caguas,PR,Puerto Rico
20276,Xyla,Consumer,Caguas,PR,Puerto Rico
17852,Asley,Consumer,Caguas,PR,Puerto Rico
20310,Mechelle,Consumer,Caguas,PR,Puerto Rico
19896,Harriet,Consumer,Caguas,PR,Puerto Rico
20328,Jayme,Consumer,Caguas,PR,Puerto Rico
20004,Tatiana,Consumer,Caguas,PR,Puerto Rico
17220,Hedy,Consumer,Caguas,PR,Puerto Rico
20037,India,Consumer,Caguas,PR,Puerto Rico
17038,Charissa,Consumer,Caguas,PR,Puerto Rico
17254,Lilah,Consumer,Caguas,PR,Puerto Rico
18621,Nadine,Consumer,Caguas,PR,Puerto Rico
17811,Ivory,Consumer,Caguas,PR,Puerto Rico
17846,Noel,Consumer,Caguas,PR,Puerto Rico
17108,Carissa,Consumer,San Juan,PR,Puerto Rico
17162,Bell,Consumer,Caguas,PR,Puerto Rico
17881,Abra,Consumer,Caguas,PR,Puerto Rico
20214,Olga,Consumer,Caguas,PR,Puerto Rico
18546,Hanna,Consumer,Caguas,PR,Puerto Rico
18990,Martina,Consumer,Caguas,PR,Puerto Rico
20266,Kelly,Consumer,Caguas,PR,Puerto Rico
20248,Jane,Consumer,Caguas,PR,Puerto Rico
20194,Margaret,Consumer,Caguas,PR,Puerto Rico
17789,Dominique,Consumer,Caguas,PR,Puerto Rico
17052,Julie,Consumer,Caguas,PR,Puerto Rico
19024,Shannon,Consumer,Caguas,PR,Puerto Rico
20013,Stella,Consumer,Caguas,PR,Puerto Rico
16155,Whitney,Consumer,Caguas,PR,Puerto Rico
15163,Cheyenne,Consumer,Caguas,PR,Puerto Rico
19022,Avye,Consumer,Caguas,PR,Puerto Rico
20191,Kirsten,Consumer,Caguas,PR,Puerto Rico
20065,Rosalyn,Consumer,Caguas,PR,Puerto Rico
19777,Carissa,Consumer,Caguas,PR,Puerto Rico
17085,Mikayla,Consumer,Caguas,PR,Puerto Rico
17821,Nita,Consumer,Caguas,PR,Puerto Rico
5101,Mary,Consumer,Caguas,PR,Puerto Rico
135,Mary,Consumer,Caguas,PR,Puerto Rico
7325,Mary,Consumer,Caguas,PR,Puerto Rico
2331,Mary,Consumer,San Sebastian,PR,Puerto Rico
5141,Marie,Consumer,Caguas,PR,Puerto Rico
7691,Samuel,Consumer,Caguas,PR,Puerto Rico
6128,Mary,Consumer,Caguas,PR,Puerto Rico
12987,Kimberly,Consumer,Caguas,PR,Puerto Rico
4895,Edward,Consumer,Caguas,PR,Puerto Rico
13147,Illana,Consumer,Caguas,PR,Puerto Rico
13093,Blossom,Consumer,Caguas,PR,Puerto Rico
12984,Nichole,Consumer,Caguas,PR,Puerto Rico
14482,Naida,Consumer,Caguas,PR,Puerto Rico
13285,Naomi,Consumer,Caguas,PR,Puerto Rico
12997,Martina,Consumer,Caguas,PR,Puerto Rico
13463,Adara,Consumer,Caguas,PR,Puerto Rico
12793,Felicia,Consumer,Caguas,PR,Puerto Rico
13977,Lillian,Consumer,Caguas,PR,Puerto Rico
11944,Tammy,Consumer,Caguas,PR,Puerto Rico
12641,Rinah,Consumer,Caguas,PR,Puerto Rico
12479,Lillith,Consumer,Caguas,PR,Puerto Rico
13291,Cherokee,Consumer,Caguas,PR,Puerto Rico
14069,Hiroko,Consumer,Caguas,PR,Puerto Rico
14140,Farrah,Consumer,Caguas,PR,Puerto Rico
13121,Aimee,Consumer,Caguas,PR,Puerto Rico
9330,Mary,Consumer,Caguas,PR,Puerto Rico
14035,Gwendolyn,Consumer,Caguas,PR,Puerto Rico
13738,Yuri,Consumer,Caguas,PR,Puerto Rico
14917,Quincy,Consumer,Caguas,PR,Puerto Rico
12921,Carolyn,Consumer,Caguas,PR,Puerto Rico
12918,Chloe,Consumer,Caguas,PR,Puerto Rico
13509,Isabella,Consumer,Caguas,PR,Puerto Rico
13344,Deanna,Consumer,Caguas,PR,Puerto Rico
14191,Faith,Consumer,Bayamon,PR,Puerto Rico
14963,Alexis,Consumer,Caguas,PR,Puerto Rico
8022,Jessica,Consumer,Caguas,PR,Puerto Rico
18166,Eleanor,Consumer,Caguas,PR,Puerto Rico
18355,Olga,Consumer,Caguas,PR,Puerto Rico
17959,Reagan,Consumer,Caguas,PR,Puerto Rico
18307,Darrel,Consumer,Caguas,PR,Puerto Rico
18502,Aspen,Consumer,Caguas,PR,Puerto Rico
17886,May,Consumer,Caguas,PR,Puerto Rico
15189,Lydia,Consumer,Caguas,PR,Puerto Rico
19114,Gretchen,Consumer,Caguas,PR,Puerto Rico
19164,Michelle,Consumer,Caguas,PR,Puerto Rico
15916,Dacey,Consumer,Caguas,PR,Puerto Rico
17738,Cathleen,Consumer,Caguas,PR,Puerto Rico
7341,Jennifer,Consumer,Caguas,PR,Puerto Rico
15354,Imogene,Consumer,Caguas,PR,Puerto Rico
20045,Madison,Consumer,Caguas,PR,Puerto Rico
16169,Gay,Consumer,Caguas,PR,Puerto Rico
18999,Martina,Consumer,Vega Baja,PR,Puerto Rico
18905,Rhonda,Consumer,Caguas,PR,Puerto Rico
15683,Xyla,Consumer,Caguas,PR,Puerto Rico
15826,Anika,Consumer,Caguas,PR,Puerto Rico
15892,Patience,Consumer,Caguas,PR,Puerto Rico
18853,Jaime,Consumer,Caguas,PR,Puerto Rico
15759,Nayda,Consumer,Caguas,PR,Puerto Rico
15962,Martina,Consumer,Caguas,PR,Puerto Rico
18328,Dakota,Consumer,Caguas,PR,Puerto Rico
18884,Rana,Consumer,Caguas,PR,Puerto Rico
20701,Sybil,Consumer,Caguas,PR,Puerto Rico
19017,Shafira,Consumer,Caguas,PR,Puerto Rico
16252,Lee,Consumer,Caguas,PR,Puerto Rico
16212,Brianna,Consumer,Caguas,PR,Puerto Rico
18635,Regina,Consumer,Caguas,PR,Puerto Rico
17843,Shelley,Consumer,Caguas,PR,Puerto Rico
20083,Selma,Consumer,Caguas,PR,Puerto Rico
19956,Hope,Consumer,Caguas,PR,Puerto Rico
15685,Beverly,Consumer,Caguas,PR,Puerto Rico
17303,Aiko,Consumer,Caguas,PR,Puerto Rico
16192,Cynthia,Consumer,Caguas,PR,Puerto Rico
14579,Genevieve,Consumer,Caguas,PR,Puerto Rico
14551,Yael,Consumer,Caguas,PR,Puerto Rico
13787,Candice,Consumer,Caguas,PR,Puerto Rico
14694,Charlotte,Consumer,Caguas,PR,Puerto Rico
14564,Aubrey,Consumer,Caguas,PR,Puerto Rico
13786,Dawn,Consumer,Guaynabo,PR,Puerto Rico
12541,Desiree,Consumer,Caguas,PR,Puerto Rico
12538,Kalia,Consumer,Caguas,PR,Puerto Rico
12844,Blythe,Consumer,Caguas,PR,Puerto Rico
12897,Beatrice,Consumer,Caguas,PR,Puerto Rico
15754,Lilah,Consumer,Caguas,PR,Puerto Rico
15968,Avye,Consumer,Caguas,PR,Puerto Rico
17263,Heather,Consumer,Caguas,PR,Puerto Rico
17055,Minerva,Consumer,Caguas,PR,Puerto Rico
16231,Lee,Consumer,Caguas,PR,Puerto Rico
18226,Giselle,Consumer,Caguas,PR,Puerto Rico
19067,Sophia,Consumer,Caguas,PR,Puerto Rico
16562,Sara,Consumer,Caguas,PR,Puerto Rico
18844,Karleigh,Consumer,Caguas,PR,Puerto Rico
18806,Karyn,Consumer,Caguas,PR,Puerto Rico
18860,Isabelle,Consumer,Caguas,PR,Puerto Rico
17453,Orli,Consumer,Caguas,PR,Puerto Rico
17313,Hope,Consumer,Caguas,PR,Puerto Rico
15442,Skyler,Consumer,Caguas,PR,Puerto Rico
15450,Bo,Consumer,Caguas,PR,Puerto Rico
17831,Deirdre,Consumer,Caguas,PR,Puerto Rico
18993,Aubrey,Consumer,Caguas,PR,Puerto Rico
20103,Yetta,Consumer,Caguas,PR,Puerto Rico
15926,Joan,Consumer,Caguas,PR,Puerto Rico
16080,Caryn,Consumer,Caguas,PR,Puerto Rico
5160,Steven,Consumer,Caguas,PR,Puerto Rico
14447,Ciara,Consumer,Caguas,PR,Puerto Rico
14588,Zia,Consumer,Caguas,PR,Puerto Rico
14476,Rhoda,Consumer,Caguas,PR,Puerto Rico
13188,Karina,Consumer,Caguas,PR,Puerto Rico
14723,Maggy,Consumer,Caguas,PR,Puerto Rico
14450,Kimberley,Consumer,Caguas,PR,Puerto Rico
12967,Roary,Consumer,Caguas,PR,Puerto Rico
14555,Deanna,Consumer,Caguas,PR,Puerto Rico
13158,Kirestin,Consumer,Caguas,PR,Puerto Rico
13140,Priscilla,Consumer,Caguas,PR,Puerto Rico
13408,Idona,Consumer,Caguas,PR,Puerto Rico
12762,Brynne,Consumer,Caguas,PR,Puerto Rico
13823,Yen,Consumer,Caguas,PR,Puerto Rico
14838,Deirdre,Consumer,Caguas,PR,Puerto Rico
13549,Melyssa,Consumer,Caguas,PR,Puerto Rico
13868,Pamela,Consumer,Caguas,PR,Puerto Rico
15034,Dominique,Consumer,Caguas,PR,Puerto Rico
12904,Lilah,Consumer,Caguas,PR,Puerto Rico
15098,Iola,Consumer,Caguas,PR,Puerto Rico
15096,Sonia,Consumer,Caguas,PR,Puerto Rico
13091,Kylie,Consumer,Caguas,PR,Puerto Rico
14669,Brenna,Consumer,Caguas,PR,Puerto Rico
12704,Portia,Consumer,Caguas,PR,Puerto Rico
12630,Josephine,Consumer,Caguas,PR,Puerto Rico
12543,Jayme,Consumer,Caguas,PR,Puerto Rico
13518,Ramona,Consumer,Caguas,PR,Puerto Rico
14767,Alisa,Consumer,San Sebastian,PR,Puerto Rico
5703,Mary,Consumer,Caguas,PR,Puerto Rico
5649,Mary,Consumer,Caguas,PR,Puerto Rico
322,Barbara,Consumer,Caguas,PR,Puerto Rico
7433,Gregory,Consumer,Caguas,PR,Puerto Rico
18700,Chastity,Consumer,Caguas,PR,Puerto Rico
18983,Quail,Consumer,Caguas,PR,Puerto Rico
19833,Petra,Consumer,Juana Diaz,PR,Puerto Rico
18157,Mona,Consumer,Caguas,PR,Puerto Rico
16550,Eden,Consumer,Caguas,PR,Puerto Rico
18770,Tatum,Consumer,Caguas,PR,Puerto Rico
15932,Roary,Consumer,Caguas,PR,Puerto Rico
10660,Zachary,Consumer,Caguas,PR,Puerto Rico
20565,Britanni,Consumer,Caguas,PR,Puerto Rico
17637,Shannon,Consumer,Caguas,PR,Puerto Rico
18359,Jenette,Consumer,Caguas,PR,Puerto Rico
15663,Margaret,Consumer,Caguas,PR,Puerto Rico
15572,Jenna,Consumer,Caguas,PR,Puerto Rico
15570,Amy,Consumer,Caguas,PR,Puerto Rico
18911,Rowan,Consumer,Caguas,PR,Puerto Rico
19950,Marny,Consumer,Caguas,PR,Puerto Rico
19834,Josephine,Consumer,Caguas,PR,Puerto Rico
19960,Leigh,Consumer,Caguas,PR,Puerto Rico
15803,Aiko,Consumer,San Juan,PR,Puerto Rico
20680,Adrienne,Consumer,Caguas,PR,Puerto Rico
17361,Ria,Consumer,San Sebastian,PR,Puerto Rico
20386,Carolyn,Consumer,Caguas,PR,Puerto Rico
16043,Rachel,Consumer,Caguas,PR,Puerto Rico
15541,Ainsley,Consumer,Toa Baja,PR,Puerto Rico
16346,Noel,Consumer,Caguas,PR,Puerto Rico
15154,Mari,Consumer,Caguas,PR,Puerto Rico
20272,Farrah,Consumer,Caguas,PR,Puerto Rico
19945,Dorothy,Consumer,Caguas,PR,Puerto Rico
17213,Xaviera,Consumer,Caguas,PR,Puerto Rico
15739,Lareina,Consumer,Caguas,PR,Puerto Rico
15551,Cleo,Consumer,Caguas,PR,Puerto Rico
20174,Blossom,Consumer,Caguas,PR,Puerto Rico
6097,Heather,Consumer,Caguas,PR,Puerto Rico
12386,Ruth,Consumer,Caguas,PR,Puerto Rico
13397,Fallon,Consumer,Caguas,PR,Puerto Rico
13152,Lacota,Consumer,Caguas,PR,Puerto Rico
13800,Imelda,Consumer,Caguas,PR,Puerto Rico
14706,Zorita,Consumer,Caguas,PR,Puerto Rico
12547,Lynn,Consumer,Caguas,PR,Puerto Rico
14311,Lenore,Consumer,Caguas,PR,Puerto Rico
13255,Brianna,Consumer,Carolina,PR,Puerto Rico
14425,Karina,Consumer,Caguas,PR,Puerto Rico
14423,Dacey,Consumer,Caguas,PR,Puerto Rico
13282,Jacqueline,Consumer,Caguas,PR,Puerto Rico
13156,Kirsten,Consumer,Caguas,PR,Puerto Rico
13007,Mechelle,Consumer,Caguas,PR,Puerto Rico
13861,Imogene,Consumer,Caguas,PR,Puerto Rico
14897,Lois,Consumer,Caguas,PR,Puerto Rico
13878,Ariel,Consumer,Caguas,PR,Puerto Rico
14804,Petra,Consumer,Caguas,PR,Puerto Rico
13803,Jane,Consumer,Caguas,PR,Puerto Rico
7689,Mary,Consumer,Caguas,PR,Puerto Rico
12808,Petra,Consumer,Caguas,PR,Puerto Rico
14921,Marny,Consumer,Caguas,PR,Puerto Rico
13974,Deanna,Consumer,Caguas,PR,Puerto Rico
14027,Carolyn,Consumer,Caguas,PR,Puerto Rico
14883,Beatrice,Consumer,Caguas,PR,Puerto Rico
13917,Nell,Consumer,Caguas,PR,Puerto Rico
14826,Isabella,Consumer,Caguas,PR,Puerto Rico
6519,Mary,Consumer,Caguas,PR,Puerto Rico
12664,Jolene,Consumer,Caguas,PR,Puerto Rico
12644,Bertha,Consumer,Bayamon,PR,Puerto Rico
12715,Suki,Consumer,Bayamon,PR,Puerto Rico
12886,Karly,Consumer,Caguas,PR,Puerto Rico
14954,Leigh,Consumer,Caguas,PR,Puerto Rico
14952,Evangeline,Consumer,Caguas,PR,Puerto Rico
14130,Roary,Consumer,Caguas,PR,Puerto Rico
13452,Oprah,Consumer,Caguas,PR,Puerto Rico
13308,Bertha,Consumer,Caguas,PR,Puerto Rico
14127,Sheila,Consumer,Caguas,PR,Puerto Rico
13487,Evangeline,Consumer,Caguas,PR,Puerto Rico
13449,Marny,Consumer,Caguas,PR,Puerto Rico
14408,Cally,Consumer,Caguas,PR,Puerto Rico
13322,Inga,Consumer,Caguas,PR,Puerto Rico
13303,Katell,Consumer,Caguas,PR,Puerto Rico
14658,Zephr,Consumer,Caguas,PR,Puerto Rico
13357,Anika,Consumer,Caguas,PR,Puerto Rico
14123,Ivana,Consumer,Caguas,PR,Puerto Rico
13500,Leslie,Consumer,Caguas,PR,Puerto Rico
14104,Fiona,Consumer,Caguas,PR,Puerto Rico
14283,Xyla,Consumer,Caguas,PR,Puerto Rico
13103,Adele,Consumer,Caguas,PR,Puerto Rico
14372,Myra,Consumer,Caguas,PR,Puerto Rico
13154,Farrah,Consumer,Caguas,PR,Puerto Rico
14454,Germane,Consumer,Caguas,PR,Puerto Rico
14452,Cassandra,Consumer,Caguas,PR,Puerto Rico
14060,Galena,Consumer,Caguas,PR,Puerto Rico
13915,Noelle,Consumer,Caguas,PR,Puerto Rico
13698,Cheyenne,Consumer,Caguas,PR,Puerto Rico
12797,Maya,Consumer,Caguas,PR,Puerto Rico
14750,Kaitlin,Consumer,Caguas,PR,Puerto Rico
13728,Petra,Consumer,Caguas,PR,Puerto Rico
14871,Martha,Consumer,Caguas,PR,Puerto Rico
14869,Fallon,Consumer,Caguas,PR,Puerto Rico
14011,Tatiana,Consumer,Caguas,PR,Puerto Rico
14867,Harriet,Consumer,Caguas,PR,Puerto Rico
12802,Tallulah,Consumer,Caguas,PR,Puerto Rico
13900,Avye,Consumer,Caguas,PR,Puerto Rico
12799,Pearl,Consumer,Caguas,PR,Puerto Rico
13952,Tashya,Consumer,Caguas,PR,Puerto Rico
14754,Jacqueline,Consumer,Caguas,PR,Puerto Rico
12449,Ruth,Consumer,Caguas,PR,Puerto Rico
12519,Signe,Consumer,Caguas,PR,Puerto Rico
12643,Carissa,Consumer,Caguas,PR,Puerto Rico
12455,Leigh,Consumer,Caguas,PR,Puerto Rico
12868,Rhonda,Consumer,Caguas,PR,Puerto Rico
15122,Alma,Consumer,Caguas,PR,Puerto Rico
14977,Mara,Consumer,Caguas,PR,Puerto Rico
15043,Yuri,Consumer,Caguas,PR,Puerto Rico
15131,Danielle,Consumer,Caguas,PR,Puerto Rico
12836,Kylie,Consumer,Caguas,PR,Puerto Rico
15072,Carolyn,Consumer,Caguas,PR,Puerto Rico
12834,Orli,Consumer,Caguas,PR,Puerto Rico
13417,Rowan,Consumer,Caguas,PR,Puerto Rico
14073,Venus,Consumer,Caguas,PR,Puerto Rico
13375,Gail,Consumer,Caguas,PR,Puerto Rico
14120,Maryam,Consumer,Caguas,PR,Puerto Rico
14858,Caryn,Consumer,San Juan,PR,Puerto Rico
14851,Kathleen,Consumer,Caguas,PR,Puerto Rico
14760,Chava,Consumer,Caguas,PR,Puerto Rico
13579,Selma,Consumer,Caguas,PR,Puerto Rico
13847,Adele,Consumer,Guaynabo,PR,Puerto Rico
14756,Jayme,Consumer,Caguas,PR,Puerto Rico
14937,Ivy,Consumer,Caguas,PR,Puerto Rico
14985,Quyn,Consumer,Caguas,PR,Puerto Rico
12888,Breanna,Consumer,Caguas,PR,Puerto Rico
593,Juan,Consumer,Caguas,PR,Puerto Rico
5380,Mary,Consumer,Caguas,PR,Puerto Rico
10714,Samuel,Consumer,Caguas,PR,Puerto Rico
2273,Jacob,Consumer,Caguas,PR,Puerto Rico
6712,Olivia,Consumer,Caguas,PR,Puerto Rico
4385,Mary,Consumer,Caguas,PR,Puerto Rico
4389,Heather,Consumer,Caguas,PR,Puerto Rico
18237,Penelope,Consumer,Caguas,PR,Puerto Rico
18212,Aphrodite,Consumer,Caguas,PR,Puerto Rico
18048,Kaye,Consumer,Caguas,PR,Puerto Rico
15730,Bo,Consumer,Caguas,PR,Puerto Rico
15910,Taylor,Consumer,Caguas,PR,Puerto Rico
17642,Leigh,Consumer,Caguas,PR,Puerto Rico
18467,Deanna,Consumer,Caguas,PR,Puerto Rico
15356,Giselle,Consumer,Caguas,PR,Puerto Rico
18666,Danielle,Consumer,Caguas,PR,Puerto Rico
18909,Rosalyn,Consumer,Caguas,PR,Puerto Rico
20290,Patience,Consumer,Caguas,PR,Puerto Rico
20324,Blossom,Consumer,Caguas,PR,Puerto Rico
19026,Leilani,Consumer,Caguas,PR,Puerto Rico
19795,Fiona,Consumer,Caguas,PR,Puerto Rico
18119,Shelley,Consumer,Caguas,PR,Puerto Rico
18063,Kyra,Consumer,Caguas,PR,Puerto Rico
18045,Miranda,Consumer,Rio Grande,PR,Puerto Rico
18197,Carolyn,Consumer,Caguas,PR,Puerto Rico
16394,Kay,Consumer,Caguas,PR,Puerto Rico
16528,Rhoda,Consumer,Caguas,PR,Puerto Rico
15790,Patience,Consumer,Caguas,PR,Puerto Rico
18804,Maile,Consumer,Caguas,PR,Puerto Rico
15691,Kirsten,Consumer,Caguas,PR,Puerto Rico
18739,Veronica,Consumer,Caguas,PR,Puerto Rico
16076,Deborah,Consumer,Caguas,PR,Puerto Rico
17291,Reagan,Consumer,Aguadilla,PR,Puerto Rico
20695,Ivory,Consumer,Caguas,PR,Puerto Rico
20605,Priscilla,Consumer,Caguas,PR,Puerto Rico
16090,Evelyn,Consumer,Caguas,PR,Puerto Rico
20640,Ainsley,Consumer,Caguas,PR,Puerto Rico
18875,Adele,Consumer,Caguas,PR,Puerto Rico
20603,Constance,Consumer,Caguas,PR,Puerto Rico
18475,Yoshi,Consumer,Caguas,PR,Puerto Rico
17447,Germane,Consumer,Caguas,PR,Puerto Rico
17371,Linda,Consumer,Caguas,PR,Puerto Rico
18469,Kelsey,Consumer,Caguas,PR,Puerto Rico
18376,Rowan,Consumer,Arecibo,PR,Puerto Rico
18339,Kylynn,Consumer,Caguas,PR,Puerto Rico
18017,Shelby,Consumer,Caguas,PR,Puerto Rico
17926,Mechelle,Consumer,Caguas,PR,Puerto Rico
18664,Sonya,Consumer,Caguas,PR,Puerto Rico
15376,Rowan,Consumer,Caguas,PR,Puerto Rico
18735,Joelle,Consumer,Caguas,PR,Puerto Rico
15320,Shaeleigh,Consumer,Caguas,PR,Puerto Rico
15298,Shoshana,Consumer,Caguas,PR,Puerto Rico
15657,Jena,Consumer,Caguas,PR,Puerto Rico
15495,Amena,Consumer,Caguas,PR,Puerto Rico
15543,Leila,Consumer,Caguas,PR,Puerto Rico
18668,Lilah,Consumer,Caguas,PR,Puerto Rico
15415,Blaine,Consumer,Caguas,PR,Puerto Rico
15343,Beatrice,Consumer,Caguas,PR,Puerto Rico
17548,Deanna,Consumer,Caguas,PR,Puerto Rico
20314,Heather,Consumer,Caguas,PR,Puerto Rico
16293,Chantale,Consumer,Caguas,PR,Puerto Rico
17224,Jaquelyn,Consumer,Caguas,PR,Puerto Rico
17834,Morgan,Consumer,Caguas,PR,Puerto Rico
19878,Sydney,Consumer,Caguas,PR,Puerto Rico
20256,Charissa,Consumer,Caguas,PR,Puerto Rico
17222,Hope,Consumer,Caguas,PR,Puerto Rico
16308,Yvette,Consumer,Caguas,PR,Puerto Rico
19769,Mollie,Consumer,Caguas,PR,Puerto Rico
20326,Anika,Consumer,Caguas,PR,Puerto Rico
19894,Ginger,Consumer,Caguas,PR,Puerto Rico
20020,Carolyn,Consumer,Caguas,PR,Puerto Rico
16270,Katell,Consumer,Caguas,PR,Puerto Rico
17794,Cheryl,Consumer,Caguas,PR,Puerto Rico
20361,Ria,Consumer,Caguas,PR,Puerto Rico
20270,Leigh,Consumer,Caguas,PR,Puerto Rico
19028,Hedy,Consumer,Caguas,PR,Puerto Rico
16195,Ivory,Consumer,Caguas,PR,Puerto Rico
16159,Riley,Consumer,Humacao,PR,Puerto Rico
20159,Mikayla,Consumer,Caguas,PR,Puerto Rico
18600,Susan,Consumer,Caguas,PR,Puerto Rico
15274,Quyn,Consumer,Caguas,PR,Puerto Rico
20015,Justina,Consumer,Caguas,PR,Puerto Rico
17088,Ria,Consumer,Caguas,PR,Puerto Rico
19887,Caryn,Consumer,Caguas,PR,Puerto Rico
16263,Kelsie,Consumer,Caguas,PR,Puerto Rico
20120,Sheila,Consumer,Caguas,PR,Puerto Rico
18897,Vivien,Consumer,Caguas,PR,Puerto Rico
20209,Indira,Consumer,Caguas,PR,Puerto Rico
18209,Kylynn,Consumer,Caguas,PR,Puerto Rico
18204,Veronica,Consumer,Caguas,PR,Puerto Rico
18075,Faith,Consumer,Caguas,PR,Puerto Rico
16430,Pascale,Consumer,Caguas,PR,Puerto Rico
19231,Madeson,Consumer,Caguas,PR,Puerto Rico
19227,Kirsten,Consumer,Caguas,PR,Puerto Rico
19260,Jaquelyn,Consumer,Caguas,PR,Puerto Rico
16584,Zelda,Consumer,Caguas,PR,Puerto Rico
19234,Blair,Consumer,Caguas,PR,Puerto Rico
15898,Emma,Consumer,Caguas,PR,Puerto Rico
15750,Yoko,Consumer,Caguas,PR,Puerto Rico
18814,Dawn,Consumer,Caguas,PR,Puerto Rico
18516,Katell,Consumer,Caguas,PR,Puerto Rico
17272,Farrah,Consumer,Caguas,PR,Puerto Rico
17469,Rhoda,Consumer,Caguas,PR,Puerto Rico
18371,Ariel,Consumer,Caguas,PR,Puerto Rico
18351,Martina,Consumer,Caguas,PR,Puerto Rico
20530,Sydnee,Consumer,Caguas,PR,Puerto Rico
20404,Jennifer,Consumer,Caguas,PR,Puerto Rico
20656,Cally,Consumer,Caguas,PR,Puerto Rico
20745,Maggie,Consumer,Caguas,PR,Puerto Rico
20528,Tatiana,Consumer,Caguas,PR,Puerto Rico
20654,Ann,Consumer,Caguas,PR,Puerto Rico
17694,Cynthia,Consumer,Caguas,PR,Puerto Rico
18887,Tatiana,Consumer,Caguas,PR,Puerto Rico
16084,Calista,Consumer,Caguas,PR,Puerto Rico
17914,Marny,Consumer,Caguas,PR,Puerto Rico
18290,Nita,Consumer,Caguas,PR,Puerto Rico
17985,Quyn,Consumer,Caguas,PR,Puerto Rico
20434,Lucy,Consumer,Caguas,PR,Puerto Rico
17727,Deborah,Consumer,Caguas,PR,Puerto Rico
16027,Evangeline,Consumer,Caguas,PR,Puerto Rico
17475,Naida,Consumer,Caguas,PR,Puerto Rico
17259,Nayda,Consumer,Caguas,PR,Puerto Rico
17456,Irene,Consumer,Caguas,PR,Puerto Rico
15989,Giselle,Consumer,Caguas,PR,Puerto Rico
16078,Carol,Consumer,Caguas,PR,Puerto Rico
20753,Chava,Consumer,Caguas,PR,Puerto Rico
15647,Pandora,Consumer,Caguas,PR,Puerto Rico
18718,Jenette,Consumer,Caguas,PR,Puerto Rico
15555,Minerva,Consumer,Caguas,PR,Puerto Rico
15627,Cassandra,Consumer,Caguas,PR,Puerto Rico
15605,Mikayla,Consumer,Caguas,PR,Puerto Rico
15388,Kaitlin,Consumer,Caguas,PR,Puerto Rico
15315,Imani,Consumer,Caguas,PR,Puerto Rico
15382,Ori,Consumer,Caguas,PR,Puerto Rico
15632,Laurel,Consumer,Caguas,PR,Puerto Rico
15451,Yvette,Consumer,Rio Grande,PR,Puerto Rico
15360,Camille,Consumer,Caguas,PR,Puerto Rico
17540,Winifred,Consumer,Caguas,PR,Puerto Rico
17568,Adele,Consumer,Caguas,PR,Puerto Rico
17604,Shafira,Consumer,Caguas,PR,Puerto Rico
16151,Zephr,Consumer,Caguas,PR,Puerto Rico
17190,Maia,Consumer,Caguas,PR,Puerto Rico
17765,Remedios,Consumer,Caguas,PR,Puerto Rico
15176,Zephr,Consumer,Caguas,PR,Puerto Rico
17099,Phyllis,Consumer,Caguas,PR,Puerto Rico
16167,Illana,Consumer,Caguas,PR,Puerto Rico
17241,Zoe,Consumer,Caguas,PR,Puerto Rico
15282,Simone,Consumer,Caguas,PR,Puerto Rico
15246,Jeanette,Consumer,Caguas,PR,Puerto Rico
16201,Sybil,Consumer,Caguas,PR,Puerto Rico
18960,Basia,Consumer,Caguas,PR,Puerto Rico
18924,Lois,Consumer,Caguas,PR,Puerto Rico
18570,Dominique,Consumer,Caguas,PR,Puerto Rico
16376,Beatrice,Consumer,Caguas,PR,Puerto Rico
19909,Idona,Consumer,Caguas,PR,Puerto Rico
20268,Cora,Consumer,Caguas,PR,Puerto Rico
20340,Hermione,Consumer,Caguas,PR,Puerto Rico
17252,Kimberly,Consumer,Caguas,PR,Puerto Rico
17233,Madonna,Consumer,Caguas,PR,Puerto Rico
18934,Anjolie,Consumer,Caguas,PR,Puerto Rico
17231,Kaitlin,Consumer,Caguas,PR,Puerto Rico
19005,Lillian,Consumer,Caguas,PR,Puerto Rico
17158,Karleigh,Consumer,Caguas,PR,Puerto Rico
17211,Minerva,Consumer,Caguas,PR,Puerto Rico
19885,Charity,Consumer,Caguas,PR,Puerto Rico
18541,Shellie,Consumer,Caguas,PR,Puerto Rico
15179,Mariko,Consumer,Caguas,PR,Puerto Rico
18232,Christine,Consumer,Caguas,PR,Puerto Rico
18838,Cassandra,Consumer,Caguas,PR,Puerto Rico
20642,Leigh,Consumer,Caguas,PR,Puerto Rico
18369,Kellie,Consumer,Caguas,PR,Puerto Rico
17690,Brenna,Consumer,Caguas,PR,Puerto Rico
15409,Lillian,Consumer,Caguas,PR,Puerto Rico
15636,Jessica,Consumer,Caguas,PR,Puerto Rico
17624,Calista,Consumer,Guaynabo,PR,Puerto Rico
17620,Lysandra,Consumer,Caguas,PR,Puerto Rico
17561,Genevieve,Consumer,Caguas,PR,Puerto Rico
16188,Haviva,Consumer,Caguas,PR,Puerto Rico
15263,Zelda,Consumer,Caguas,PR,Puerto Rico
18957,Felicia,Consumer,Caguas,PR,Puerto Rico
20161,Piper,Consumer,Caguas,PR,Puerto Rico
20106,Rinah,Consumer,Caguas,PR,Puerto Rico
7494,Rebecca,Consumer,Caguas,PR,Puerto Rico
832,Mary,Consumer,Caguas,PR,Puerto Rico
5258,Mary,Consumer,Caguas,PR,Puerto Rico
1319,Angela,Consumer,Caguas,PR,Puerto Rico
668,Phillip,Home Office,Peoria,AZ,EE. UU.
8783,Eric,Home Office,Buena Park,CA,EE. UU.
12506,Melinda,Home Office,Los Angeles,CA,EE. UU.
12467,Regan,Home Office,Albuquerque,NM,EE. UU.
12725,Maia,Home Office,Morristown,NJ,EE. UU.
12617,Patricia,Home Office,Irwin,PA,EE. UU.
12507,Jena,Home Office,Philadelphia,PA,EE. UU.
12867,Morgan,Home Office,Columbus,OH,EE. UU.
15049,Jael,Home Office,Chicago,IL,EE. UU.
12914,Yoshi,Home Office,Plainfield,IL,EE. UU.
12877,Eliana,Home Office,Brooklyn,NY,EE. UU.
12925,Dakota,Home Office,Portland,OR,EE. UU.
15053,Rhoda,Home Office,Santa Ana,CA,EE. UU.
14532,Minerva,Home Office,Bronx,NY,EE. UU.
14492,Harriet,Home Office,Chicago Heights,IL,EE. UU.
14654,Zenaida,Home Office,Escondido,CA,EE. UU.
13100,Britanni,Home Office,Holland,MI,EE. UU.
13333,Josephine,Home Office,Aurora,IL,EE. UU.
14735,Hedda,Home Office,Phoenix,AZ,EE. UU.
14821,Pascale,Home Office,Costa Mesa,CA,EE. UU.
13864,Lacota,Home Office,Frankfort,KY,EE. UU.
13898,Irma,Home Office,Los Angeles,CA,EE. UU.
12740,Maya,Home Office,New Haven,CT,EE. UU.
12678,Katelyn,Home Office,Mililani,HI,EE. UU.
12615,Audrey,Home Office,Los Angeles,CA,EE. UU.
3588,Sharon,Home Office,La Mesa,CA,EE. UU.
10054,Zachary,Home Office,Chicago,IL,EE. UU.
12395,Mary,Home Office,Provo,UT,EE. UU.
2280,Mary,Home Office,Portland,OR,EE. UU.
7592,Mary,Home Office,Detroit,MI,EE. UU.
3777,Mary,Home Office,Los Angeles,CA,EE. UU.
7264,Mary,Home Office,Fresno,CA,EE. UU.
6091,Alan,Home Office,Massillon,OH,EE. UU.
8223,Mary,Home Office,Warren,MI,EE. UU.
11994,Crystal,Home Office,Madison,WI,EE. UU.
18198,Kylynn,Home Office,Chicago,IL,EE. UU.
18178,Darryl,Home Office,Lynwood,CA,EE. UU.
19251,Martena,Home Office,Los Angeles,CA,EE. UU.
19107,Jolie,Home Office,Los Angeles,CA,EE. UU.
16575,Faith,Home Office,Antioch,CA,EE. UU.
16521,Eleanor,Home Office,Panorama City,CA,EE. UU.
16610,Maggie,Home Office,San Francisco,CA,EE. UU.
19172,Jessica,Home Office,Wheaton,IL,EE. UU.
15751,Shelley,Home Office,Woodbridge,VA,EE. UU.
18859,Madeline,Home Office,El Paso,TX,EE. UU.
18803,Vivien,Home Office,Tempe,AZ,EE. UU.
18802,Mariam,Home Office,Brooklyn,NY,EE. UU.
15800,Demetria,Home Office,Martinez,CA,EE. UU.
15852,Katelyn,Home Office,Houston,TX,EE. UU.
15723,Abra,Home Office,Kailua,HI,EE. UU.
1683,Christopher,Home Office,Dallas,TX,EE. UU.
4287,Stephen,Home Office,Bakersfield,CA,EE. UU.
20392,Patience,Home Office,Sylmar,CA,EE. UU.
17363,Chloe,Home Office,Malden,MA,EE. UU.
17345,Summer,Home Office,Weslaco,TX,EE. UU.
2432,Mary,Home Office,Albuquerque,NM,EE. UU.
18368,Lisandra,Home Office,Taunton,MA,EE. UU.
15963,Zelda,Home Office,Hesperia,CA,EE. UU.
16071,Ocean,Home Office,San Jose,CA,EE. UU.
20620,Lysandra,Home Office,Bristol,CT,EE. UU.
18383,Karleigh,Home Office,Lynn,MA,EE. UU.
18310,Margaret,Home Office,Pawtucket,RI,EE. UU.
20437,Kellie,Home Office,Chesapeake,VA,EE. UU.
18309,Karleigh,Home Office,Bronx,NY,EE. UU.
20724,Eden,Home Office,Waukegan,IL,EE. UU.
17280,Alma,Home Office,New York,NY,EE. UU.
16046,Willa,Home Office,Stafford,VA,EE. UU.
17279,Yvette,Home Office,Los Angeles,CA,EE. UU.
20668,Xena,Home Office,Warren,MI,EE. UU.
20505,Dahlia,Home Office,Philadelphia,PA,EE. UU.
20666,Desiree,Home Office,El Paso,TX,EE. UU.
17744,Hyacinth,Home Office,Gilroy,CA,EE. UU.
20630,Myra,Home Office,Los Angeles,CA,EE. UU.
17474,Quin,Home Office,Moline,IL,EE. UU.
20502,Carissa,Home Office,Las Vegas,NV,EE. UU.
17945,Odette,Home Office,Mission Viejo,CA,EE. UU.
18016,Kevyn,Home Office,Chicago,IL,EE. UU.
15557,Leandra,Home Office,Los Angeles,CA,EE. UU.
18661,Carol,Home Office,Laredo,TX,EE. UU.
15480,Imogene,Home Office,Colorado Springs,CO,EE. UU.
15406,Shellie,Home Office,Brownsville,TX,EE. UU.
18712,Fiona,Home Office,Philadelphia,PA,EE. UU.
15313,Madeson,Home Office,Toms River,NJ,EE. UU.
15385,Sheila,Home Office,Philadelphia,PA,EE. UU.
15492,Hedy,Home Office,Philadelphia,PA,EE. UU.
18667,Gisela,Home Office,Bronx,NY,EE. UU.
9959,Jerry,Home Office,Opelousas,LA,EE. UU.
8561,Mary,Home Office,Tucson,AZ,EE. UU.
17539,Fay,Home Office,Tampa,FL,EE. UU.
17615,Mary,Home Office,Brooklyn,NY,EE. UU.
18540,Delilah,Home Office,San Jose,CA,EE. UU.
19973,Teegan,Home Office,San Ramon,CA,EE. UU.
16187,Charlotte,Home Office,Jersey City,NJ,EE. UU.
19828,Blythe,Home Office,West Covina,CA,EE. UU.
17100,Iola,Home Office,La Crosse,WI,EE. UU.
17764,Mona,Home Office,Valrico,FL,EE. UU.
15230,Shana,Home Office,Pittsburg,CA,EE. UU.
16095,Stella,Home Office,Philadelphia,PA,EE. UU.
20203,Libby,Home Office,Santa Fe,NM,EE. UU.
17869,Anastasia,Home Office,Stockbridge,GA,EE. UU.
20003,Kalia,Home Office,Asheboro,NC,EE. UU.
16307,Zia,Home Office,Joliet,IL,EE. UU.
18923,Kaitlin,Home Office,Los Angeles,CA,EE. UU.
16217,Emily,Home Office,Hamtramck,MI,EE. UU.
18532,Quintessa,Home Office,Antioch,CA,EE. UU.
18975,Britanney,Home Office,Portland,OR,EE. UU.
19982,Kai,Home Office,Porterville,CA,EE. UU.
15205,Madeline,Home Office,Honolulu,HI,EE. UU.
19910,Victoria,Home Office,San Antonio,TX,EE. UU.
20252,Kimberly,Home Office,Chula Vista,CA,EE. UU.
16142,Leigh,Home Office,Columbus,OH,EE. UU.
17217,Roanna,Home Office,Westminster,CA,EE. UU.
20341,Denise,Home Office,San Diego,CA,EE. UU.
19872,Xerxes,Home Office,Chicago,IL,EE. UU.
19871,Linda,Home Office,Chicago,IL,EE. UU.
16140,Ainsley,Home Office,Chandler,AZ,EE. UU.
19008,Teegan,Home Office,Walnut,CA,EE. UU.
17197,Karina,Home Office,Los Angeles,CA,EE. UU.
17771,Chelsea,Home Office,Long Beach,CA,EE. UU.
16283,Evelyn,Home Office,Columbia,MO,EE. UU.
17106,Rinah,Home Office,Hamilton,OH,EE. UU.
16102,Basia,Home Office,Princeton,NJ,EE. UU.
20247,Nayda,Home Office,Roswell,NM,EE. UU.
19869,Geraldine,Home Office,Wayne,NJ,EE. UU.
19923,Blythe,Home Office,San Antonio,TX,EE. UU.
15164,Victoria,Home Office,Miami,FL,EE. UU.
17769,Kitra,Home Office,Crystal Lake,IL,EE. UU.
16245,Maggie,Home Office,Lakewood,NJ,EE. UU.
18969,Zenia,Home Office,North Las Vegas,NV,EE. UU.
16227,Deborah,Home Office,Levittown,NY,EE. UU.
17140,Emerald,Home Office,Fullerton,CA,EE. UU.
18968,Paloma,Home Office,Albuquerque,NM,EE. UU.
17193,Abra,Home Office,Irving,TX,EE. UU.
20208,Christen,Home Office,Pomona,CA,EE. UU.
16598,Iola,Home Office,Brooklyn,NY,EE. UU.
15855,Aimee,Home Office,Flushing,NY,EE. UU.
18817,Simone,Home Office,Columbia,MO,EE. UU.
20583,Sydney,Home Office,Cypress,CA,EE. UU.
18382,Ori,Home Office,Chicago,IL,EE. UU.
17401,Cally,Home Office,Baytown,TX,EE. UU.
15327,Joan,Home Office,Lake Forest,CA,EE. UU.
17617,Lacota,Home Office,Bensalem,PA,EE. UU.
20206,Alexa,Home Office,Orange Park,FL,EE. UU.
17873,Idona,Home Office,Sugar Land,TX,EE. UU.
17763,Kelsie,Home Office,Chicago,IL,EE. UU.
17169,Portia,Home Office,Los Angeles,CA,EE. UU.
20183,Xyla,Home Office,Brooklyn,NY,EE. UU.
17216,Kelsie,Home Office,Los Angeles,CA,EE. UU.
19907,Lydia,Home Office,Carmichael,CA,EE. UU.
78,Jeremy,Home Office,Parkville,MD,EE. UU.
12078,Mary,Home Office,Moline,IL,EE. UU.
8945,Edward,Home Office,San Jose,CA,EE. UU.
1287,Mary,Home Office,Methuen,MA,EE. UU.
2226,Jonathan,Home Office,Phoenix,AZ,EE. UU.
14683,Lacy,Home Office,Laredo,TX,EE. UU.
13219,Gillian,Home Office,Broomfield,CO,EE. UU.
13146,Astra,Home Office,Seattle,WA,EE. UU.
13272,Germaine,Home Office,Dearborn,MI,EE. UU.
13290,Cally,Home Office,Del Rio,TX,EE. UU.
14497,Mallory,Home Office,Memphis,TN,EE. UU.
14407,Wynter,Home Office,Seattle,WA,EE. UU.
13211,Lacy,Home Office,College Station,TX,EE. UU.
14920,Kim,Home Office,Apex,NC,EE. UU.
14043,Quintessa,Home Office,Piscataway,NJ,EE. UU.
14845,Faith,Home Office,Chicago,IL,EE. UU.
12465,September,Home Office,Fort Worth,TX,EE. UU.
12462,Haley,Home Office,Glenview,IL,EE. UU.
12478,Jemima,Home Office,Duluth,GA,EE. UU.
9983,Jason,Home Office,North Hollywood,CA,EE. UU.
20493,Basia,Home Office,Modesto,CA,EE. UU.
15424,Callie,Home Office,Folsom,CA,EE. UU.
19015,Imogene,Home Office,Chillicothe,OH,EE. UU.
17895,Remedios,Home Office,Wichita,KS,EE. UU.
16498,Violet,Home Office,Oceanside,CA,EE. UU.
19127,September,Home Office,Aurora,CO,EE. UU.
15749,Olympia,Home Office,Ballwin,MO,EE. UU.
20587,Darryl,Home Office,Milford,CT,EE. UU.
17735,Marah,Home Office,Hanover,PA,EE. UU.
17355,Aimee,Home Office,Antioch,CA,EE. UU.
15977,Quincy,Home Office,Atlanta,GA,EE. UU.
18679,Moana,Home Office,Union City,CA,EE. UU.
15403,Wynter,Home Office,Hollywood,FL,EE. UU.
18690,Ruth,Home Office,Del Rio,TX,EE. UU.
17543,Rachel,Home Office,Philadelphia,PA,EE. UU.
17850,Imani,Home Office,Chicago,IL,EE. UU.
19010,Yoshi,Home Office,Winnetka,CA,EE. UU.
19817,Gloria,Home Office,Dubuque,IA,EE. UU.
20032,Karleigh,Home Office,Austin,TX,EE. UU.
19905,Anastasia,Home Office,San Antonio,TX,EE. UU.
20082,Patricia,Home Office,Newark,NJ,EE. UU.
8131,Thomas,Home Office,Massapequa,NY,EE. UU.
6124,William,Home Office,Houston,TX,EE. UU.
19274,Violet,Home Office,Glendale,AZ,EE. UU.
16470,Clau,Home Office,Fontana,CA,EE. UU.
17708,Cassady,Home Office,Simi Valley,CA,EE. UU.
18863,Dakota,Home Office,Greeley,CO,EE. UU.
20009,Jordan,Home Office,Brooklyn,NY,EE. UU.
16381,Abra,Home Office,Portland,OR,EE. UU.
17200,Octavia,Home Office,Troy,MI,EE. UU.
17199,Robin,Home Office,San Marcos,CA,EE. UU.
20334,Xerxes,Home Office,Dallas,TX,EE. UU.
14558,Alma,Home Office,Victorville,CA,EE. UU.
12966,Quail,Home Office,Newark,NJ,EE. UU.
13047,September,Home Office,El Cajon,CA,EE. UU.
14353,Kitra,Home Office,Moreno Valley,CA,EE. UU.
14668,Lani,Home Office,Louisville,KY,EE. UU.
14771,Mona,Home Office,Riverside,CA,EE. UU.
13894,Amelia,Home Office,Philadelphia,PA,EE. UU.
14906,Amela,Home Office,Los Angeles,CA,EE. UU.
12612,Candice,Home Office,Dundalk,MD,EE. UU.
12476,Quyn,Home Office,Long Beach,CA,EE. UU.
12902,Emi,Home Office,Bronx,NY,EE. UU.
19819,Evelyn,Home Office,Columbus,OH,EE. UU.
18187,Azalia,Home Office,West Jordan,UT,EE. UU.
18184,Dahlia,Home Office,Chicago,IL,EE. UU.
16443,Rebecca,Home Office,Murfreesboro,TN,EE. UU.
16442,Destiny,Home Office,Clementon,NJ,EE. UU.
16565,Susan,Home Office,Brooklyn,NY,EE. UU.
16527,Fredericka,Home Office,New York,NY,EE. UU.
18776,Sybil,Home Office,Kent,WA,EE. UU.
15774,Debra,Home Office,Taunton,MA,EE. UU.
20518,Kirby,Home Office,Los Angeles,CA,EE. UU.
17739,Frances,Home Office,New York,NY,EE. UU.
15930,Hannah,Home Office,Montebello,CA,EE. UU.
20569,Jillian,Home Office,Jackson Heights,NY,EE. UU.
20387,Inez,Home Office,Santee,CA,EE. UU.
15979,Selma,Home Office,Reseda,CA,EE. UU.
17929,Le,Home Office,Honolulu,HI,EE. UU.
15310,Margaret,Home Office,Los Angeles,CA,EE. UU.
17838,Faith,Home Office,Memphis,TN,EE. UU.
16185,Iona,Home Office,San Bernardino,CA,EE. UU.
16131,Shaine,Home Office,Portland,OR,EE. UU.
19860,Ori,Home Office,South Ozone Park,NY,EE. UU.
18624,Gemma,Home Office,Pomona,CA,EE. UU.
19821,Cassandra,Home Office,Chicago,IL,EE. UU.
20251,Shelley,Home Office,Houston,TX,EE. UU.
16105,Priscilla,Home Office,San Bernardino,CA,EE. UU.
17161,Piper,Home Office,Annandale,VA,EE. UU.
18932,Rebecca,Home Office,Oceanside,CA,EE. UU.
20118,Megan,Home Office,Dayton,OH,EE. UU.
10465,Cynthia,Home Office,San Diego,CA,EE. UU.
13030,Cora,Home Office,Lynnwood,WA,EE. UU.
12677,Aileen,Home Office,Hamilton,OH,EE. UU.
15051,Diana,Home Office,Garden Grove,CA,EE. UU.
12985,Erica,Home Office,Sugar Land,TX,EE. UU.
14290,Kelsie,Home Office,Folsom,CA,EE. UU.
14397,Dakota,Home Office,Cleveland,OH,EE. UU.
14375,Tana,Home Office,Tracy,CA,EE. UU.
13336,Quin,Home Office,Holland,MI,EE. UU.
14174,TaShya,Home Office,Detroit,MI,EE. UU.
14335,Jayme,Home Office,Norfolk,VA,EE. UU.
14689,Cleo,Home Office,Memphis,TN,EE. UU.
14206,Robin,Home Office,Philadelphia,PA,EE. UU.
13169,Heidi,Home Office,Amarillo,TX,EE. UU.
13717,Paloma,Home Office,Modesto,CA,EE. UU.
14716,Willow,Home Office,Portland,OR,EE. UU.
14021,Martina,Home Office,Dubuque,IA,EE. UU.
14019,Lynn,Home Office,Sugar Land,TX,EE. UU.
13851,Angelica,Home Office,Long Beach,CA,EE. UU.
13923,Camilla,Home Office,Virginia Beach,VA,EE. UU.
13616,Meghan,Home Office,Wyandotte,MI,EE. UU.
13614,Ila,Home Office,Hialeah,FL,EE. UU.
14901,Kay,Home Office,Diamond Bar,CA,EE. UU.
13630,Sylvia,Home Office,Riverside,CA,EE. UU.
14008,Quyn,Home Office,Yuma,AZ,EE. UU.
12734,Robin,Home Office,Chicago,IL,EE. UU.
12514,Destiny,Home Office,Parkville,MD,EE. UU.
12710,Blythe,Home Office,San Antonio,TX,EE. UU.
12673,Audrey,Home Office,San Jose,CA,EE. UU.
12489,Kevyn,Home Office,Roswell,GA,EE. UU.
12938,Mara,Home Office,South Richmond Hill,NY,EE. UU.
15047,Dora,Home Office,South Richmond Hill,NY,EE. UU.
15062,Sara,Home Office,Oceanside,CA,EE. UU.
12876,Denise,Home Office,Brooklyn,NY,EE. UU.
12869,Xerxes,Home Office,Las Vegas,NV,EE. UU.
3108,Mary,Home Office,Houston,TX,EE. UU.
18056,Kimberley,Home Office,Augusta,GA,EE. UU.
18015,Grace,Home Office,Hampton,VA,EE. UU.
20498,Tamara,Home Office,La Mesa,CA,EE. UU.
20388,Kylynn,Home Office,Dearborn,MI,EE. UU.
20521,Alyssa,Home Office,Bakersfield,CA,EE. UU.
19838,Meredith,Home Office,Santa Cruz,CA,EE. UU.
20342,Eliana,Home Office,Honolulu,HI,EE. UU.
17898,Christine,Home Office,Atlanta,GA,EE. UU.
18208,Hedy,Home Office,Middletown,OH,EE. UU.
18136,Alexis,Home Office,Las Cruces,NM,EE. UU.
18099,Josephine,Home Office,Elk Grove,CA,EE. UU.
18035,Sloane,Home Office,San Diego,CA,EE. UU.
17901,Nola,Home Office,Marietta,GA,EE. UU.
19123,Stephanie,Home Office,Brockton,MA,EE. UU.
16552,Lee,Home Office,Elgin,IL,EE. UU.
16623,Blair,Home Office,Augusta,GA,EE. UU.
16533,Quin,Home Office,Aurora,CO,EE. UU.
16586,Nadine,Home Office,Madera,CA,EE. UU.
19208,Veronica,Home Office,Miami,FL,EE. UU.
19170,Carolyn,Home Office,Hamilton,OH,EE. UU.
16422,Ora,Home Office,Ewa Beach,HI,EE. UU.
19096,Chantale,Home Office,Bronx,NY,EE. UU.
19042,Desiree,Home Office,Roswell,GA,EE. UU.
16491,Rhoda,Home Office,Levittown,NY,EE. UU.
19252,Kelsie,Home Office,Beloit,WI,EE. UU.
18836,Whitney,Home Office,Upland,CA,EE. UU.
15851,Karly,Home Office,Daly City,CA,EE. UU.
15725,Imani,Home Office,Rialto,CA,EE. UU.
15901,Cally,Home Office,Santa Clara,CA,EE. UU.
17488,Clio,Home Office,Honolulu,HI,EE. UU.
17289,Amena,Home Office,Bronx,NY,EE. UU.
20585,Yolanda,Home Office,Miami,FL,EE. UU.
18366,Carla,Home Office,Brooklyn,NY,EE. UU.
20619,Farrah,Home Office,Littleton,CO,EE. UU.
20439,Huff,Home Office,Reseda,CA,EE. UU.
17732,Jenette,Home Office,Honolulu,HI,EE. UU.
17731,Lee,Home Office,Elyria,OH,EE. UU.
17426,Joan,Home Office,Phoenix,AZ,EE. UU.
18507,Mary,Home Office,Wheeling,WV,EE. UU.
20598,Winifred,Home Office,San Antonio,TX,EE. UU.
18379,Charissa,Home Office,San Diego,CA,EE. UU.
18505,Courtney,Home Office,Augusta,GA,EE. UU.
16045,Mara,Home Office,Hollywood,FL,EE. UU.
20504,Azalia,Home Office,Hesperia,CA,EE. UU.
16007,Ima,Home Office,Harlingen,TX,EE. UU.
17706,Belle,Home Office,Bensalem,PA,EE. UU.
17346,Kitra,Home Office,West Orange,NJ,EE. UU.
15556,Summer,Home Office,Denver,CO,EE. UU.
15465,Serina,Home Office,Winnetka,CA,EE. UU.
15429,Aspen,Home Office,Atlanta,GA,EE. UU.
18658,Blair,Home Office,Elgin,IL,EE. UU.
18724,Lydia,Home Office,Dearborn,MI,EE. UU.
15558,Hadassah,Home Office,Augusta,GA,EE. UU.
16098,Winifred,Home Office,Troy,NY,EE. UU.
17065,Rosalyn,Home Office,Lockport,NY,EE. UU.
17874,Victoria,Home Office,Greenville,NC,EE. UU.
18612,Reagan,Home Office,New York,NY,EE. UU.
19883,Aimee,Home Office,Tempe,AZ,EE. UU.
15231,Keiko,Home Office,Salinas,CA,EE. UU.
16096,Mira,Home Office,Del Rio,TX,EE. UU.
17800,Felicia,Home Office,Fremont,CA,EE. UU.
16094,Signe,Home Office,Huntington Beach,CA,EE. UU.
20184,Faith,Home Office,Grand Prairie,TX,EE. UU.
16272,Madeline,Home Office,Chesapeake,VA,EE. UU.
15208,Hedy,Home Office,San Bernardino,CA,EE. UU.
15279,Dawn,Home Office,Sugar Land,TX,EE. UU.
19912,Beatty,Home Office,Summerville,SC,EE. UU.
17148,Allegra,Home Office,Lakewood,NJ,EE. UU.
16144,Ila,Home Office,Westerville,OH,EE. UU.
15206,Mallory,Home Office,Fremont,CA,EE. UU.
16162,Brenna,Home Office,Simi Valley,CA,EE. UU.
17866,Hillary,Home Office,Chapel Hill,NC,EE. UU.
20234,Mary,Home Office,Salinas,CA,EE. UU.
16305,Ignacia,Home Office,Los Angeles,CA,EE. UU.
19856,Xerxes,Home Office,New Haven,CT,EE. UU.
16286,Belle,Home Office,El Paso,TX,EE. UU.
18920,Sheila,Home Office,Aurora,CO,EE. UU.
16196,Brianna,Home Office,Pico Rivera,CA,EE. UU.
18918,Karleigh,Home Office,Miami,FL,EE. UU.
20033,Maxine,Home Office,Los Angeles,CA,EE. UU.
20087,Stephanie,Home Office,Bronx,NY,EE. UU.
16157,Audrey,Home Office,Mount Pleasant,MI,EE. UU.
16228,Hedda,Home Office,Garden Grove,CA,EE. UU.
17105,Mikayla,Home Office,Lansdale,PA,EE. UU.
16226,Quon,Home Office,Powder Springs,GA,EE. UU.
19776,Aphrodite,Home Office,Wheeling,WV,EE. UU.
17785,Cassandra,Home Office,Longmont,CO,EE. UU.
17138,Audrey,Home Office,Elgin,IL,EE. UU.
20226,Cecilia,Home Office,Morrisville,PA,EE. UU.
2178,Martha,Home Office,Grove City,OH,EE. UU.
2849,Rebecca,Home Office,Houston,TX,EE. UU.
14945,Odette,Home Office,Tampa,FL,EE. UU.
13327,Blythe,Home Office,Beaverton,OR,EE. UU.
13545,Hanna,Home Office,Marrero,LA,EE. UU.
12556,Basia,Home Office,Bronx,NY,EE. UU.
12474,Amela,Home Office,Opelousas,LA,EE. UU.
15055,Eve,Home Office,Warren,MI,EE. UU.
13434,Amela,Home Office,Anaheim,CA,EE. UU.
13218,Rhoda,Home Office,Dallas,TX,EE. UU.
14571,Sade,Home Office,El Centro,CA,EE. UU.
14394,Inez,Home Office,Lancaster,PA,EE. UU.
13372,Ainsley,Home Office,Winnetka,CA,EE. UU.
13942,Scarlett,Home Office,Hagerstown,MD,EE. UU.
13941,Zenia,Home Office,Santa Ana,CA,EE. UU.
14044,India,Home Office,Fort Lauderdale,FL,EE. UU.
5517,Mary,Home Office,Bloomfield,NJ,EE. UU.
12464,Aspen,Home Office,Longview,WA,EE. UU.
13015,Victoria,Home Office,New Orleans,LA,EE. UU.
19889,Astra,Home Office,New Haven,CT,EE. UU.
19102,Venus,Home Office,Eugene,OR,EE. UU.
16474,Isabella,Home Office,Waukegan,IL,EE. UU.
19255,Jana,Home Office,Los Angeles,CA,EE. UU.
17955,Glenna,Home Office,Houston,TX,EE. UU.
15920,Amy,Home Office,Bay Shore,NY,EE. UU.
20397,Xerxes,Home Office,Carlsbad,CA,EE. UU.
18680,Moana,Home Office,Pompano Beach,FL,EE. UU.
17555,Xantha,Home Office,Chicago,IL,EE. UU.
20150,Wynter,Home Office,Paramount,CA,EE. UU.
15224,Jaden,Home Office,Las Vegas,NV,EE. UU.
19169,Farrah,Home Office,Antioch,CA,EE. UU.
19256,Hedy,Home Office,Hialeah,FL,EE. UU.
16576,Melodie,Home Office,Hamilton,OH,EE. UU.
15769,Jacqueline,Home Office,East Lansing,MI,EE. UU.
17720,Brianna,Home Office,Philadelphia,PA,EE. UU.
20748,Minerva,Home Office,Bronx,NY,EE. UU.
17265,Martha,Home Office,Albuquerque,NM,EE. UU.
20152,Constance,Home Office,Bend,OR,EE. UU.
19888,Ainsley,Home Office,New York,NY,EE. UU.
17179,Azalia,Home Office,Tucson,AZ,EE. UU.
519,Hannah,Home Office,Ogden,UT,EE. UU.
6821,Dennis,Home Office,Los Angeles,CA,EE. UU.
13102,Jordan,Home Office,Orange Park,FL,EE. UU.
14195,Emily,Home Office,Astoria,NY,EE. UU.
14567,Dana,Home Office,Annandale,VA,EE. UU.
13841,Autumn,Home Office,Strongsville,OH,EE. UU.
13934,Haley,Home Office,Houston,TX,EE. UU.
12624,Christen,Home Office,Los Angeles,CA,EE. UU.
16232,Jenette,Home Office,Pompano Beach,FL,EE. UU.
20508,Jillian,Home Office,Bronx,NY,EE. UU.
15422,Felicia,Home Office,Chicago,IL,EE. UU.
17596,Mira,Home Office,Merced,CA,EE. UU.
16538,Alfreda,Home Office,Marrero,LA,EE. UU.
16471,Ria,Home Office,Dallas,TX,EE. UU.
18805,Germaine,Home Office,Mentor,OH,EE. UU.
17524,Macy,Home Office,Reynoldsburg,OH,EE. UU.
20532,Dominique,Home Office,San Jose,CA,EE. UU.
20511,Martina,Home Office,Tempe,AZ,EE. UU.
1370,Frank,Home Office,Highland Park,MI,EE. UU.
17594,Signe,Home Office,Amarillo,TX,EE. UU.
17028,Gwendolyn,Home Office,Greeley,CO,EE. UU.
20335,Clare,Home Office,Broomfield,CO,EE. UU.
18861,Angelica,Home Office,Bakersfield,CA,EE. UU.
13870,Simone,Home Office,Loveland,OH,EE. UU.
13070,Megan,Home Office,Riverside,CA,EE. UU.
14366,Nell,Home Office,Saint Paul,MN,EE. UU.
13653,Nadine,Home Office,Chicago,IL,EE. UU.
12602,Simone,Home Office,Florissant,MO,EE. UU.
15120,Iola,Home Office,Fort Lauderdale,FL,EE. UU.
15028,Rhoda,Home Office,San Marcos,TX,EE. UU.
13271,Karyn,Home Office,Santee,CA,EE. UU.
14086,Nelle,Home Office,Princeton,NJ,EE. UU.
14005,Lani,Home Office,San Diego,CA,EE. UU.
13666,Danielle,Home Office,Ventura,CA,EE. UU.
12599,Ivy,Home Office,Rio Rancho,NM,EE. UU.
12473,Donna,Home Office,Norfolk,VA,EE. UU.
13535,Wynne,Home Office,Washington,DC,EE. UU.
13930,Deanna,Home Office,Bend,OR,EE. UU.
16130,Myra,Home Office,Dearborn,MI,EE. UU.
18186,Wynter,Home Office,Virginia Beach,VA,EE. UU.
16566,Camilla,Home Office,Williamsport,PA,EE. UU.
17397,Xerxes,Home Office,Columbus,OH,EE. UU.
17635,Hanae,Home Office,Livermore,CA,EE. UU.
15550,Gemma,Home Office,Billings,MT,EE. UU.
18656,Sybill,Home Office,Oceanside,CA,EE. UU.
18654,Shelley,Home Office,Lutz,FL,EE. UU.
16368,Denise,Home Office,Asheboro,NC,EE. UU.
19773,Germaine,Home Office,Columbus,OH,EE. UU.
18926,Irma,Home Office,Orlando,FL,EE. UU.
19034,Lani,Home Office,Pacoima,CA,EE. UU.
16184,Gillian,Home Office,Lake Forest,CA,EE. UU.
20139,Ariana,Home Office,Ogden,UT,EE. UU.
20373,Odessa,Home Office,Piscataway,NJ,EE. UU.
16585,Dakota,Home Office,Ithaca,NY,EE. UU.
19202,Claire,Home Office,Aurora,CO,EE. UU.
15773,Petra,Home Office,Baltimore,MD,EE. UU.
17934,Kaitlin,Home Office,Mesa,AZ,EE. UU.
15921,Libby,Home Office,San Bernardino,CA,EE. UU.
20735,Marah,Home Office,Phoenix,AZ,EE. UU.
18681,Shana,Home Office,San Antonio,TX,EE. UU.
19803,Irma,Home Office,Saint Paul,MN,EE. UU.
16341,Karina,Home Office,South San Francisco,CA,EE. UU.
19837,Quin,Home Office,Lancaster,CA,EE. UU.
16139,Nora,Home Office,Baldwin Park,CA,EE. UU.
5963,Johnny,Home Office,Elk Grove,CA,EE. UU.
12435,Laura,Home Office,Summerville,SC,EE. UU.
13151,Ivana,Home Office,Dubuque,IA,EE. UU.
13005,Ursula,Home Office,Meridian,ID,EE. UU.
13113,Carol,Home Office,Waukegan,IL,EE. UU.
13144,Velma,Home Office,Phoenix,AZ,EE. UU.
13392,Desiree,Home Office,Bronx,NY,EE. UU.
13281,Roanna,Home Office,Carlsbad,CA,EE. UU.
13227,Cynthia,Home Office,Canton,MI,EE. UU.
13223,Haviva,Home Office,Piscataway,NJ,EE. UU.
13006,Zenaida,Home Office,Buffalo,NY,EE. UU.
14204,Karina,Home Office,Las Vegas,NV,EE. UU.
13987,Imogene,Home Office,Newark,NJ,EE. UU.
12779,Bree,Home Office,San Antonio,TX,EE. UU.
13914,Leilani,Home Office,Rome,NY,EE. UU.
14733,Quon,Home Office,Long Beach,CA,EE. UU.
13695,Cora,Home Office,Everett,WA,EE. UU.
13694,Hanna,Home Office,Houston,TX,EE. UU.
13872,Alfreda,Home Office,Lewisville,TX,EE. UU.
14014,Mallory,Home Office,Fort Lauderdale,FL,EE. UU.
13978,Melinda,Home Office,New Orleans,LA,EE. UU.
13883,Rowan,Home Office,Newark,DE,EE. UU.
13882,Mari,Home Office,Memphis,TN,EE. UU.
14718,Anastasia,Home Office,West Covina,CA,EE. UU.
12712,Kirby,Home Office,West Covina,CA,EE. UU.
12477,Skyler,Home Office,Brooklyn,NY,EE. UU.
12675,Emerald,Home Office,Mcallen,TX,EE. UU.
14931,Tamara,Home Office,Webster,NY,EE. UU.
13166,Shaine,Home Office,Bronx,NY,EE. UU.
14148,Melanie,Home Office,Lansdale,PA,EE. UU.
13021,Christen,Home Office,New York,NY,EE. UU.
14360,Breanna,Home Office,Tucson,AZ,EE. UU.
14396,Fallon,Home Office,Newark,DE,EE. UU.
13051,Alexa,Home Office,El Paso,TX,EE. UU.
14638,Shaine,Home Office,Mesquite,TX,EE. UU.
14636,Sonia,Home Office,Fort Worth,TX,EE. UU.
14207,Octavia,Home Office,Bridgeton,NJ,EE. UU.
14597,Evelyn,Home Office,Bellflower,CA,EE. UU.
14259,Kimberly,Home Office,Jacksonville,FL,EE. UU.
13543,Hiroko,Home Office,Waipahu,HI,EE. UU.
12488,Xantha,Home Office,Chicago,IL,EE. UU.
12627,Ariel,Home Office,Portland,OR,EE. UU.
12728,Abra,Home Office,Columbus,OH,EE. UU.
12601,Venus,Home Office,Antioch,CA,EE. UU.
15121,Sybill,Home Office,La Crosse,WI,EE. UU.
15013,Jescie,Home Office,Katy,TX,EE. UU.
15077,Reagan,Home Office,Carrollton,TX,EE. UU.
14081,Ainsley,Home Office,New York,NY,EE. UU.
13771,Eliana,Home Office,Winter Park,FL,EE. UU.
11168,Cynthia,Home Office,Plainfield,NJ,EE. UU.
104,Debra,Home Office,Saint Paul,MN,EE. UU.
18183,Jenette,Home Office,Grand Prairie,TX,EE. UU.
19254,Cassandra,Home Office,Brooklyn,NY,EE. UU.
17473,Rosalyn,Home Office,Stone Mountain,GA,EE. UU.
15322,Roanna,Home Office,Yuma,AZ,EE. UU.
17766,Calista,Home Office,Mount Pleasant,MI,EE. UU.
18076,Melodie,Home Office,Hyattsville,MD,EE. UU.
18158,Ciara,Home Office,Edison,NJ,EE. UU.
16553,Rhoda,Home Office,Raleigh,NC,EE. UU.
18835,Stella,Home Office,Quincy,MA,EE. UU.
18778,Sophia,Home Office,Lake Forest,CA,EE. UU.
20421,Libby,Home Office,Ontario,CA,EE. UU.
20492,Hayfa,Home Office,El Paso,TX,EE. UU.
18377,Odette,Home Office,El Paso,TX,EE. UU.
15954,Tana,Home Office,Clovis,CA,EE. UU.
15637,Rina,Home Office,Forest Hills,NY,EE. UU.
15384,Dora,Home Office,Los Angeles,CA,EE. UU.
15308,Karly,Home Office,Bronx,NY,EE. UU.
16242,Melissa,Home Office,Upland,CA,EE. UU.
17101,Nayda,Home Office,Los Angeles,CA,EE. UU.
16240,Aphrodite,Home Office,Hagerstown,MD,EE. UU.
16239,Frances,Home Office,San Francisco,CA,EE. UU.
20293,Rae,Home Office,Brooklyn,NY,EE. UU.
16359,Jaden,Home Office,Albuquerque,NM,EE. UU.
16197,Olympia,Home Office,Hayward,CA,EE. UU.
19925,Medge,Home Office,Union City,NJ,EE. UU.
17142,Aileen,Home Office,Virginia Beach,VA,EE. UU.
17249,Olympia,Home Office,Gardena,CA,EE. UU.
19850,Paola,Home Office,Chicago,IL,EE. UU.
16135,Hanae,Home Office,La Habra,CA,EE. UU.
18613,Amity,Home Office,Goleta,CA,EE. UU.
18151,Fatima,Home Office,Los Angeles,CA,EE. UU.
18105,Aphrodite,Home Office,Algonquin,IL,EE. UU.
17902,Kerry,Home Office,Bronx,NY,EE. UU.
19249,Xaviera,Home Office,Hamilton,OH,EE. UU.
16519,Chanda,Home Office,Wyandotte,MI,EE. UU.
16532,Madeson,Home Office,Brooklyn,NY,EE. UU.
15845,Summer,Home Office,Philadelphia,PA,EE. UU.
15899,Hyacinth,Home Office,Greensboro,NC,EE. UU.
15842,Eliana,Home Office,El Paso,TX,EE. UU.
20428,Jael,Home Office,Aurora,CO,EE. UU.
15967,Illana,Home Office,Aurora,CO,EE. UU.
20659,Riley,Home Office,Waipahu,HI,EE. UU.
18380,Hedda,Home Office,Loveland,OH,EE. UU.
16005,Dahlia,Home Office,West Jordan,UT,EE. UU.
15482,Kai,Home Office,Hyattsville,MD,EE. UU.
15366,Carla,Home Office,Perth Amboy,NJ,EE. UU.
15383,Karleigh,Home Office,Hayward,CA,EE. UU.
17613,Demetria,Home Office,Mchenry,IL,EE. UU.
17552,Gemma,Home Office,York,PA,EE. UU.
17560,Dana,Home Office,Peabody,MA,EE. UU.
16241,Carissa,Home Office,Quincy,MA,EE. UU.
16133,Maite,Home Office,Ypsilanti,MI,EE. UU.
19846,Blythe,Home Office,Newark,DE,EE. UU.
16238,Cathleen,Home Office,Miami,FL,EE. UU.
16182,Cleo,Home Office,Kent,WA,EE. UU.
17867,Oprah,Home Office,Roswell,GA,EE. UU.
20235,Doris,Home Office,Harlingen,TX,EE. UU.
18922,Amelia,Home Office,Waukegan,IL,EE. UU.
19873,Ainsley,Home Office,Ann Arbor,MI,EE. UU.
15166,Eleanor,Home Office,Brooklyn,NY,EE. UU.
16156,Cally,Home Office,Los Angeles,CA,EE. UU.
19976,Kylie,Home Office,Carlisle,PA,EE. UU.
19975,Yoshi,Home Office,Huntington Beach,CA,EE. UU.
20262,Maya,Home Office,Seattle,WA,EE. UU.
18098,Iola,Home Office,Lansdale,PA,EE. UU.
20730,Kelsie,Home Office,Hialeah,FL,EE. UU.
20635,Hanae,Home Office,Dorchester Center,MA,EE. UU.
20670,Katell,Home Office,Paramount,CA,EE. UU.
17609,Velma,Home Office,Citrus Heights,CA,EE. UU.
17545,Mara,Home Office,Apopka,FL,EE. UU.
15156,Martha,Home Office,Ypsilanti,MI,EE. UU.
18587,Lee,Home Office,Las Vegas,NV,EE. UU.
18956,Hannah,Home Office,Fullerton,CA,EE. UU.
19848,Melyssa,Home Office,Detroit,MI,EE. UU.
12275,Mary,Home Office,Modesto,CA,EE. UU.
7154,Mary,Home Office,Chicago,IL,EE. UU.
3779,Emma,Home Office,Madera,CA,EE. UU.
13506,Ria,Consumer,Caguas,PR,Puerto Rico
14498,Brynn,Consumer,Caguas,PR,Puerto Rico
14160,Illana,Consumer,Caguas,PR,Puerto Rico
14268,Kiayada,Consumer,Caguas,PR,Puerto Rico
14840,Geraldine,Consumer,Caguas,PR,Puerto Rico
493,Joseph,Consumer,Caguas,PR,Puerto Rico
12460,Basia,Consumer,Caguas,PR,Puerto Rico
12459,Callie,Consumer,San Juan,PR,Puerto Rico
14941,Cheryl,Consumer,Caguas,PR,Puerto Rico
18149,Stella,Consumer,Caguas,PR,Puerto Rico
16439,Rowan,Consumer,Caguas,PR,Puerto Rico
16618,Nadine,Consumer,Caguas,PR,Puerto Rico
18812,Azalia,Consumer,Caguas,PR,Puerto Rico
16037,Xandra,Consumer,Caguas,PR,Puerto Rico
17639,Nora,Consumer,Caguas,PR,Puerto Rico
15336,Aretha,Consumer,Caguas,PR,Puerto Rico
15630,Jolene,Consumer,Caguas,PR,Puerto Rico
20061,Cynthia,Consumer,Caguas,PR,Puerto Rico
20347,Ifeoma,Consumer,Caguas,PR,Puerto Rico
18907,Quon,Consumer,Caguas,PR,Puerto Rico
17076,Pearl,Consumer,Caguas,PR,Puerto Rico
18995,Nomlanga,Consumer,Caguas,PR,Puerto Rico
17884,Cara,Consumer,Caguas,PR,Puerto Rico
17120,Sheila,Consumer,Caguas,PR,Puerto Rico
13502,Zenaida,Consumer,Caguas,PR,Puerto Rico
13061,Gwendolyn,Consumer,Caguas,PR,Puerto Rico
12720,Beverly,Consumer,Caguas,PR,Puerto Rico
16557,Gloria,Consumer,Caguas,PR,Puerto Rico
19273,Skyler,Consumer,Caguas,PR,Puerto Rico
18846,Samantha,Consumer,Caguas,PR,Puerto Rico
14647,Ainsley,Consumer,Caguas,PR,Puerto Rico
13340,Ignacia,Consumer,Caguas,PR,Puerto Rico
14641,Heidi,Consumer,Caguas,PR,Puerto Rico
13999,Hedy,Consumer,Caguas,PR,Puerto Rico
13889,Ori,Consumer,Caguas,PR,Puerto Rico
13853,Olympia,Consumer,Caguas,PR,Puerto Rico
18247,Cailin,Consumer,Caguas,PR,Puerto Rico
19196,Lenore,Consumer,Caguas,PR,Puerto Rico
19212,Jolie,Consumer,Caguas,PR,Puerto Rico
16547,Dora,Consumer,Caguas,PR,Puerto Rico
15908,Wanda,Consumer,Caguas,PR,Puerto Rico
18481,Shafira,Consumer,Caguas,PR,Puerto Rico
15949,Nichole,Consumer,Caguas,PR,Puerto Rico
18390,Idola,Consumer,Caguas,PR,Puerto Rico
20571,Ocean,Consumer,Caguas,PR,Puerto Rico
15929,Evelyn,Consumer,Caguas,PR,Puerto Rico
18513,Mara,Consumer,Caguas,PR,Puerto Rico
17377,Renee,Consumer,Caguas,PR,Puerto Rico
17427,Teagan,Consumer,Caguas,PR,Puerto Rico
15588,Ria,Consumer,Caguas,PR,Puerto Rico
18695,Cora,Consumer,Caguas,PR,Puerto Rico
15407,Leilani,Consumer,Caguas,PR,Puerto Rico
17599,Carol,Consumer,Caguas,PR,Puerto Rico
18981,Mona,Consumer,Caguas,PR,Puerto Rico
20185,Beverly,Consumer,Caguas,PR,Puerto Rico
17849,Charity,Consumer,Caguas,PR,Puerto Rico
19836,Felicia,Consumer,Caguas,PR,Puerto Rico
16279,Chava,Consumer,Caguas,PR,Puerto Rico
13004,Rhoda,Consumer,Caguas,PR,Puerto Rico
14346,Lara,Consumer,Caguas,PR,Puerto Rico
14238,Kaitlin,Consumer,Caguas,PR,Puerto Rico
14328,Tara,Consumer,Caguas,PR,Puerto Rico
14539,Dominique,Consumer,Caguas,PR,Puerto Rico
14464,Clementine,Consumer,Caguas,PR,Puerto Rico
13522,Mari,Consumer,Caguas,PR,Puerto Rico
13143,Macy,Consumer,Caguas,PR,Puerto Rico
14158,Sybill,Consumer,Caguas,PR,Puerto Rico
14390,Chloe,Consumer,Caguas,PR,Puerto Rico
14101,Nerea,Consumer,Caguas,PR,Puerto Rico
13513,Destiny,Consumer,Caguas,PR,Puerto Rico
13027,Hayfa,Consumer,Caguas,PR,Puerto Rico
14436,Evelyn,Consumer,Caguas,PR,Puerto Rico
13730,Daryl,Consumer,Caguas,PR,Puerto Rico
13637,Lacey,Consumer,Caguas,PR,Puerto Rico
13582,Dora,Consumer,Caguas,PR,Puerto Rico
14030,Freya,Consumer,Guaynabo,PR,Puerto Rico
14831,Ori,Consumer,Caguas,PR,Puerto Rico
14902,Remedios,Consumer,Caguas,PR,Puerto Rico
13809,Danielle,Consumer,Caguas,PR,Puerto Rico
12650,Phyllis,Consumer,Caguas,PR,Puerto Rico
12646,Christine,Consumer,Caguas,PR,Puerto Rico
12447,Ursa,Consumer,Caguas,PR,Puerto Rico
12497,Cally,Consumer,Caguas,PR,Puerto Rico
12568,Maxine,Consumer,Caguas,PR,Puerto Rico
12729,Margaret,Consumer,Caguas,PR,Puerto Rico
12691,Leigh,Consumer,Caguas,PR,Puerto Rico
12492,Neve,Consumer,Caguas,PR,Puerto Rico
12850,Alyssa,Consumer,Caguas,PR,Puerto Rico
12848,Hope,Consumer,Caguas,PR,Puerto Rico
14974,Isabella,Consumer,Caguas,PR,Puerto Rico
15008,Hiroko,Consumer,Caguas,PR,Puerto Rico
14971,Ria,Consumer,Caguas,PR,Puerto Rico
12870,Clare,Consumer,Caguas,PR,Puerto Rico
14982,Ayanna,Consumer,Caguas,PR,Puerto Rico
7909,Aaron,Consumer,Caguas,PR,Puerto Rico
1047,Carolyn,Consumer,Caguas,PR,Puerto Rico
18117,Chiquita,Consumer,Caguas,PR,Puerto Rico
18170,Kelsey,Consumer,Caguas,PR,Puerto Rico
18201,Demetria,Consumer,Caguas,PR,Puerto Rico
18141,Amanda,Consumer,Caguas,PR,Puerto Rico
18103,Christine,Consumer,Caguas,PR,Puerto Rico
19063,Eugenia,Consumer,Caguas,PR,Puerto Rico
19203,TaShya,Consumer,Caguas,PR,Puerto Rico
16417,Oprah,Consumer,Caguas,PR,Puerto Rico
19075,Zena,Consumer,Caguas,PR,Puerto Rico
15761,Kiayada,Consumer,Caguas,PR,Puerto Rico
15743,Hillary,Consumer,Caguas,PR,Puerto Rico
18759,Jaden,Consumer,Caguas,PR,Puerto Rico
15722,Hope,Consumer,Caguas,PR,Puerto Rico
18829,Angela,Consumer,Caguas,PR,Puerto Rico
17362,Beatrice,Consumer,Caguas,PR,Puerto Rico
17941,Cheryl,Consumer,Caguas,PR,Puerto Rico
17307,Cara,Consumer,Caguas,PR,Puerto Rico
20713,Ivory,Consumer,Caguas,PR,Puerto Rico
18333,Stella,Consumer,Caguas,PR,Puerto Rico
8329,Mary,Consumer,Caguas,PR,Puerto Rico
18405,Germane,Consumer,Caguas,PR,Puerto Rico
18440,Britanney,Consumer,Caguas,PR,Puerto Rico
17339,Lara,Consumer,Caguas,PR,Puerto Rico
18295,Sage,Consumer,Caguas,PR,Puerto Rico
17374,Cherokee,Consumer,Caguas,PR,Puerto Rico
18026,Piper,Consumer,Caguas,PR,Puerto Rico
16032,Dominique,Consumer,Caguas,PR,Puerto Rico
18472,Jena,Consumer,Caguas,PR,Puerto Rico
18024,Charde,Consumer,Caguas,PR,Puerto Rico
20398,Emma,Consumer,Caguas,PR,Puerto Rico
17278,Ina,Consumer,Caguas,PR,Puerto Rico
20647,Zenaida,Consumer,Caguas,PR,Puerto Rico
20431,Quail,Consumer,Caguas,PR,Puerto Rico
15934,Lucy,Consumer,Caguas,PR,Puerto Rico
15358,Kimberly,Consumer,Caguas,PR,Puerto Rico
15370,Rhonda,Consumer,Caguas,PR,Puerto Rico
9929,Charles,Consumer,Caguas,PR,Puerto Rico
15622,Kevyn,Consumer,Caguas,PR,Puerto Rico
18711,Zephr,Consumer,Caguas,PR,Puerto Rico
15296,Jane,Consumer,Caguas,PR,Puerto Rico
15559,Jenna,Consumer,Caguas,PR,Puerto Rico
15666,Claire,Consumer,Caguas,PR,Puerto Rico
15576,Pearl,Consumer,Caguas,PR,Puerto Rico
17557,Aubrey,Consumer,Caguas,PR,Puerto Rico
17584,Calista,Consumer,Caguas,PR,Puerto Rico
17565,Britanni,Consumer,Caguas,PR,Puerto Rico
19020,Signe,Consumer,Guayama,PR,Puerto Rico
18539,Dacey,Consumer,Caguas,PR,Puerto Rico
15159,Hanna,Consumer,Caguas,PR,Puerto Rico
15266,Raven,Consumer,Caguas,PR,Puerto Rico
20042,Meredith,Consumer,Caguas,PR,Puerto Rico
20077,Candice,Consumer,Caguas,PR,Puerto Rico
16145,Lynn,Consumer,Caguas,PR,Puerto Rico
20074,Ainsley,Consumer,Caguas,PR,Puerto Rico
20344,Sopoline,Consumer,Caguas,PR,Puerto Rico
17072,Jenna,Consumer,Caguas,PR,Puerto Rico
15149,Stella,Consumer,Caguas,PR,Puerto Rico
18617,Callie,Consumer,Caguas,PR,Puerto Rico
20085,Mikayla,Consumer,Caguas,PR,Puerto Rico
18543,Audra,Consumer,Caguas,PR,Puerto Rico
20228,Amanda,Consumer,Caguas,PR,Puerto Rico
8213,Betty,Consumer,Caguas,PR,Puerto Rico
3657,Mary,Consumer,Caguas,PR,Puerto Rico
13473,Rachel,Consumer,Caguas,PR,Puerto Rico
13201,Desiree,Consumer,Caguas,PR,Puerto Rico
13326,Zoe,Consumer,Caguas,PR,Puerto Rico
13342,Zia,Consumer,Caguas,PR,Puerto Rico
13465,Pascale,Consumer,Caguas,PR,Puerto Rico
13373,Faith,Consumer,Caguas,PR,Puerto Rico
14265,Felicia,Consumer,Caguas,PR,Puerto Rico
14491,Madonna,Consumer,Caguas,PR,Puerto Rico
13315,Eve,Consumer,Caguas,PR,Puerto Rico
13313,Hedwig,Consumer,Caguas,PR,Puerto Rico
14505,Tamara,Consumer,Caguas,PR,Puerto Rico
14887,Brianna,Consumer,Caguas,PR,Puerto Rico
14793,Belle,Consumer,Caguas,PR,Puerto Rico
13936,Aspen,Consumer,Caguas,PR,Puerto Rico
14810,Abra,Consumer,Caguas,PR,Puerto Rico
14042,Lydia,Consumer,Caguas,PR,Puerto Rico
12739,Gwendolyn,Consumer,Caguas,PR,Puerto Rico
12666,Abigail,Consumer,Caguas,PR,Puerto Rico
12683,Allegra,Consumer,Caguas,PR,Puerto Rico
12693,Karleigh,Consumer,Humacao,PR,Puerto Rico
12958,Ainsley,Consumer,Caguas,PR,Puerto Rico
12956,Libby,Consumer,Caguas,PR,Puerto Rico
12899,Medge,Consumer,Caguas,PR,Puerto Rico
15020,Ocean,Consumer,Caguas,PR,Puerto Rico
15018,Sara,Consumer,Caguas,PR,Puerto Rico
13212,Susan,Consumer,Caguas,PR,Puerto Rico
6647,Tyler,Consumer,Caguas,PR,Puerto Rico
14943,Rebecca,Consumer,Caguas,PR,Puerto Rico
7014,Mary,Consumer,Caguas,PR,Puerto Rico
18164,Victoria,Consumer,Caguas,PR,Puerto Rico
18180,Xandra,Consumer,Caguas,PR,Puerto Rico
19141,Mikayla,Consumer,Caguas,PR,Puerto Rico
16497,Naida,Consumer,Caguas,PR,Puerto Rico
19083,Risa,Consumer,Caguas,PR,Puerto Rico
19168,Laurel,Consumer,Caguas,PR,Puerto Rico
16509,Frances,Consumer,Caguas,PR,Puerto Rico
16507,Audra,Consumer,Caguas,PR,Puerto Rico
19110,Ainsley,Consumer,Caguas,PR,Puerto Rico
19216,Suki,Consumer,Caguas,PR,Puerto Rico
18755,Lani,Consumer,Caguas,PR,Puerto Rico
15734,Mary,Consumer,Caguas,PR,Puerto Rico
15912,Stacy,Consumer,Caguas,PR,Puerto Rico
18763,Hillary,Consumer,Caguas,PR,Puerto Rico
18757,Maris,Consumer,Caguas,PR,Puerto Rico
18444,Lillith,Consumer,Caguas,PR,Puerto Rico
18372,Quon,Consumer,Rio Grande,PR,Puerto Rico
17957,Amanda,Consumer,Caguas,PR,Puerto Rico
17268,Cora,Consumer,Caguas,PR,Puerto Rico
18311,Samantha,Consumer,Caguas,PR,Puerto Rico
20453,Orli,Consumer,Caguas,PR,Puerto Rico
20632,Francesca,Consumer,Caguas,PR,Puerto Rico
20596,Mira,Consumer,Caguas,PR,Puerto Rico
17384,Danielle,Consumer,Caguas,PR,Puerto Rico
17723,Ayanna,Consumer,Caguas,PR,Puerto Rico
17382,Beverly,Consumer,Caguas,PR,Puerto Rico
17436,Alma,Consumer,Caguas,PR,Puerto Rico
15305,Brynn,Consumer,Caguas,PR,Puerto Rico
18682,Carly,Consumer,Caguas,PR,Puerto Rico
18644,Donna,Consumer,Caguas,PR,Puerto Rico
15499,Sharon,Consumer,Caguas,PR,Puerto Rico
15404,Rachel,Consumer,Caguas,PR,Puerto Rico
15294,Angela,Consumer,Caguas,PR,Puerto Rico
18707,Sierra,Consumer,Caguas,PR,Puerto Rico
15578,Gretchen,Consumer,Caguas,PR,Puerto Rico
20189,Sage,Consumer,Caguas,PR,Puerto Rico
20080,Audrey,Consumer,Caguas,PR,Puerto Rico
17871,Lydia,Consumer,Caguas,PR,Puerto Rico
20006,Desiree,Consumer,Caguas,PR,Puerto Rico
16148,Tasha,Consumer,Caguas,PR,Puerto Rico
17041,Ainsley,Consumer,Caguas,PR,Puerto Rico
19031,Amena,Consumer,Caguas,PR,Puerto Rico
17885,Brees,Consumer,Carolina,PR,Puerto Rico
15185,Alika,Consumer,Caguas,PR,Puerto Rico
17178,Brianna,Consumer,Caguas,PR,Puerto Rico
19995,Amena,Consumer,Caguas,PR,Puerto Rico
20264,Pearl,Consumer,Vega Baja,PR,Puerto Rico
19166,Jolene,Consumer,Caguas,PR,Puerto Rico
18808,Hilary,Consumer,Caguas,PR,Puerto Rico
20684,Gillian,Consumer,Caguas,PR,Puerto Rico
17982,Ayanna,Consumer,Caguas,PR,Puerto Rico
15352,Tatiana,Consumer,Caguas,PR,Puerto Rico
16319,Isabella,Consumer,Caguas,PR,Puerto Rico
16335,Linda,Consumer,Caguas,PR,Puerto Rico
4525,Mary,Consumer,Caguas,PR,Puerto Rico
14537,Sydnee,Consumer,Caguas,PR,Puerto Rico
14615,Macy,Consumer,Caguas,PR,Puerto Rico
13660,Tara,Consumer,Caguas,PR,Puerto Rico
12786,Shelley,Consumer,Caguas,PR,Puerto Rico
13956,Lunea,Consumer,Caguas,PR,Puerto Rico
14808,Quin,Consumer,Caguas,PR,Puerto Rico
12718,Xyla,Consumer,Caguas,PR,Puerto Rico
12588,Galena,Consumer,Caguas,PR,Puerto Rico
12584,Nevada,Consumer,Caguas,PR,Puerto Rico
14999,Blair,Consumer,Caguas,PR,Puerto Rico
12604,Shay,Consumer,Caguas,PR,Puerto Rico
18263,Zelda,Consumer,Caguas,PR,Puerto Rico
19098,Hiroko,Consumer,Caguas,PR,Puerto Rico
19276,Amena,Consumer,Caguas,PR,Puerto Rico
15727,Brynne,Consumer,Caguas,PR,Puerto Rico
18847,Ariel,Consumer,Toa Alta,PR,Puerto Rico
18012,Camilla,Consumer,Caguas,PR,Puerto Rico
15943,Kimberley,Consumer,Caguas,PR,Puerto Rico
17657,Audrey,Consumer,Caguas,PR,Puerto Rico
17675,Aubrey,Consumer,Caguas,PR,Puerto Rico
17315,Alyssa,Consumer,Caguas,PR,Puerto Rico
15643,Katelyn,Consumer,Caguas,PR,Puerto Rico
17529,Lynn,Consumer,Caguas,PR,Puerto Rico
20094,Nerea,Consumer,Caguas,PR,Puerto Rico
19913,Sydnee,Consumer,Caguas,PR,Puerto Rico
20092,Ariel,Consumer,Caguas,PR,Puerto Rico
19890,Echo,Consumer,Caguas,PR,Puerto Rico
15271,Karyn,Consumer,Caguas,PR,Puerto Rico
20008,Jayme,Consumer,Caguas,PR,Puerto Rico
12466,Rhea,Home Office,Caguas,PR,Puerto Rico
14626,Farrah,Home Office,Caguas,PR,Puerto Rico
13071,Mara,Home Office,Caguas,PR,Puerto Rico
14586,Phoebe,Home Office,Caguas,PR,Puerto Rico
14656,Renee,Home Office,Caguas,PR,Puerto Rico
13078,Rachel,Home Office,Caguas,PR,Puerto Rico
13536,Lucy,Home Office,Caguas,PR,Puerto Rico
13871,Tallulah,Home Office,Caguas,PR,Puerto Rico
1642,Mary,Home Office,Caguas,PR,Puerto Rico
12724,Sage,Home Office,San Juan,PR,Puerto Rico
18218,Sage,Home Office,Caguas,PR,Puerto Rico
16495,Faith,Home Office,Caguas,PR,Puerto Rico
16132,Francesca,Home Office,Caguas,PR,Puerto Rico
17894,Kay,Home Office,Caguas,PR,Puerto Rico
19046,Kameko,Home Office,Caguas,PR,Puerto Rico
15875,Tamekah,Home Office,Caguas,PR,Puerto Rico
17288,Mercedes,Home Office,Caguas,PR,Puerto Rico
17465,Vivian,Home Office,Caguas,PR,Puerto Rico
18412,Ursa,Home Office,Caguas,PR,Puerto Rico
17206,Alexa,Home Office,Caguas,PR,Puerto Rico
18586,Diana,Home Office,Caguas,PR,Puerto Rico
16322,Anika,Home Office,Caguas,PR,Puerto Rico
18579,Yuri,Home Office,Caguas,PR,Puerto Rico
16244,Hyacinth,Home Office,Caguas,PR,Puerto Rico
2677,Mary,Home Office,Caguas,PR,Puerto Rico
